series,date,division,index
abs,2015-01-01,06,107.236
abs,2015-02-01,06,96.262
abs,2015-03-01,06,107.744
abs,2015-04-01,06,96.051
abs,2015-05-01,06,103.504
abs,2015-06-01,06,96.875
abs,2015-07-01,06,100.081
abs,2015-08-01,06,91.268
abs,2015-09-01,06,96.827
abs,2015-10-01,06,100.116
abs,2015-11-01,06,98.746
abs,2015-12-01,06,105.29
abs,2016-01-01,06,106.927
abs,2016-02-01,06,98.448
abs,2016-03-01,06,104.027
abs,2016-04-01,06,97.691
abs,2016-05-01,06,102.428
abs,2016-06-01,06,103.722
abs,2016-07-01,06,103.31
abs,2016-08-01,06,94.822
abs,2016-09-01,06,96.483
abs,2016-10-01,06,104.347
abs,2016-11-01,06,104.533
abs,2016-12-01,06,111.825
abs,2017-01-01,06,108.584
abs,2017-02-01,06,98.907
abs,2017-03-01,06,107.309
abs,2017-04-01,06,96.864
abs,2017-05-01,06,98.635
abs,2017-06-01,06,103.227
abs,2017-07-01,06,101.303
abs,2017-08-01,06,101.066
abs,2017-09-01,06,98.255
abs,2017-10-01,06,104.874
abs,2017-11-01,06,106.587
abs,2017-12-01,06,107.254
abs,2018-01-01,06,107.634
abs,2018-02-01,06,94.427
abs,2018-03-01,06,105.614
abs,2018-04-01,06,100.096
abs,2018-05-01,06,100.13
abs,2018-06-01,06,97.444
abs,2018-07-01,06,95.457
abs,2018-08-01,06,94.85
abs,2018-09-01,06,93.547
abs,2018-10-01,06,106.493
abs,2018-11-01,06,103.546
abs,2018-12-01,06,108.353
abs,2019-01-01,06,109.376
abs,2019-02-01,06,92.397
abs,2019-03-01,06,106.302
abs,2019-04-01,06,99.95
abs,2019-05-01,06,103.712
abs,2019-06-01,06,98.835
abs,2019-07-01,06,87.897
abs,2019-08-01,06,93.563
abs,2019-09-01,06,91.727
abs,2019-10-01,06,99.868
abs,2019-11-01,06,105.306
abs,2019-12-01,06,103.082
abs,2020-01-01,06,105.439
abs,2020-02-01,06,97.365
abs,2020-03-01,06,98.653
abs,2020-04-01,06,81.902
abs,2020-05-01,06,81.445
abs,2020-06-01,06,84.514
abs,2020-07-01,06,87.885
abs,2020-08-01,06,86.181
abs,2020-09-01,06,84.984
abs,2020-10-01,06,90.824
abs,2020-11-01,06,89.016
abs,2020-12-01,06,97.523
abs,2021-01-01,06,100.92
abs,2021-02-01,06,92.262
abs,2021-03-01,06,98.267
abs,2021-04-01,06,92.895
abs,2021-05-01,06,99.423
abs,2021-06-01,06,92.316
abs,2021-07-01,06,86.926
abs,2021-08-01,06,84.256
abs,2021-09-01,06,80.205
abs,2021-10-01,06,87.789
abs,2021-11-01,06,91.382
abs,2021-12-01,06,95.119
abs,2022-01-01,06,97.544
abs,2022-02-01,06,91.628
abs,2022-03-01,06,97.876
abs,2022-04-01,06,91.522
abs,2022-05-01,06,92.266
abs,2022-06-01,06,94.099
abs,2022-07-01,06,92.006
abs,2022-08-01,06,90.789
abs,2022-09-01,06,93.396
abs,2022-10-01,06,95.937
abs,2022-11-01,06,98.381
abs,2022-12-01,06,98.347
abs,2023-01-01,06,100.52
abs,2023-02-01,06,90.902
abs,2023-03-01,06,98.621
abs,2023-04-01,06,88.074
abs,2023-05-01,06,94.809
abs,2023-06-01,06,87.529
abs,2023-07-01,06,94.562
abs,2023-08-01,06,89.432
abs,2023-09-01,06,87.963
abs,2023-10-01,06,101.444
abs,2023-11-01,06,99.603
abs,2023-12-01,06,102.378
abs,2024-01-01,06,105.55
abs,2024-02-01,06,98.228
abs,2024-03-01,06,103.454
abs,2024-04-01,06,96.919
abs,2024-05-01,06,88.265
abs,2024-06-01,06,91.786
abs,2024-07-01,06,89.855
abs,2024-08-01,06,83.666
abs,2024-09-01,06,86.006
abs,2024-10-01,06,98.614
abs,2024-11-01,06,98.843
abs,2024-12-01,06,102.778
abs,2025-01-01,06,102.273
abs,2025-02-01,06,89.501
abs,2025-03-01,06,105.443
abs,2025-04-01,06,90.837
abs,2025-05-01,06,79.233
abs,2025-06-01,06,91.781
abs,2025-07-01,06,93.754
abs,2025-08-01,06,97.683
abs,2025-09-01,06,94.817
abs,2025-10-01,06,104.374
abs,2025-11-01,06,101.094
abs,2025-12-01,06,100.211
abs,2026-01-01,06,102.338
abs,2026-02-01,06,87.743
abs,2026-03-01,06,98.542
abs,2026-04-01,06,96.991
abs,2026-05-01,06,94.901
growth_yoy,2016-01-01,06,-0.288
growth_yoy,2016-02-01,06,2.271
growth_yoy,2016-03-01,06,-3.45
growth_yoy,2016-04-01,06,1.708
growth_yoy,2016-05-01,06,-1.039
growth_yoy,2016-06-01,06,7.068
growth_yoy,2016-07-01,06,3.227
growth_yoy,2016-08-01,06,3.893
growth_yoy,2016-09-01,06,-0.355
growth_yoy,2016-10-01,06,4.227
growth_yoy,2016-11-01,06,5.86
growth_yoy,2016-12-01,06,6.206
growth_yoy,2017-01-01,06,1.55
growth_yoy,2017-02-01,06,0.466
growth_yoy,2017-03-01,06,3.156
growth_yoy,2017-04-01,06,-0.847
growth_yoy,2017-05-01,06,-3.704
growth_yoy,2017-06-01,06,-0.477
growth_yoy,2017-07-01,06,-1.943
growth_yoy,2017-08-01,06,6.585
growth_yoy,2017-09-01,06,1.836
growth_yoy,2017-10-01,06,0.504
growth_yoy,2017-11-01,06,1.965
growth_yoy,2017-12-01,06,-4.088
growth_yoy,2018-01-01,06,-0.875
growth_yoy,2018-02-01,06,-4.529
growth_yoy,2018-03-01,06,-1.58
growth_yoy,2018-04-01,06,3.336
growth_yoy,2018-05-01,06,1.516
growth_yoy,2018-06-01,06,-5.603
growth_yoy,2018-07-01,06,-5.771
growth_yoy,2018-08-01,06,-6.15
growth_yoy,2018-09-01,06,-4.792
growth_yoy,2018-10-01,06,1.544
growth_yoy,2018-11-01,06,-2.853
growth_yoy,2018-12-01,06,1.025
growth_yoy,2019-01-01,06,1.619
growth_yoy,2019-02-01,06,-2.15
growth_yoy,2019-03-01,06,0.652
growth_yoy,2019-04-01,06,-0.146
growth_yoy,2019-05-01,06,3.577
growth_yoy,2019-06-01,06,1.428
growth_yoy,2019-07-01,06,-7.919
growth_yoy,2019-08-01,06,-1.357
growth_yoy,2019-09-01,06,-1.946
growth_yoy,2019-10-01,06,-6.221
growth_yoy,2019-11-01,06,1.7
growth_yoy,2019-12-01,06,-4.865
growth_yoy,2020-01-01,06,-3.6
growth_yoy,2020-02-01,06,5.376
growth_yoy,2020-03-01,06,-7.196
growth_yoy,2020-04-01,06,-18.057
growth_yoy,2020-05-01,06,-21.47
growth_yoy,2020-06-01,06,-14.49
growth_yoy,2020-07-01,06,-0.014
growth_yoy,2020-08-01,06,-7.89
growth_yoy,2020-09-01,06,-7.351
growth_yoy,2020-10-01,06,-9.056
growth_yoy,2020-11-01,06,-15.469
growth_yoy,2020-12-01,06,-5.392
growth_yoy,2021-01-01,06,-4.286
growth_yoy,2021-02-01,06,-5.24
growth_yoy,2021-03-01,06,-0.391
growth_yoy,2021-04-01,06,13.422
growth_yoy,2021-05-01,06,22.074
growth_yoy,2021-06-01,06,9.232
growth_yoy,2021-07-01,06,-1.091
growth_yoy,2021-08-01,06,-2.234
growth_yoy,2021-09-01,06,-5.624
growth_yoy,2021-10-01,06,-3.342
growth_yoy,2021-11-01,06,2.659
growth_yoy,2021-12-01,06,-2.466
growth_yoy,2022-01-01,06,-3.345
growth_yoy,2022-02-01,06,-0.688
growth_yoy,2022-03-01,06,-0.399
growth_yoy,2022-04-01,06,-1.479
growth_yoy,2022-05-01,06,-7.199
growth_yoy,2022-06-01,06,1.931
growth_yoy,2022-07-01,06,5.844
growth_yoy,2022-08-01,06,7.754
growth_yoy,2022-09-01,06,16.447
growth_yoy,2022-10-01,06,9.282
growth_yoy,2022-11-01,06,7.658
growth_yoy,2022-12-01,06,3.394
growth_yoy,2023-01-01,06,3.051
growth_yoy,2023-02-01,06,-0.792
growth_yoy,2023-03-01,06,0.761
growth_yoy,2023-04-01,06,-3.767
growth_yoy,2023-05-01,06,2.756
growth_yoy,2023-06-01,06,-6.982
growth_yoy,2023-07-01,06,2.777
growth_yoy,2023-08-01,06,-1.495
growth_yoy,2023-09-01,06,-5.817
growth_yoy,2023-10-01,06,5.74
growth_yoy,2023-11-01,06,1.242
growth_yoy,2023-12-01,06,4.099
growth_yoy,2024-01-01,06,5.004
growth_yoy,2024-02-01,06,8.059
growth_yoy,2024-03-01,06,4.901
growth_yoy,2024-04-01,06,10.043
growth_yoy,2024-05-01,06,-6.902
growth_yoy,2024-06-01,06,4.864
growth_yoy,2024-07-01,06,-4.978
growth_yoy,2024-08-01,06,-6.447
growth_yoy,2024-09-01,06,-2.225
growth_yoy,2024-10-01,06,-2.79
growth_yoy,2024-11-01,06,-0.763
growth_yoy,2024-12-01,06,0.39
growth_yoy,2025-01-01,06,-3.105
growth_yoy,2025-02-01,06,-8.884
growth_yoy,2025-03-01,06,1.923
growth_yoy,2025-04-01,06,-6.276
growth_yoy,2025-05-01,06,-10.232
growth_yoy,2025-06-01,06,-0.006
growth_yoy,2025-07-01,06,4.34
growth_yoy,2025-08-01,06,16.754
growth_yoy,2025-09-01,06,10.245
growth_yoy,2025-10-01,06,5.84
growth_yoy,2025-11-01,06,2.277
growth_yoy,2025-12-01,06,-2.497
growth_yoy,2026-01-01,06,0.063
growth_yoy,2026-02-01,06,-1.965
growth_yoy,2026-03-01,06,-6.545
growth_yoy,2026-04-01,06,6.775
growth_yoy,2026-05-01,06,19.774
growth_mom,2015-02-01,06,-10.233
growth_mom,2015-03-01,06,11.928
growth_mom,2015-04-01,06,-10.853
growth_mom,2015-05-01,06,7.76
growth_mom,2015-06-01,06,-6.404
growth_mom,2015-07-01,06,3.309
growth_mom,2015-08-01,06,-8.806
growth_mom,2015-09-01,06,6.091
growth_mom,2015-10-01,06,3.396
growth_mom,2015-11-01,06,-1.368
growth_mom,2015-12-01,06,6.627
growth_mom,2016-01-01,06,1.555
growth_mom,2016-02-01,06,-7.93
growth_mom,2016-03-01,06,5.667
growth_mom,2016-04-01,06,-6.09
growth_mom,2016-05-01,06,4.849
growth_mom,2016-06-01,06,1.263
growth_mom,2016-07-01,06,-0.397
growth_mom,2016-08-01,06,-8.217
growth_mom,2016-09-01,06,1.752
growth_mom,2016-10-01,06,8.151
growth_mom,2016-11-01,06,0.178
growth_mom,2016-12-01,06,6.976
growth_mom,2017-01-01,06,-2.898
growth_mom,2017-02-01,06,-8.912
growth_mom,2017-03-01,06,8.495
growth_mom,2017-04-01,06,-9.734
growth_mom,2017-05-01,06,1.827
growth_mom,2017-06-01,06,4.656
growth_mom,2017-07-01,06,-1.864
growth_mom,2017-08-01,06,-0.234
growth_mom,2017-09-01,06,-2.781
growth_mom,2017-10-01,06,6.736
growth_mom,2017-11-01,06,1.634
growth_mom,2017-12-01,06,0.626
growth_mom,2018-01-01,06,0.354
growth_mom,2018-02-01,06,-12.27
growth_mom,2018-03-01,06,11.847
growth_mom,2018-04-01,06,-5.224
growth_mom,2018-05-01,06,0.034
growth_mom,2018-06-01,06,-2.682
growth_mom,2018-07-01,06,-2.039
growth_mom,2018-08-01,06,-0.636
growth_mom,2018-09-01,06,-1.374
growth_mom,2018-10-01,06,13.839
growth_mom,2018-11-01,06,-2.767
growth_mom,2018-12-01,06,4.642
growth_mom,2019-01-01,06,0.944
growth_mom,2019-02-01,06,-15.524
growth_mom,2019-03-01,06,15.05
growth_mom,2019-04-01,06,-5.976
growth_mom,2019-05-01,06,3.764
growth_mom,2019-06-01,06,-4.702
growth_mom,2019-07-01,06,-11.067
growth_mom,2019-08-01,06,6.446
growth_mom,2019-09-01,06,-1.963
growth_mom,2019-10-01,06,8.875
growth_mom,2019-11-01,06,5.445
growth_mom,2019-12-01,06,-2.112
growth_mom,2020-01-01,06,2.287
growth_mom,2020-02-01,06,-7.658
growth_mom,2020-03-01,06,1.323
growth_mom,2020-04-01,06,-16.98
growth_mom,2020-05-01,06,-0.558
growth_mom,2020-06-01,06,3.768
growth_mom,2020-07-01,06,3.989
growth_mom,2020-08-01,06,-1.94
growth_mom,2020-09-01,06,-1.389
growth_mom,2020-10-01,06,6.872
growth_mom,2020-11-01,06,-1.991
growth_mom,2020-12-01,06,9.558
growth_mom,2021-01-01,06,3.483
growth_mom,2021-02-01,06,-8.579
growth_mom,2021-03-01,06,6.509
growth_mom,2021-04-01,06,-5.467
growth_mom,2021-05-01,06,7.027
growth_mom,2021-06-01,06,-7.148
growth_mom,2021-07-01,06,-5.839
growth_mom,2021-08-01,06,-3.072
growth_mom,2021-09-01,06,-4.808
growth_mom,2021-10-01,06,9.456
growth_mom,2021-11-01,06,4.093
growth_mom,2021-12-01,06,4.089
growth_mom,2022-01-01,06,2.55
growth_mom,2022-02-01,06,-6.065
growth_mom,2022-03-01,06,6.819
growth_mom,2022-04-01,06,-6.492
growth_mom,2022-05-01,06,0.814
growth_mom,2022-06-01,06,1.986
growth_mom,2022-07-01,06,-2.223
growth_mom,2022-08-01,06,-1.323
growth_mom,2022-09-01,06,2.872
growth_mom,2022-10-01,06,2.721
growth_mom,2022-11-01,06,2.547
growth_mom,2022-12-01,06,-0.034
growth_mom,2023-01-01,06,2.21
growth_mom,2023-02-01,06,-9.568
growth_mom,2023-03-01,06,8.491
growth_mom,2023-04-01,06,-10.694
growth_mom,2023-05-01,06,7.647
growth_mom,2023-06-01,06,-7.678
growth_mom,2023-07-01,06,8.035
growth_mom,2023-08-01,06,-5.425
growth_mom,2023-09-01,06,-1.642
growth_mom,2023-10-01,06,15.326
growth_mom,2023-11-01,06,-1.815
growth_mom,2023-12-01,06,2.787
growth_mom,2024-01-01,06,3.098
growth_mom,2024-02-01,06,-6.937
growth_mom,2024-03-01,06,5.32
growth_mom,2024-04-01,06,-6.317
growth_mom,2024-05-01,06,-8.929
growth_mom,2024-06-01,06,3.989
growth_mom,2024-07-01,06,-2.104
growth_mom,2024-08-01,06,-6.888
growth_mom,2024-09-01,06,2.797
growth_mom,2024-10-01,06,14.659
growth_mom,2024-11-01,06,0.232
growth_mom,2024-12-01,06,3.981
growth_mom,2025-01-01,06,-0.491
growth_mom,2025-02-01,06,-12.488
growth_mom,2025-03-01,06,17.812
growth_mom,2025-04-01,06,-13.852
growth_mom,2025-05-01,06,-12.774
growth_mom,2025-06-01,06,15.836
growth_mom,2025-07-01,06,2.15
growth_mom,2025-08-01,06,4.191
growth_mom,2025-09-01,06,-2.934
growth_mom,2025-10-01,06,10.079
growth_mom,2025-11-01,06,-3.142
growth_mom,2025-12-01,06,-0.873
growth_mom,2026-01-01,06,2.122
growth_mom,2026-02-01,06,-14.262
growth_mom,2026-03-01,06,12.308
growth_mom,2026-04-01,06,-1.574
growth_mom,2026-05-01,06,-2.156
abs,2015-01-01,10,89.547
abs,2015-02-01,10,79.713
abs,2015-03-01,10,92.052
abs,2015-04-01,10,102.346
abs,2015-05-01,10,102.766
abs,2015-06-01,10,105.411
abs,2015-07-01,10,98.55
abs,2015-08-01,10,112.413
abs,2015-09-01,10,108.204
abs,2015-10-01,10,109.949
abs,2015-11-01,10,101.944
abs,2015-12-01,10,97.104
abs,2016-01-01,10,91.413
abs,2016-02-01,10,83.92
abs,2016-03-01,10,101.026
abs,2016-04-01,10,93.772
abs,2016-05-01,10,96.781
abs,2016-06-01,10,95.904
abs,2016-07-01,10,102.399
abs,2016-08-01,10,109.974
abs,2016-09-01,10,106.334
abs,2016-10-01,10,113.357
abs,2016-11-01,10,114.529
abs,2016-12-01,10,106.948
abs,2017-01-01,10,99.374
abs,2017-02-01,10,97.742
abs,2017-03-01,10,104.141
abs,2017-04-01,10,109.607
abs,2017-05-01,10,109.698
abs,2017-06-01,10,102.874
abs,2017-07-01,10,125.934
abs,2017-08-01,10,120.771
abs,2017-09-01,10,116.552
abs,2017-10-01,10,121.24
abs,2017-11-01,10,122.754
abs,2017-12-01,10,126.648
abs,2018-01-01,10,117.897
abs,2018-02-01,10,99.98
abs,2018-03-01,10,111.358
abs,2018-04-01,10,114.591
abs,2018-05-01,10,113.415
abs,2018-06-01,10,106.508
abs,2018-07-01,10,121.23
abs,2018-08-01,10,123.162
abs,2018-09-01,10,125.138
abs,2018-10-01,10,124.38
abs,2018-11-01,10,120.335
abs,2018-12-01,10,124.424
abs,2019-01-01,10,120.734
abs,2019-02-01,10,106.613
abs,2019-03-01,10,119.168
abs,2019-04-01,10,119.294
abs,2019-05-01,10,118.547
abs,2019-06-01,10,110.624
abs,2019-07-01,10,121.7
abs,2019-08-01,10,125.517
abs,2019-09-01,10,126.884
abs,2019-10-01,10,125.315
abs,2019-11-01,10,122.566
abs,2019-12-01,10,124.266
abs,2020-01-01,10,113.053
abs,2020-02-01,10,111.261
abs,2020-03-01,10,107.467
abs,2020-04-01,10,119.754
abs,2020-05-01,10,126.398
abs,2020-06-01,10,130.096
abs,2020-07-01,10,131.721
abs,2020-08-01,10,133.558
abs,2020-09-01,10,134.028
abs,2020-10-01,10,120.856
abs,2020-11-01,10,111.151
abs,2020-12-01,10,112.839
abs,2021-01-01,10,112.884
abs,2021-02-01,10,101.501
abs,2021-03-01,10,114.676
abs,2021-04-01,10,122.418
abs,2021-05-01,10,118.396
abs,2021-06-01,10,127.877
abs,2021-07-01,10,125.49
abs,2021-08-01,10,131.497
abs,2021-09-01,10,140.564
abs,2021-10-01,10,131.702
abs,2021-11-01,10,126.142
abs,2021-12-01,10,124.864
abs,2022-01-01,10,120.763
abs,2022-02-01,10,107.777
abs,2022-03-01,10,119.283
abs,2022-04-01,10,126.322
abs,2022-05-01,10,123.372
abs,2022-06-01,10,127.995
abs,2022-07-01,10,131.954
abs,2022-08-01,10,141.459
abs,2022-09-01,10,145.724
abs,2022-10-01,10,136.48
abs,2022-11-01,10,132.379
abs,2022-12-01,10,130.837
abs,2023-01-01,10,125.52
abs,2023-02-01,10,120.951
abs,2023-03-01,10,127.865
abs,2023-04-01,10,119.374
abs,2023-05-01,10,136.02
abs,2023-06-01,10,130.784
abs,2023-07-01,10,136.63
abs,2023-08-01,10,146.93
abs,2023-09-01,10,153.18
abs,2023-10-01,10,145.311
abs,2023-11-01,10,145.087
abs,2023-12-01,10,138.213
abs,2024-01-01,10,131.03
abs,2024-02-01,10,116.495
abs,2024-03-01,10,124.291
abs,2024-04-01,10,124.765
abs,2024-05-01,10,142.147
abs,2024-06-01,10,139.188
abs,2024-07-01,10,150.992
abs,2024-08-01,10,163.215
abs,2024-09-01,10,158.296
abs,2024-10-01,10,156.826
abs,2024-11-01,10,152.026
abs,2024-12-01,10,148.25
abs,2025-01-01,10,141.043
abs,2025-02-01,10,130.032
abs,2025-03-01,10,135.184
abs,2025-04-01,10,141.189
abs,2025-05-01,10,159.704
abs,2025-06-01,10,153.435
abs,2025-07-01,10,163.236
abs,2025-08-01,10,167.652
abs,2025-09-01,10,171.615
abs,2025-10-01,10,173.34
abs,2025-11-01,10,164.214
abs,2025-12-01,10,166.157
abs,2026-01-01,10,159.409
abs,2026-02-01,10,137.218
abs,2026-03-01,10,148.039
abs,2026-04-01,10,153.643
abs,2026-05-01,10,165.937
growth_yoy,2016-01-01,10,2.083
growth_yoy,2016-02-01,10,5.278
growth_yoy,2016-03-01,10,9.748
growth_yoy,2016-04-01,10,-8.377
growth_yoy,2016-05-01,10,-5.824
growth_yoy,2016-06-01,10,-9.019
growth_yoy,2016-07-01,10,3.905
growth_yoy,2016-08-01,10,-2.17
growth_yoy,2016-09-01,10,-1.728
growth_yoy,2016-10-01,10,3.1
growth_yoy,2016-11-01,10,12.345
growth_yoy,2016-12-01,10,10.137
growth_yoy,2017-01-01,10,8.709
growth_yoy,2017-02-01,10,16.469
growth_yoy,2017-03-01,10,3.083
growth_yoy,2017-04-01,10,16.886
growth_yoy,2017-05-01,10,13.347
growth_yoy,2017-06-01,10,7.267
growth_yoy,2017-07-01,10,22.984
growth_yoy,2017-08-01,10,9.818
growth_yoy,2017-09-01,10,9.609
growth_yoy,2017-10-01,10,6.954
growth_yoy,2017-11-01,10,7.182
growth_yoy,2017-12-01,10,18.42
growth_yoy,2018-01-01,10,18.64
growth_yoy,2018-02-01,10,2.29
growth_yoy,2018-03-01,10,6.931
growth_yoy,2018-04-01,10,4.547
growth_yoy,2018-05-01,10,3.388
growth_yoy,2018-06-01,10,3.533
growth_yoy,2018-07-01,10,-3.735
growth_yoy,2018-08-01,10,1.979
growth_yoy,2018-09-01,10,7.366
growth_yoy,2018-10-01,10,2.589
growth_yoy,2018-11-01,10,-1.971
growth_yoy,2018-12-01,10,-1.756
growth_yoy,2019-01-01,10,2.406
growth_yoy,2019-02-01,10,6.634
growth_yoy,2019-03-01,10,7.013
growth_yoy,2019-04-01,10,4.104
growth_yoy,2019-05-01,10,4.525
growth_yoy,2019-06-01,10,3.864
growth_yoy,2019-07-01,10,0.388
growth_yoy,2019-08-01,10,1.912
growth_yoy,2019-09-01,10,1.396
growth_yoy,2019-10-01,10,0.752
growth_yoy,2019-11-01,10,1.854
growth_yoy,2019-12-01,10,-0.127
growth_yoy,2020-01-01,10,-6.362
growth_yoy,2020-02-01,10,4.361
growth_yoy,2020-03-01,10,-9.819
growth_yoy,2020-04-01,10,0.386
growth_yoy,2020-05-01,10,6.623
growth_yoy,2020-06-01,10,17.602
growth_yoy,2020-07-01,10,8.234
growth_yoy,2020-08-01,10,6.406
growth_yoy,2020-09-01,10,5.63
growth_yoy,2020-10-01,10,-3.558
growth_yoy,2020-11-01,10,-9.314
growth_yoy,2020-12-01,10,-9.195
growth_yoy,2021-01-01,10,-0.149
growth_yoy,2021-02-01,10,-8.772
growth_yoy,2021-03-01,10,6.708
growth_yoy,2021-04-01,10,2.224
growth_yoy,2021-05-01,10,-6.331
growth_yoy,2021-06-01,10,-1.706
growth_yoy,2021-07-01,10,-4.73
growth_yoy,2021-08-01,10,-1.543
growth_yoy,2021-09-01,10,4.877
growth_yoy,2021-10-01,10,8.974
growth_yoy,2021-11-01,10,13.487
growth_yoy,2021-12-01,10,10.657
growth_yoy,2022-01-01,10,6.979
growth_yoy,2022-02-01,10,6.183
growth_yoy,2022-03-01,10,4.017
growth_yoy,2022-04-01,10,3.189
growth_yoy,2022-05-01,10,4.203
growth_yoy,2022-06-01,10,0.093
growth_yoy,2022-07-01,10,5.151
growth_yoy,2022-08-01,10,7.576
growth_yoy,2022-09-01,10,3.671
growth_yoy,2022-10-01,10,3.628
growth_yoy,2022-11-01,10,4.945
growth_yoy,2022-12-01,10,4.783
growth_yoy,2023-01-01,10,3.939
growth_yoy,2023-02-01,10,12.223
growth_yoy,2023-03-01,10,7.195
growth_yoy,2023-04-01,10,-5.5
growth_yoy,2023-05-01,10,10.252
growth_yoy,2023-06-01,10,2.179
growth_yoy,2023-07-01,10,3.544
growth_yoy,2023-08-01,10,3.867
growth_yoy,2023-09-01,10,5.116
growth_yoy,2023-10-01,10,6.471
growth_yoy,2023-11-01,10,9.599
growth_yoy,2023-12-01,10,5.638
growth_yoy,2024-01-01,10,4.389
growth_yoy,2024-02-01,10,-3.684
growth_yoy,2024-03-01,10,-2.796
growth_yoy,2024-04-01,10,4.515
growth_yoy,2024-05-01,10,4.505
growth_yoy,2024-06-01,10,6.426
growth_yoy,2024-07-01,10,10.511
growth_yoy,2024-08-01,10,11.084
growth_yoy,2024-09-01,10,3.34
growth_yoy,2024-10-01,10,7.924
growth_yoy,2024-11-01,10,4.783
growth_yoy,2024-12-01,10,7.262
growth_yoy,2025-01-01,10,7.642
growth_yoy,2025-02-01,10,11.62
growth_yoy,2025-03-01,10,8.764
growth_yoy,2025-04-01,10,13.165
growth_yoy,2025-05-01,10,12.351
growth_yoy,2025-06-01,10,10.236
growth_yoy,2025-07-01,10,8.109
growth_yoy,2025-08-01,10,2.718
growth_yoy,2025-09-01,10,8.414
growth_yoy,2025-10-01,10,10.53
growth_yoy,2025-11-01,10,8.017
growth_yoy,2025-12-01,10,12.079
growth_yoy,2026-01-01,10,13.022
growth_yoy,2026-02-01,10,5.527
growth_yoy,2026-03-01,10,9.51
growth_yoy,2026-04-01,10,8.82
growth_yoy,2026-05-01,10,3.903
growth_mom,2015-02-01,10,-10.982
growth_mom,2015-03-01,10,15.48
growth_mom,2015-04-01,10,11.182
growth_mom,2015-05-01,10,0.411
growth_mom,2015-06-01,10,2.574
growth_mom,2015-07-01,10,-6.509
growth_mom,2015-08-01,10,14.067
growth_mom,2015-09-01,10,-3.744
growth_mom,2015-10-01,10,1.613
growth_mom,2015-11-01,10,-7.281
growth_mom,2015-12-01,10,-4.748
growth_mom,2016-01-01,10,-5.861
growth_mom,2016-02-01,10,-8.196
growth_mom,2016-03-01,10,20.383
growth_mom,2016-04-01,10,-7.18
growth_mom,2016-05-01,10,3.208
growth_mom,2016-06-01,10,-0.906
growth_mom,2016-07-01,10,6.772
growth_mom,2016-08-01,10,7.398
growth_mom,2016-09-01,10,-3.31
growth_mom,2016-10-01,10,6.605
growth_mom,2016-11-01,10,1.034
growth_mom,2016-12-01,10,-6.62
growth_mom,2017-01-01,10,-7.082
growth_mom,2017-02-01,10,-1.643
growth_mom,2017-03-01,10,6.547
growth_mom,2017-04-01,10,5.249
growth_mom,2017-05-01,10,0.083
growth_mom,2017-06-01,10,-6.221
growth_mom,2017-07-01,10,22.416
growth_mom,2017-08-01,10,-4.1
growth_mom,2017-09-01,10,-3.494
growth_mom,2017-10-01,10,4.022
growth_mom,2017-11-01,10,1.249
growth_mom,2017-12-01,10,3.172
growth_mom,2018-01-01,10,-6.909
growth_mom,2018-02-01,10,-15.197
growth_mom,2018-03-01,10,11.381
growth_mom,2018-04-01,10,2.903
growth_mom,2018-05-01,10,-1.027
growth_mom,2018-06-01,10,-6.089
growth_mom,2018-07-01,10,13.822
growth_mom,2018-08-01,10,1.593
growth_mom,2018-09-01,10,1.604
growth_mom,2018-10-01,10,-0.606
growth_mom,2018-11-01,10,-3.252
growth_mom,2018-12-01,10,3.398
growth_mom,2019-01-01,10,-2.965
growth_mom,2019-02-01,10,-11.696
growth_mom,2019-03-01,10,11.777
growth_mom,2019-04-01,10,0.105
growth_mom,2019-05-01,10,-0.626
growth_mom,2019-06-01,10,-6.683
growth_mom,2019-07-01,10,10.012
growth_mom,2019-08-01,10,3.137
growth_mom,2019-09-01,10,1.089
growth_mom,2019-10-01,10,-1.237
growth_mom,2019-11-01,10,-2.193
growth_mom,2019-12-01,10,1.386
growth_mom,2020-01-01,10,-9.023
growth_mom,2020-02-01,10,-1.585
growth_mom,2020-03-01,10,-3.41
growth_mom,2020-04-01,10,11.433
growth_mom,2020-05-01,10,5.549
growth_mom,2020-06-01,10,2.926
growth_mom,2020-07-01,10,1.249
growth_mom,2020-08-01,10,1.394
growth_mom,2020-09-01,10,0.352
growth_mom,2020-10-01,10,-9.827
growth_mom,2020-11-01,10,-8.031
growth_mom,2020-12-01,10,1.519
growth_mom,2021-01-01,10,0.04
growth_mom,2021-02-01,10,-10.084
growth_mom,2021-03-01,10,12.98
growth_mom,2021-04-01,10,6.751
growth_mom,2021-05-01,10,-3.285
growth_mom,2021-06-01,10,8.008
growth_mom,2021-07-01,10,-1.866
growth_mom,2021-08-01,10,4.787
growth_mom,2021-09-01,10,6.895
growth_mom,2021-10-01,10,-6.304
growth_mom,2021-11-01,10,-4.222
growth_mom,2021-12-01,10,-1.013
growth_mom,2022-01-01,10,-3.285
growth_mom,2022-02-01,10,-10.753
growth_mom,2022-03-01,10,10.676
growth_mom,2022-04-01,10,5.901
growth_mom,2022-05-01,10,-2.335
growth_mom,2022-06-01,10,3.748
growth_mom,2022-07-01,10,3.093
growth_mom,2022-08-01,10,7.203
growth_mom,2022-09-01,10,3.015
growth_mom,2022-10-01,10,-6.344
growth_mom,2022-11-01,10,-3.005
growth_mom,2022-12-01,10,-1.165
growth_mom,2023-01-01,10,-4.063
growth_mom,2023-02-01,10,-3.64
growth_mom,2023-03-01,10,5.717
growth_mom,2023-04-01,10,-6.641
growth_mom,2023-05-01,10,13.944
growth_mom,2023-06-01,10,-3.849
growth_mom,2023-07-01,10,4.47
growth_mom,2023-08-01,10,7.539
growth_mom,2023-09-01,10,4.254
growth_mom,2023-10-01,10,-5.137
growth_mom,2023-11-01,10,-0.155
growth_mom,2023-12-01,10,-4.738
growth_mom,2024-01-01,10,-5.197
growth_mom,2024-02-01,10,-11.093
growth_mom,2024-03-01,10,6.692
growth_mom,2024-04-01,10,0.381
growth_mom,2024-05-01,10,13.932
growth_mom,2024-06-01,10,-2.082
growth_mom,2024-07-01,10,8.48
growth_mom,2024-08-01,10,8.095
growth_mom,2024-09-01,10,-3.014
growth_mom,2024-10-01,10,-0.929
growth_mom,2024-11-01,10,-3.061
growth_mom,2024-12-01,10,-2.484
growth_mom,2025-01-01,10,-4.861
growth_mom,2025-02-01,10,-7.807
growth_mom,2025-03-01,10,3.962
growth_mom,2025-04-01,10,4.443
growth_mom,2025-05-01,10,13.113
growth_mom,2025-06-01,10,-3.925
growth_mom,2025-07-01,10,6.388
growth_mom,2025-08-01,10,2.705
growth_mom,2025-09-01,10,2.364
growth_mom,2025-10-01,10,1.005
growth_mom,2025-11-01,10,-5.265
growth_mom,2025-12-01,10,1.183
growth_mom,2026-01-01,10,-4.061
growth_mom,2026-02-01,10,-13.921
growth_mom,2026-03-01,10,7.886
growth_mom,2026-04-01,10,3.785
growth_mom,2026-05-01,10,8.002
abs,2015-01-01,11,96.593
abs,2015-02-01,11,79.891
abs,2015-03-01,11,92.564
abs,2015-04-01,11,98.172
abs,2015-05-01,11,100.548
abs,2015-06-01,11,104.822
abs,2015-07-01,11,102.203
abs,2015-08-01,11,97.629
abs,2015-09-01,11,100.758
abs,2015-10-01,11,106.207
abs,2015-11-01,11,107.998
abs,2015-12-01,11,112.614
abs,2016-01-01,11,109.776
abs,2016-02-01,11,87.404
abs,2016-03-01,11,94.655
abs,2016-04-01,11,102.085
abs,2016-05-01,11,110.062
abs,2016-06-01,11,118.283
abs,2016-07-01,11,111.125
abs,2016-08-01,11,110.0
abs,2016-09-01,11,114.451
abs,2016-10-01,11,119.5
abs,2016-11-01,11,118.692
abs,2016-12-01,11,123.314
abs,2017-01-01,11,115.58
abs,2017-02-01,11,102.355
abs,2017-03-01,11,112.349
abs,2017-04-01,11,111.834
abs,2017-05-01,11,123.028
abs,2017-06-01,11,127.426
abs,2017-07-01,11,120.653
abs,2017-08-01,11,122.276
abs,2017-09-01,11,120.999
abs,2017-10-01,11,127.449
abs,2017-11-01,11,126.359
abs,2017-12-01,11,129.082
abs,2018-01-01,11,119.058
abs,2018-02-01,11,104.277
abs,2018-03-01,11,114.985
abs,2018-04-01,11,120.485
abs,2018-05-01,11,127.967
abs,2018-06-01,11,132.612
abs,2018-07-01,11,125.199
abs,2018-08-01,11,126.472
abs,2018-09-01,11,126.166
abs,2018-10-01,11,128.795
abs,2018-11-01,11,127.568
abs,2018-12-01,11,130.768
abs,2019-01-01,11,121.821
abs,2019-02-01,11,107.152
abs,2019-03-01,11,116.113
abs,2019-04-01,11,124.074
abs,2019-05-01,11,132.424
abs,2019-06-01,11,136.656
abs,2019-07-01,11,128.615
abs,2019-08-01,11,134.067
abs,2019-09-01,11,126.624
abs,2019-10-01,11,128.922
abs,2019-11-01,11,133.965
abs,2019-12-01,11,135.608
abs,2020-01-01,11,123.08
abs,2020-02-01,11,112.595
abs,2020-03-01,11,106.774
abs,2020-04-01,11,66.712
abs,2020-05-01,11,78.854
abs,2020-06-01,11,97.508
abs,2020-07-01,11,110.947
abs,2020-08-01,11,120.126
abs,2020-09-01,11,119.532
abs,2020-10-01,11,119.582
abs,2020-11-01,11,118.237
abs,2020-12-01,11,130.619
abs,2021-01-01,11,120.128
abs,2021-02-01,11,111.908
abs,2021-03-01,11,116.736
abs,2021-04-01,11,136.063
abs,2021-05-01,11,117.92
abs,2021-06-01,11,82.992
abs,2021-07-01,11,87.995
abs,2021-08-01,11,119.987
abs,2021-09-01,11,127.112
abs,2021-10-01,11,137.123
abs,2021-11-01,11,132.938
abs,2021-12-01,11,142.393
abs,2022-01-01,11,129.359
abs,2022-02-01,11,120.975
abs,2022-03-01,11,124.995
abs,2022-04-01,11,150.621
abs,2022-05-01,11,129.584
abs,2022-06-01,11,132.749
abs,2022-07-01,11,132.765
abs,2022-08-01,11,137.849
abs,2022-09-01,11,142.121
abs,2022-10-01,11,138.657
abs,2022-11-01,11,140.116
abs,2022-12-01,11,143.442
abs,2023-01-01,11,127.233
abs,2023-02-01,11,118.172
abs,2023-03-01,11,124.157
abs,2023-04-01,11,142.38
abs,2023-05-01,11,143.938
abs,2023-06-01,11,134.9
abs,2023-07-01,11,135.297
abs,2023-08-01,11,138.19
abs,2023-09-01,11,142.969
abs,2023-10-01,11,145.619
abs,2023-11-01,11,146.222
abs,2023-12-01,11,152.996
abs,2024-01-01,11,136.389
abs,2024-02-01,11,122.639
abs,2024-03-01,11,131.898
abs,2024-04-01,11,150.314
abs,2024-05-01,11,150.685
abs,2024-06-01,11,145.551
abs,2024-07-01,11,144.411
abs,2024-08-01,11,148.412
abs,2024-09-01,11,153.07
abs,2024-10-01,11,152.598
abs,2024-11-01,11,160.523
abs,2024-12-01,11,171.025
abs,2025-01-01,11,143.182
abs,2025-02-01,11,130.202
abs,2025-03-01,11,140.153
abs,2025-04-01,11,159.41
abs,2025-05-01,11,161.471
abs,2025-06-01,11,160.682
abs,2025-07-01,11,160.86
abs,2025-08-01,11,167.839
abs,2025-09-01,11,175.056
abs,2025-10-01,11,176.811
abs,2025-11-01,11,177.026
abs,2025-12-01,11,184.863
abs,2026-01-01,11,159.569
abs,2026-02-01,11,144.678
abs,2026-03-01,11,152.93
abs,2026-04-01,11,179.12
abs,2026-05-01,11,170.164
growth_yoy,2016-01-01,11,13.647
growth_yoy,2016-02-01,11,9.405
growth_yoy,2016-03-01,11,2.26
growth_yoy,2016-04-01,11,3.985
growth_yoy,2016-05-01,11,9.463
growth_yoy,2016-06-01,11,12.841
growth_yoy,2016-07-01,11,8.73
growth_yoy,2016-08-01,11,12.671
growth_yoy,2016-09-01,11,13.59
growth_yoy,2016-10-01,11,12.516
growth_yoy,2016-11-01,11,9.902
growth_yoy,2016-12-01,11,9.501
growth_yoy,2017-01-01,11,5.287
growth_yoy,2017-02-01,11,17.105
growth_yoy,2017-03-01,11,18.692
growth_yoy,2017-04-01,11,9.55
growth_yoy,2017-05-01,11,11.78
growth_yoy,2017-06-01,11,7.73
growth_yoy,2017-07-01,11,8.574
growth_yoy,2017-08-01,11,11.16
growth_yoy,2017-09-01,11,5.722
growth_yoy,2017-10-01,11,6.652
growth_yoy,2017-11-01,11,6.46
growth_yoy,2017-12-01,11,4.678
growth_yoy,2018-01-01,11,3.009
growth_yoy,2018-02-01,11,1.878
growth_yoy,2018-03-01,11,2.347
growth_yoy,2018-04-01,11,7.735
growth_yoy,2018-05-01,11,4.014
growth_yoy,2018-06-01,11,4.07
growth_yoy,2018-07-01,11,3.768
growth_yoy,2018-08-01,11,3.431
growth_yoy,2018-09-01,11,4.27
growth_yoy,2018-10-01,11,1.056
growth_yoy,2018-11-01,11,0.956
growth_yoy,2018-12-01,11,1.306
growth_yoy,2019-01-01,11,2.321
growth_yoy,2019-02-01,11,2.757
growth_yoy,2019-03-01,11,0.981
growth_yoy,2019-04-01,11,2.979
growth_yoy,2019-05-01,11,3.483
growth_yoy,2019-06-01,11,3.05
growth_yoy,2019-07-01,11,2.729
growth_yoy,2019-08-01,11,6.005
growth_yoy,2019-09-01,11,0.363
growth_yoy,2019-10-01,11,0.099
growth_yoy,2019-11-01,11,5.015
growth_yoy,2019-12-01,11,3.701
growth_yoy,2020-01-01,11,1.033
growth_yoy,2020-02-01,11,5.08
growth_yoy,2020-03-01,11,-8.043
growth_yoy,2020-04-01,11,-46.232
growth_yoy,2020-05-01,11,-40.453
growth_yoy,2020-06-01,11,-28.648
growth_yoy,2020-07-01,11,-13.738
growth_yoy,2020-08-01,11,-10.398
growth_yoy,2020-09-01,11,-5.601
growth_yoy,2020-10-01,11,-7.245
growth_yoy,2020-11-01,11,-11.74
growth_yoy,2020-12-01,11,-3.679
growth_yoy,2021-01-01,11,-2.399
growth_yoy,2021-02-01,11,-0.61
growth_yoy,2021-03-01,11,9.33
growth_yoy,2021-04-01,11,103.956
growth_yoy,2021-05-01,11,49.542
growth_yoy,2021-06-01,11,-14.887
growth_yoy,2021-07-01,11,-20.687
growth_yoy,2021-08-01,11,-0.116
growth_yoy,2021-09-01,11,6.342
growth_yoy,2021-10-01,11,14.669
growth_yoy,2021-11-01,11,12.434
growth_yoy,2021-12-01,11,9.013
growth_yoy,2022-01-01,11,7.685
growth_yoy,2022-02-01,11,8.103
growth_yoy,2022-03-01,11,7.075
growth_yoy,2022-04-01,11,10.7
growth_yoy,2022-05-01,11,9.891
growth_yoy,2022-06-01,11,59.954
growth_yoy,2022-07-01,11,50.879
growth_yoy,2022-08-01,11,14.886
growth_yoy,2022-09-01,11,11.808
growth_yoy,2022-10-01,11,1.119
growth_yoy,2022-11-01,11,5.399
growth_yoy,2022-12-01,11,0.737
growth_yoy,2023-01-01,11,-1.643
growth_yoy,2023-02-01,11,-2.317
growth_yoy,2023-03-01,11,-0.671
growth_yoy,2023-04-01,11,-5.472
growth_yoy,2023-05-01,11,11.077
growth_yoy,2023-06-01,11,1.62
growth_yoy,2023-07-01,11,1.907
growth_yoy,2023-08-01,11,0.248
growth_yoy,2023-09-01,11,0.596
growth_yoy,2023-10-01,11,5.021
growth_yoy,2023-11-01,11,4.358
growth_yoy,2023-12-01,11,6.661
growth_yoy,2024-01-01,11,7.196
growth_yoy,2024-02-01,11,3.78
growth_yoy,2024-03-01,11,6.235
growth_yoy,2024-04-01,11,5.572
growth_yoy,2024-05-01,11,4.688
growth_yoy,2024-06-01,11,7.895
growth_yoy,2024-07-01,11,6.736
growth_yoy,2024-08-01,11,7.397
growth_yoy,2024-09-01,11,7.066
growth_yoy,2024-10-01,11,4.793
growth_yoy,2024-11-01,11,9.78
growth_yoy,2024-12-01,11,11.784
growth_yoy,2025-01-01,11,4.98
growth_yoy,2025-02-01,11,6.167
growth_yoy,2025-03-01,11,6.259
growth_yoy,2025-04-01,11,6.052
growth_yoy,2025-05-01,11,7.158
growth_yoy,2025-06-01,11,10.396
growth_yoy,2025-07-01,11,11.39
growth_yoy,2025-08-01,11,13.09
growth_yoy,2025-09-01,11,14.363
growth_yoy,2025-10-01,11,15.867
growth_yoy,2025-11-01,11,10.281
growth_yoy,2025-12-01,11,8.091
growth_yoy,2026-01-01,11,11.445
growth_yoy,2026-02-01,11,11.118
growth_yoy,2026-03-01,11,9.116
growth_yoy,2026-04-01,11,12.364
growth_yoy,2026-05-01,11,5.384
growth_mom,2015-02-01,11,-17.292
growth_mom,2015-03-01,11,15.863
growth_mom,2015-04-01,11,6.059
growth_mom,2015-05-01,11,2.42
growth_mom,2015-06-01,11,4.251
growth_mom,2015-07-01,11,-2.499
growth_mom,2015-08-01,11,-4.475
growth_mom,2015-09-01,11,3.205
growth_mom,2015-10-01,11,5.408
growth_mom,2015-11-01,11,1.686
growth_mom,2015-12-01,11,4.274
growth_mom,2016-01-01,11,-2.52
growth_mom,2016-02-01,11,-20.38
growth_mom,2016-03-01,11,8.297
growth_mom,2016-04-01,11,7.849
growth_mom,2016-05-01,11,7.815
growth_mom,2016-06-01,11,7.469
growth_mom,2016-07-01,11,-6.051
growth_mom,2016-08-01,11,-1.012
growth_mom,2016-09-01,11,4.046
growth_mom,2016-10-01,11,4.412
growth_mom,2016-11-01,11,-0.676
growth_mom,2016-12-01,11,3.894
growth_mom,2017-01-01,11,-6.272
growth_mom,2017-02-01,11,-11.442
growth_mom,2017-03-01,11,9.764
growth_mom,2017-04-01,11,-0.458
growth_mom,2017-05-01,11,10.009
growth_mom,2017-06-01,11,3.575
growth_mom,2017-07-01,11,-5.316
growth_mom,2017-08-01,11,1.346
growth_mom,2017-09-01,11,-1.045
growth_mom,2017-10-01,11,5.33
growth_mom,2017-11-01,11,-0.855
growth_mom,2017-12-01,11,2.155
growth_mom,2018-01-01,11,-7.766
growth_mom,2018-02-01,11,-12.415
growth_mom,2018-03-01,11,10.269
growth_mom,2018-04-01,11,4.783
growth_mom,2018-05-01,11,6.21
growth_mom,2018-06-01,11,3.63
growth_mom,2018-07-01,11,-5.59
growth_mom,2018-08-01,11,1.017
growth_mom,2018-09-01,11,-0.242
growth_mom,2018-10-01,11,2.084
growth_mom,2018-11-01,11,-0.953
growth_mom,2018-12-01,11,2.509
growth_mom,2019-01-01,11,-6.842
growth_mom,2019-02-01,11,-12.042
growth_mom,2019-03-01,11,8.363
growth_mom,2019-04-01,11,6.856
growth_mom,2019-05-01,11,6.73
growth_mom,2019-06-01,11,3.196
growth_mom,2019-07-01,11,-5.884
growth_mom,2019-08-01,11,4.238
growth_mom,2019-09-01,11,-5.552
growth_mom,2019-10-01,11,1.815
growth_mom,2019-11-01,11,3.912
growth_mom,2019-12-01,11,1.226
growth_mom,2020-01-01,11,-9.238
growth_mom,2020-02-01,11,-8.519
growth_mom,2020-03-01,11,-5.17
growth_mom,2020-04-01,11,-37.521
growth_mom,2020-05-01,11,18.201
growth_mom,2020-06-01,11,23.656
growth_mom,2020-07-01,11,13.782
growth_mom,2020-08-01,11,8.274
growth_mom,2020-09-01,11,-0.495
growth_mom,2020-10-01,11,0.042
growth_mom,2020-11-01,11,-1.124
growth_mom,2020-12-01,11,10.473
growth_mom,2021-01-01,11,-8.032
growth_mom,2021-02-01,11,-6.843
growth_mom,2021-03-01,11,4.314
growth_mom,2021-04-01,11,16.556
growth_mom,2021-05-01,11,-13.334
growth_mom,2021-06-01,11,-29.62
growth_mom,2021-07-01,11,6.028
growth_mom,2021-08-01,11,36.358
growth_mom,2021-09-01,11,5.938
growth_mom,2021-10-01,11,7.875
growth_mom,2021-11-01,11,-3.052
growth_mom,2021-12-01,11,7.112
growth_mom,2022-01-01,11,-9.153
growth_mom,2022-02-01,11,-6.481
growth_mom,2022-03-01,11,3.323
growth_mom,2022-04-01,11,20.502
growth_mom,2022-05-01,11,-13.967
growth_mom,2022-06-01,11,2.443
growth_mom,2022-07-01,11,0.012
growth_mom,2022-08-01,11,3.829
growth_mom,2022-09-01,11,3.099
growth_mom,2022-10-01,11,-2.437
growth_mom,2022-11-01,11,1.052
growth_mom,2022-12-01,11,2.374
growth_mom,2023-01-01,11,-11.3
growth_mom,2023-02-01,11,-7.122
growth_mom,2023-03-01,11,5.065
growth_mom,2023-04-01,11,14.677
growth_mom,2023-05-01,11,1.094
growth_mom,2023-06-01,11,-6.279
growth_mom,2023-07-01,11,0.294
growth_mom,2023-08-01,11,2.138
growth_mom,2023-09-01,11,3.458
growth_mom,2023-10-01,11,1.854
growth_mom,2023-11-01,11,0.414
growth_mom,2023-12-01,11,4.633
growth_mom,2024-01-01,11,-10.854
growth_mom,2024-02-01,11,-10.082
growth_mom,2024-03-01,11,7.55
growth_mom,2024-04-01,11,13.962
growth_mom,2024-05-01,11,0.247
growth_mom,2024-06-01,11,-3.408
growth_mom,2024-07-01,11,-0.783
growth_mom,2024-08-01,11,2.771
growth_mom,2024-09-01,11,3.138
growth_mom,2024-10-01,11,-0.308
growth_mom,2024-11-01,11,5.193
growth_mom,2024-12-01,11,6.543
growth_mom,2025-01-01,11,-16.28
growth_mom,2025-02-01,11,-9.066
growth_mom,2025-03-01,11,7.643
growth_mom,2025-04-01,11,13.74
growth_mom,2025-05-01,11,1.293
growth_mom,2025-06-01,11,-0.488
growth_mom,2025-07-01,11,0.11
growth_mom,2025-08-01,11,4.339
growth_mom,2025-09-01,11,4.3
growth_mom,2025-10-01,11,1.003
growth_mom,2025-11-01,11,0.121
growth_mom,2025-12-01,11,4.427
growth_mom,2026-01-01,11,-13.682
growth_mom,2026-02-01,11,-9.332
growth_mom,2026-03-01,11,5.704
growth_mom,2026-04-01,11,17.125
growth_mom,2026-05-01,11,-5.0
abs,2015-01-01,12,98.093
abs,2015-02-01,12,99.136
abs,2015-03-01,12,101.326
abs,2015-04-01,12,97.64
abs,2015-05-01,12,101.393
abs,2015-06-01,12,103.541
abs,2015-07-01,12,99.858
abs,2015-08-01,12,108.174
abs,2015-09-01,12,101.269
abs,2015-10-01,12,103.317
abs,2015-11-01,12,90.032
abs,2015-12-01,12,96.221
abs,2016-01-01,12,106.866
abs,2016-02-01,12,106.774
abs,2016-03-01,12,108.075
abs,2016-04-01,12,103.088
abs,2016-05-01,12,105.062
abs,2016-06-01,12,107.98
abs,2016-07-01,12,101.961
abs,2016-08-01,12,109.947
abs,2016-09-01,12,103.809
abs,2016-10-01,12,95.165
abs,2016-11-01,12,93.117
abs,2016-12-01,12,96.947
abs,2017-01-01,12,109.702
abs,2017-02-01,12,109.32
abs,2017-03-01,12,111.644
abs,2017-04-01,12,105.249
abs,2017-05-01,12,107.728
abs,2017-06-01,12,110.183
abs,2017-07-01,12,104.583
abs,2017-08-01,12,107.456
abs,2017-09-01,12,99.84
abs,2017-10-01,12,95.616
abs,2017-11-01,12,103.674
abs,2017-12-01,12,99.253
abs,2018-01-01,12,110.074
abs,2018-02-01,12,109.528
abs,2018-03-01,12,110.306
abs,2018-04-01,12,106.851
abs,2018-05-01,12,109.588
abs,2018-06-01,12,112.269
abs,2018-07-01,12,107.345
abs,2018-08-01,12,109.902
abs,2018-09-01,12,103.183
abs,2018-10-01,12,100.92
abs,2018-11-01,12,102.068
abs,2018-12-01,12,105.493
abs,2019-01-01,12,117.289
abs,2019-02-01,12,116.937
abs,2019-03-01,12,122.327
abs,2019-04-01,12,115.601
abs,2019-05-01,12,114.735
abs,2019-06-01,12,117.127
abs,2019-07-01,12,111.446
abs,2019-08-01,12,114.648
abs,2019-09-01,12,108.843
abs,2019-10-01,12,104.496
abs,2019-11-01,12,106.185
abs,2019-12-01,12,113.192
abs,2020-01-01,12,115.301
abs,2020-02-01,12,122.236
abs,2020-03-01,12,107.222
abs,2020-04-01,12,2.612
abs,2020-05-01,12,19.831
abs,2020-06-01,12,84.852
abs,2020-07-01,12,117.806
abs,2020-08-01,12,117.092
abs,2020-09-01,12,117.152
abs,2020-10-01,12,109.767
abs,2020-11-01,12,112.169
abs,2020-12-01,12,119.298
abs,2021-01-01,12,122.074
abs,2021-02-01,12,125.48
abs,2021-03-01,12,120.162
abs,2021-04-01,12,106.057
abs,2021-05-01,12,99.394
abs,2021-06-01,12,3.143
abs,2021-07-01,12,2.421
abs,2021-08-01,12,2.384
abs,2021-09-01,12,59.243
abs,2021-10-01,12,118.393
abs,2021-11-01,12,117.947
abs,2021-12-01,12,126.893
abs,2022-01-01,12,123.71
abs,2022-02-01,12,137.073
abs,2022-03-01,12,122.158
abs,2022-04-01,12,118.556
abs,2022-05-01,12,103.97
abs,2022-06-01,12,90.047
abs,2022-07-01,12,67.768
abs,2022-08-01,12,69.459
abs,2022-09-01,12,77.012
abs,2022-10-01,12,85.098
abs,2022-11-01,12,119.86
abs,2022-12-01,12,111.125
abs,2023-01-01,12,147.861
abs,2023-02-01,12,142.368
abs,2023-03-01,12,151.915
abs,2023-04-01,12,126.151
abs,2023-05-01,12,141.624
abs,2023-06-01,12,107.928
abs,2023-07-01,12,79.435
abs,2023-08-01,12,77.881
abs,2023-09-01,12,86.609
abs,2023-10-01,12,93.559
abs,2023-11-01,12,124.353
abs,2023-12-01,12,116.517
abs,2024-01-01,12,154.037
abs,2024-02-01,12,157.526
abs,2024-03-01,12,164.818
abs,2024-04-01,12,137.763
abs,2024-05-01,12,151.918
abs,2024-06-01,12,128.204
abs,2024-07-01,12,98.021
abs,2024-08-01,12,89.767
abs,2024-09-01,12,95.611
abs,2024-10-01,12,101.458
abs,2024-11-01,12,130.891
abs,2024-12-01,12,125.284
abs,2025-01-01,12,156.517
abs,2025-02-01,12,159.77
abs,2025-03-01,12,161.566
abs,2025-04-01,12,136.144
abs,2025-05-01,12,149.986
abs,2025-06-01,12,130.23
abs,2025-07-01,12,99.237
abs,2025-08-01,12,91.01
abs,2025-09-01,12,98.525
abs,2025-10-01,12,102.637
abs,2025-11-01,12,136.583
abs,2025-12-01,12,127.972
abs,2026-01-01,12,161.376
abs,2026-02-01,12,162.778
abs,2026-03-01,12,167.377
abs,2026-04-01,12,142.697
abs,2026-05-01,12,157.861
growth_yoy,2016-01-01,12,8.944
growth_yoy,2016-02-01,12,7.704
growth_yoy,2016-03-01,12,6.661
growth_yoy,2016-04-01,12,5.58
growth_yoy,2016-05-01,12,3.619
growth_yoy,2016-06-01,12,4.287
growth_yoy,2016-07-01,12,2.106
growth_yoy,2016-08-01,12,1.639
growth_yoy,2016-09-01,12,2.508
growth_yoy,2016-10-01,12,-7.89
growth_yoy,2016-11-01,12,3.426
growth_yoy,2016-12-01,12,0.754
growth_yoy,2017-01-01,12,2.654
growth_yoy,2017-02-01,12,2.384
growth_yoy,2017-03-01,12,3.302
growth_yoy,2017-04-01,12,2.096
growth_yoy,2017-05-01,12,2.538
growth_yoy,2017-06-01,12,2.04
growth_yoy,2017-07-01,12,2.572
growth_yoy,2017-08-01,12,-2.266
growth_yoy,2017-09-01,12,-3.823
growth_yoy,2017-10-01,12,0.474
growth_yoy,2017-11-01,12,11.337
growth_yoy,2017-12-01,12,2.379
growth_yoy,2018-01-01,12,0.34
growth_yoy,2018-02-01,12,0.19
growth_yoy,2018-03-01,12,-1.199
growth_yoy,2018-04-01,12,1.522
growth_yoy,2018-05-01,12,1.727
growth_yoy,2018-06-01,12,1.893
growth_yoy,2018-07-01,12,2.641
growth_yoy,2018-08-01,12,2.276
growth_yoy,2018-09-01,12,3.348
growth_yoy,2018-10-01,12,5.547
growth_yoy,2018-11-01,12,-1.549
growth_yoy,2018-12-01,12,6.287
growth_yoy,2019-01-01,12,6.554
growth_yoy,2019-02-01,12,6.765
growth_yoy,2019-03-01,12,10.898
growth_yoy,2019-04-01,12,8.189
growth_yoy,2019-05-01,12,4.696
growth_yoy,2019-06-01,12,4.327
growth_yoy,2019-07-01,12,3.821
growth_yoy,2019-08-01,12,4.319
growth_yoy,2019-09-01,12,5.485
growth_yoy,2019-10-01,12,3.543
growth_yoy,2019-11-01,12,4.033
growth_yoy,2019-12-01,12,7.298
growth_yoy,2020-01-01,12,-1.695
growth_yoy,2020-02-01,12,4.532
growth_yoy,2020-03-01,12,-12.348
growth_yoy,2020-04-01,12,-97.74
growth_yoy,2020-05-01,12,-82.716
growth_yoy,2020-06-01,12,-27.555
growth_yoy,2020-07-01,12,5.706
growth_yoy,2020-08-01,12,2.132
growth_yoy,2020-09-01,12,7.634
growth_yoy,2020-10-01,12,5.045
growth_yoy,2020-11-01,12,5.636
growth_yoy,2020-12-01,12,5.395
growth_yoy,2021-01-01,12,5.874
growth_yoy,2021-02-01,12,2.654
growth_yoy,2021-03-01,12,12.069
growth_yoy,2021-04-01,12,3960.1
growth_yoy,2021-05-01,12,401.2
growth_yoy,2021-06-01,12,-96.296
growth_yoy,2021-07-01,12,-97.945
growth_yoy,2021-08-01,12,-97.964
growth_yoy,2021-09-01,12,-49.43
growth_yoy,2021-10-01,12,7.858
growth_yoy,2021-11-01,12,5.151
growth_yoy,2021-12-01,12,6.367
growth_yoy,2022-01-01,12,1.34
growth_yoy,2022-02-01,12,9.239
growth_yoy,2022-03-01,12,1.661
growth_yoy,2022-04-01,12,11.785
growth_yoy,2022-05-01,12,4.603
growth_yoy,2022-06-01,12,2765.027
growth_yoy,2022-07-01,12,2699.182
growth_yoy,2022-08-01,12,2813.577
growth_yoy,2022-09-01,12,29.993
growth_yoy,2022-10-01,12,-28.122
growth_yoy,2022-11-01,12,1.622
growth_yoy,2022-12-01,12,-12.427
growth_yoy,2023-01-01,12,19.522
growth_yoy,2023-02-01,12,3.863
growth_yoy,2023-03-01,12,24.359
growth_yoy,2023-04-01,12,6.406
growth_yoy,2023-05-01,12,36.217
growth_yoy,2023-06-01,12,19.857
growth_yoy,2023-07-01,12,17.216
growth_yoy,2023-08-01,12,12.126
growth_yoy,2023-09-01,12,12.462
growth_yoy,2023-10-01,12,9.942
growth_yoy,2023-11-01,12,3.749
growth_yoy,2023-12-01,12,4.853
growth_yoy,2024-01-01,12,4.176
growth_yoy,2024-02-01,12,10.647
growth_yoy,2024-03-01,12,8.494
growth_yoy,2024-04-01,12,9.205
growth_yoy,2024-05-01,12,7.268
growth_yoy,2024-06-01,12,18.786
growth_yoy,2024-07-01,12,23.397
growth_yoy,2024-08-01,12,15.262
growth_yoy,2024-09-01,12,10.394
growth_yoy,2024-10-01,12,8.442
growth_yoy,2024-11-01,12,5.258
growth_yoy,2024-12-01,12,7.523
growth_yoy,2025-01-01,12,1.61
growth_yoy,2025-02-01,12,1.425
growth_yoy,2025-03-01,12,-1.973
growth_yoy,2025-04-01,12,-1.175
growth_yoy,2025-05-01,12,-1.272
growth_yoy,2025-06-01,12,1.581
growth_yoy,2025-07-01,12,1.241
growth_yoy,2025-08-01,12,1.384
growth_yoy,2025-09-01,12,3.048
growth_yoy,2025-10-01,12,1.162
growth_yoy,2025-11-01,12,4.349
growth_yoy,2025-12-01,12,2.146
growth_yoy,2026-01-01,12,3.105
growth_yoy,2026-02-01,12,1.883
growth_yoy,2026-03-01,12,3.596
growth_yoy,2026-04-01,12,4.813
growth_yoy,2026-05-01,12,5.25
growth_mom,2015-02-01,12,1.064
growth_mom,2015-03-01,12,2.208
growth_mom,2015-04-01,12,-3.638
growth_mom,2015-05-01,12,3.844
growth_mom,2015-06-01,12,2.119
growth_mom,2015-07-01,12,-3.557
growth_mom,2015-08-01,12,8.327
growth_mom,2015-09-01,12,-6.383
growth_mom,2015-10-01,12,2.022
growth_mom,2015-11-01,12,-12.858
growth_mom,2015-12-01,12,6.874
growth_mom,2016-01-01,12,11.063
growth_mom,2016-02-01,12,-0.086
growth_mom,2016-03-01,12,1.218
growth_mom,2016-04-01,12,-4.614
growth_mom,2016-05-01,12,1.915
growth_mom,2016-06-01,12,2.777
growth_mom,2016-07-01,12,-5.574
growth_mom,2016-08-01,12,7.832
growth_mom,2016-09-01,12,-5.583
growth_mom,2016-10-01,12,-8.327
growth_mom,2016-11-01,12,-2.152
growth_mom,2016-12-01,12,4.113
growth_mom,2017-01-01,12,13.157
growth_mom,2017-02-01,12,-0.348
growth_mom,2017-03-01,12,2.126
growth_mom,2017-04-01,12,-5.728
growth_mom,2017-05-01,12,2.355
growth_mom,2017-06-01,12,2.279
growth_mom,2017-07-01,12,-5.082
growth_mom,2017-08-01,12,2.747
growth_mom,2017-09-01,12,-7.088
growth_mom,2017-10-01,12,-4.23
growth_mom,2017-11-01,12,8.427
growth_mom,2017-12-01,12,-4.264
growth_mom,2018-01-01,12,10.903
growth_mom,2018-02-01,12,-0.497
growth_mom,2018-03-01,12,0.71
growth_mom,2018-04-01,12,-3.132
growth_mom,2018-05-01,12,2.562
growth_mom,2018-06-01,12,2.446
growth_mom,2018-07-01,12,-4.386
growth_mom,2018-08-01,12,2.382
growth_mom,2018-09-01,12,-6.113
growth_mom,2018-10-01,12,-2.193
growth_mom,2018-11-01,12,1.137
growth_mom,2018-12-01,12,3.356
growth_mom,2019-01-01,12,11.182
growth_mom,2019-02-01,12,-0.3
growth_mom,2019-03-01,12,4.61
growth_mom,2019-04-01,12,-5.499
growth_mom,2019-05-01,12,-0.749
growth_mom,2019-06-01,12,2.085
growth_mom,2019-07-01,12,-4.85
growth_mom,2019-08-01,12,2.873
growth_mom,2019-09-01,12,-5.063
growth_mom,2019-10-01,12,-3.994
growth_mom,2019-11-01,12,1.616
growth_mom,2019-12-01,12,6.599
growth_mom,2020-01-01,12,1.864
growth_mom,2020-02-01,12,6.015
growth_mom,2020-03-01,12,-12.283
growth_mom,2020-04-01,12,-97.564
growth_mom,2020-05-01,12,659.183
growth_mom,2020-06-01,12,327.872
growth_mom,2020-07-01,12,38.836
growth_mom,2020-08-01,12,-0.606
growth_mom,2020-09-01,12,0.051
growth_mom,2020-10-01,12,-6.304
growth_mom,2020-11-01,12,2.188
growth_mom,2020-12-01,12,6.355
growth_mom,2021-01-01,12,2.327
growth_mom,2021-02-01,12,2.791
growth_mom,2021-03-01,12,-4.238
growth_mom,2021-04-01,12,-11.738
growth_mom,2021-05-01,12,-6.282
growth_mom,2021-06-01,12,-96.838
growth_mom,2021-07-01,12,-22.971
growth_mom,2021-08-01,12,-1.529
growth_mom,2021-09-01,12,2385.057
growth_mom,2021-10-01,12,99.842
growth_mom,2021-11-01,12,-0.377
growth_mom,2021-12-01,12,7.585
growth_mom,2022-01-01,12,-2.508
growth_mom,2022-02-01,12,10.802
growth_mom,2022-03-01,12,-10.881
growth_mom,2022-04-01,12,-2.949
growth_mom,2022-05-01,12,-12.304
growth_mom,2022-06-01,12,-13.391
growth_mom,2022-07-01,12,-24.741
growth_mom,2022-08-01,12,2.495
growth_mom,2022-09-01,12,10.874
growth_mom,2022-10-01,12,10.5
growth_mom,2022-11-01,12,40.849
growth_mom,2022-12-01,12,-7.288
growth_mom,2023-01-01,12,33.059
growth_mom,2023-02-01,12,-3.715
growth_mom,2023-03-01,12,6.706
growth_mom,2023-04-01,12,-16.96
growth_mom,2023-05-01,12,12.265
growth_mom,2023-06-01,12,-23.793
growth_mom,2023-07-01,12,-26.4
growth_mom,2023-08-01,12,-1.956
growth_mom,2023-09-01,12,11.206
growth_mom,2023-10-01,12,8.025
growth_mom,2023-11-01,12,32.914
growth_mom,2023-12-01,12,-6.301
growth_mom,2024-01-01,12,32.2
growth_mom,2024-02-01,12,2.265
growth_mom,2024-03-01,12,4.63
growth_mom,2024-04-01,12,-16.415
growth_mom,2024-05-01,12,10.275
growth_mom,2024-06-01,12,-15.61
growth_mom,2024-07-01,12,-23.543
growth_mom,2024-08-01,12,-8.42
growth_mom,2024-09-01,12,6.51
growth_mom,2024-10-01,12,6.115
growth_mom,2024-11-01,12,29.01
growth_mom,2024-12-01,12,-4.284
growth_mom,2025-01-01,12,24.93
growth_mom,2025-02-01,12,2.078
growth_mom,2025-03-01,12,1.124
growth_mom,2025-04-01,12,-15.735
growth_mom,2025-05-01,12,10.167
growth_mom,2025-06-01,12,-13.172
growth_mom,2025-07-01,12,-23.798
growth_mom,2025-08-01,12,-8.291
growth_mom,2025-09-01,12,8.258
growth_mom,2025-10-01,12,4.173
growth_mom,2025-11-01,12,33.074
growth_mom,2025-12-01,12,-6.305
growth_mom,2026-01-01,12,26.103
growth_mom,2026-02-01,12,0.869
growth_mom,2026-03-01,12,2.825
growth_mom,2026-04-01,12,-14.745
growth_mom,2026-05-01,12,10.627
abs,2015-01-01,13,91.549
abs,2015-02-01,13,94.997
abs,2015-03-01,13,100.742
abs,2015-04-01,13,102.034
abs,2015-05-01,13,103.769
abs,2015-06-01,13,98.401
abs,2015-07-01,13,101.021
abs,2015-08-01,13,97.575
abs,2015-09-01,13,104.166
abs,2015-10-01,13,100.628
abs,2015-11-01,13,110.012
abs,2015-12-01,13,95.105
abs,2016-01-01,13,95.488
abs,2016-02-01,13,99.199
abs,2016-03-01,13,104.378
abs,2016-04-01,13,105.111
abs,2016-05-01,13,107.007
abs,2016-06-01,13,105.708
abs,2016-07-01,13,104.474
abs,2016-08-01,13,103.049
abs,2016-09-01,13,109.975
abs,2016-10-01,13,106.697
abs,2016-11-01,13,116.973
abs,2016-12-01,13,99.388
abs,2017-01-01,13,99.701
abs,2017-02-01,13,104.988
abs,2017-03-01,13,108.42
abs,2017-04-01,13,108.711
abs,2017-05-01,13,112.912
abs,2017-06-01,13,110.27
abs,2017-07-01,13,109.43
abs,2017-08-01,13,108.103
abs,2017-09-01,13,114.841
abs,2017-10-01,13,111.825
abs,2017-11-01,13,120.942
abs,2017-12-01,13,102.201
abs,2018-01-01,13,107.378
abs,2018-02-01,13,109.981
abs,2018-03-01,13,111.221
abs,2018-04-01,13,111.085
abs,2018-05-01,13,114.817
abs,2018-06-01,13,114.416
abs,2018-07-01,13,111.467
abs,2018-08-01,13,110.37
abs,2018-09-01,13,117.529
abs,2018-10-01,13,113.945
abs,2018-11-01,13,123.753
abs,2018-12-01,13,104.46
abs,2019-01-01,13,111.56
abs,2019-02-01,13,113.258
abs,2019-03-01,13,115.403
abs,2019-04-01,13,118.422
abs,2019-05-01,13,121.586
abs,2019-06-01,13,120.412
abs,2019-07-01,13,118.035
abs,2019-08-01,13,115.784
abs,2019-09-01,13,120.815
abs,2019-10-01,13,116.596
abs,2019-11-01,13,128.645
abs,2019-12-01,13,109.197
abs,2020-01-01,13,114.914
abs,2020-02-01,13,120.385
abs,2020-03-01,13,112.646
abs,2020-04-01,13,41.848
abs,2020-05-01,13,72.593
abs,2020-06-01,13,101.111
abs,2020-07-01,13,97.722
abs,2020-08-01,13,102.818
abs,2020-09-01,13,112.857
abs,2020-10-01,13,111.857
abs,2020-11-01,13,123.764
abs,2020-12-01,13,111.067
abs,2021-01-01,13,115.155
abs,2021-02-01,13,119.986
abs,2021-03-01,13,129.13
abs,2021-04-01,13,102.124
abs,2021-05-01,13,102.452
abs,2021-06-01,13,111.892
abs,2021-07-01,13,100.208
abs,2021-08-01,13,103.975
abs,2021-09-01,13,123.967
abs,2021-10-01,13,120.465
abs,2021-11-01,13,137.461
abs,2021-12-01,13,119.846
abs,2022-01-01,13,124.796
abs,2022-02-01,13,127.691
abs,2022-03-01,13,135.868
abs,2022-04-01,13,106.283
abs,2022-05-01,13,106.084
abs,2022-06-01,13,116.044
abs,2022-07-01,13,110.907
abs,2022-08-01,13,114.012
abs,2022-09-01,13,130.809
abs,2022-10-01,13,121.983
abs,2022-11-01,13,132.586
abs,2022-12-01,13,118.755
abs,2023-01-01,13,118.963
abs,2023-02-01,13,123.457
abs,2023-03-01,13,132.46
abs,2023-04-01,13,102.944
abs,2023-05-01,13,104.997
abs,2023-06-01,13,109.111
abs,2023-07-01,13,103.918
abs,2023-08-01,13,108.218
abs,2023-09-01,13,121.897
abs,2023-10-01,13,114.774
abs,2023-11-01,13,126.239
abs,2023-12-01,13,111.499
abs,2024-01-01,13,119.635
abs,2024-02-01,13,123.562
abs,2024-03-01,13,134.29
abs,2024-04-01,13,107.875
abs,2024-05-01,13,113.35
abs,2024-06-01,13,116.28
abs,2024-07-01,13,111.748
abs,2024-08-01,13,114.376
abs,2024-09-01,13,119.048
abs,2024-10-01,13,114.509
abs,2024-11-01,13,126.988
abs,2024-12-01,13,113.855
abs,2025-01-01,13,115.601
abs,2025-02-01,13,119.284
abs,2025-03-01,13,130.166
abs,2025-04-01,13,105.219
abs,2025-05-01,13,109.468
abs,2025-06-01,13,111.329
abs,2025-07-01,13,108.753
abs,2025-08-01,13,109.27
abs,2025-09-01,13,117.5
abs,2025-10-01,13,113.675
abs,2025-11-01,13,123.097
abs,2025-12-01,13,112.062
abs,2026-01-01,13,117.847
abs,2026-02-01,13,113.202
abs,2026-03-01,13,127.105
abs,2026-04-01,13,106.499
abs,2026-05-01,13,107.22
growth_yoy,2016-01-01,13,4.303
growth_yoy,2016-02-01,13,4.423
growth_yoy,2016-03-01,13,3.609
growth_yoy,2016-04-01,13,3.016
growth_yoy,2016-05-01,13,3.12
growth_yoy,2016-06-01,13,7.426
growth_yoy,2016-07-01,13,3.418
growth_yoy,2016-08-01,13,5.61
growth_yoy,2016-09-01,13,5.577
growth_yoy,2016-10-01,13,6.032
growth_yoy,2016-11-01,13,6.327
growth_yoy,2016-12-01,13,4.503
growth_yoy,2017-01-01,13,4.412
growth_yoy,2017-02-01,13,5.836
growth_yoy,2017-03-01,13,3.872
growth_yoy,2017-04-01,13,3.425
growth_yoy,2017-05-01,13,5.518
growth_yoy,2017-06-01,13,4.315
growth_yoy,2017-07-01,13,4.743
growth_yoy,2017-08-01,13,4.904
growth_yoy,2017-09-01,13,4.424
growth_yoy,2017-10-01,13,4.806
growth_yoy,2017-11-01,13,3.393
growth_yoy,2017-12-01,13,2.83
growth_yoy,2018-01-01,13,7.7
growth_yoy,2018-02-01,13,4.755
growth_yoy,2018-03-01,13,2.583
growth_yoy,2018-04-01,13,2.184
growth_yoy,2018-05-01,13,1.687
growth_yoy,2018-06-01,13,3.76
growth_yoy,2018-07-01,13,1.861
growth_yoy,2018-08-01,13,2.098
growth_yoy,2018-09-01,13,2.341
growth_yoy,2018-10-01,13,1.896
growth_yoy,2018-11-01,13,2.325
growth_yoy,2018-12-01,13,2.21
growth_yoy,2019-01-01,13,3.894
growth_yoy,2019-02-01,13,2.98
growth_yoy,2019-03-01,13,3.76
growth_yoy,2019-04-01,13,6.605
growth_yoy,2019-05-01,13,5.896
growth_yoy,2019-06-01,13,5.241
growth_yoy,2019-07-01,13,5.893
growth_yoy,2019-08-01,13,4.905
growth_yoy,2019-09-01,13,2.796
growth_yoy,2019-10-01,13,2.326
growth_yoy,2019-11-01,13,3.953
growth_yoy,2019-12-01,13,4.535
growth_yoy,2020-01-01,13,3.007
growth_yoy,2020-02-01,13,6.293
growth_yoy,2020-03-01,13,-2.389
growth_yoy,2020-04-01,13,-64.662
growth_yoy,2020-05-01,13,-40.295
growth_yoy,2020-06-01,13,-16.029
growth_yoy,2020-07-01,13,-17.21
growth_yoy,2020-08-01,13,-11.198
growth_yoy,2020-09-01,13,-6.586
growth_yoy,2020-10-01,13,-4.064
growth_yoy,2020-11-01,13,-3.794
growth_yoy,2020-12-01,13,1.712
growth_yoy,2021-01-01,13,0.209
growth_yoy,2021-02-01,13,-0.332
growth_yoy,2021-03-01,13,14.633
growth_yoy,2021-04-01,13,144.033
growth_yoy,2021-05-01,13,41.133
growth_yoy,2021-06-01,13,10.662
growth_yoy,2021-07-01,13,2.544
growth_yoy,2021-08-01,13,1.125
growth_yoy,2021-09-01,13,9.844
growth_yoy,2021-10-01,13,7.696
growth_yoy,2021-11-01,13,11.067
growth_yoy,2021-12-01,13,7.904
growth_yoy,2022-01-01,13,8.373
growth_yoy,2022-02-01,13,6.422
growth_yoy,2022-03-01,13,5.218
growth_yoy,2022-04-01,13,4.073
growth_yoy,2022-05-01,13,3.545
growth_yoy,2022-06-01,13,3.711
growth_yoy,2022-07-01,13,10.677
growth_yoy,2022-08-01,13,9.653
growth_yoy,2022-09-01,13,5.519
growth_yoy,2022-10-01,13,1.259
growth_yoy,2022-11-01,13,-3.547
growth_yoy,2022-12-01,13,-0.91
growth_yoy,2023-01-01,13,-4.674
growth_yoy,2023-02-01,13,-3.316
growth_yoy,2023-03-01,13,-2.508
growth_yoy,2023-04-01,13,-3.142
growth_yoy,2023-05-01,13,-1.025
growth_yoy,2023-06-01,13,-5.974
growth_yoy,2023-07-01,13,-6.302
growth_yoy,2023-08-01,13,-5.083
growth_yoy,2023-09-01,13,-6.814
growth_yoy,2023-10-01,13,-5.91
growth_yoy,2023-11-01,13,-4.787
growth_yoy,2023-12-01,13,-6.11
growth_yoy,2024-01-01,13,0.565
growth_yoy,2024-02-01,13,0.085
growth_yoy,2024-03-01,13,1.381
growth_yoy,2024-04-01,13,4.79
growth_yoy,2024-05-01,13,7.956
growth_yoy,2024-06-01,13,6.571
growth_yoy,2024-07-01,13,7.536
growth_yoy,2024-08-01,13,5.691
growth_yoy,2024-09-01,13,-2.337
growth_yoy,2024-10-01,13,-0.231
growth_yoy,2024-11-01,13,0.593
growth_yoy,2024-12-01,13,2.112
growth_yoy,2025-01-01,13,-3.372
growth_yoy,2025-02-01,13,-3.463
growth_yoy,2025-03-01,13,-3.071
growth_yoy,2025-04-01,13,-2.462
growth_yoy,2025-05-01,13,-3.425
growth_yoy,2025-06-01,13,-4.258
growth_yoy,2025-07-01,13,-2.68
growth_yoy,2025-08-01,13,-4.465
growth_yoy,2025-09-01,13,-1.301
growth_yoy,2025-10-01,13,-0.728
growth_yoy,2025-11-01,13,-3.064
growth_yoy,2025-12-01,13,-1.575
growth_yoy,2026-01-01,13,1.943
growth_yoy,2026-02-01,13,-5.099
growth_yoy,2026-03-01,13,-2.351
growth_yoy,2026-04-01,13,1.216
growth_yoy,2026-05-01,13,-2.053
growth_mom,2015-02-01,13,3.766
growth_mom,2015-03-01,13,6.047
growth_mom,2015-04-01,13,1.283
growth_mom,2015-05-01,13,1.7
growth_mom,2015-06-01,13,-5.173
growth_mom,2015-07-01,13,2.663
growth_mom,2015-08-01,13,-3.411
growth_mom,2015-09-01,13,6.754
growth_mom,2015-10-01,13,-3.397
growth_mom,2015-11-01,13,9.326
growth_mom,2015-12-01,13,-13.55
growth_mom,2016-01-01,13,0.403
growth_mom,2016-02-01,13,3.886
growth_mom,2016-03-01,13,5.221
growth_mom,2016-04-01,13,0.702
growth_mom,2016-05-01,13,1.804
growth_mom,2016-06-01,13,-1.214
growth_mom,2016-07-01,13,-1.167
growth_mom,2016-08-01,13,-1.364
growth_mom,2016-09-01,13,6.721
growth_mom,2016-10-01,13,-2.981
growth_mom,2016-11-01,13,9.631
growth_mom,2016-12-01,13,-15.034
growth_mom,2017-01-01,13,0.316
growth_mom,2017-02-01,13,5.303
growth_mom,2017-03-01,13,3.269
growth_mom,2017-04-01,13,0.268
growth_mom,2017-05-01,13,3.864
growth_mom,2017-06-01,13,-2.34
growth_mom,2017-07-01,13,-0.762
growth_mom,2017-08-01,13,-1.213
growth_mom,2017-09-01,13,6.233
growth_mom,2017-10-01,13,-2.626
growth_mom,2017-11-01,13,8.153
growth_mom,2017-12-01,13,-15.496
growth_mom,2018-01-01,13,5.066
growth_mom,2018-02-01,13,2.424
growth_mom,2018-03-01,13,1.128
growth_mom,2018-04-01,13,-0.122
growth_mom,2018-05-01,13,3.359
growth_mom,2018-06-01,13,-0.349
growth_mom,2018-07-01,13,-2.578
growth_mom,2018-08-01,13,-0.983
growth_mom,2018-09-01,13,6.486
growth_mom,2018-10-01,13,-3.049
growth_mom,2018-11-01,13,8.608
growth_mom,2018-12-01,13,-15.59
growth_mom,2019-01-01,13,6.797
growth_mom,2019-02-01,13,1.522
growth_mom,2019-03-01,13,1.894
growth_mom,2019-04-01,13,2.616
growth_mom,2019-05-01,13,2.672
growth_mom,2019-06-01,13,-0.965
growth_mom,2019-07-01,13,-1.974
growth_mom,2019-08-01,13,-1.908
growth_mom,2019-09-01,13,4.345
growth_mom,2019-10-01,13,-3.492
growth_mom,2019-11-01,13,10.334
growth_mom,2019-12-01,13,-15.118
growth_mom,2020-01-01,13,5.236
growth_mom,2020-02-01,13,4.761
growth_mom,2020-03-01,13,-6.429
growth_mom,2020-04-01,13,-62.85
growth_mom,2020-05-01,13,73.466
growth_mom,2020-06-01,13,39.286
growth_mom,2020-07-01,13,-3.352
growth_mom,2020-08-01,13,5.216
growth_mom,2020-09-01,13,9.764
growth_mom,2020-10-01,13,-0.886
growth_mom,2020-11-01,13,10.645
growth_mom,2020-12-01,13,-10.259
growth_mom,2021-01-01,13,3.68
growth_mom,2021-02-01,13,4.196
growth_mom,2021-03-01,13,7.621
growth_mom,2021-04-01,13,-20.914
growth_mom,2021-05-01,13,0.322
growth_mom,2021-06-01,13,9.214
growth_mom,2021-07-01,13,-10.442
growth_mom,2021-08-01,13,3.76
growth_mom,2021-09-01,13,19.227
growth_mom,2021-10-01,13,-2.825
growth_mom,2021-11-01,13,14.108
growth_mom,2021-12-01,13,-12.814
growth_mom,2022-01-01,13,4.13
growth_mom,2022-02-01,13,2.32
growth_mom,2022-03-01,13,6.404
growth_mom,2022-04-01,13,-21.775
growth_mom,2022-05-01,13,-0.187
growth_mom,2022-06-01,13,9.389
growth_mom,2022-07-01,13,-4.427
growth_mom,2022-08-01,13,2.8
growth_mom,2022-09-01,13,14.733
growth_mom,2022-10-01,13,-6.748
growth_mom,2022-11-01,13,8.692
growth_mom,2022-12-01,13,-10.431
growth_mom,2023-01-01,13,0.175
growth_mom,2023-02-01,13,3.778
growth_mom,2023-03-01,13,7.292
growth_mom,2023-04-01,13,-22.283
growth_mom,2023-05-01,13,1.994
growth_mom,2023-06-01,13,3.919
growth_mom,2023-07-01,13,-4.76
growth_mom,2023-08-01,13,4.138
growth_mom,2023-09-01,13,12.64
growth_mom,2023-10-01,13,-5.843
growth_mom,2023-11-01,13,9.989
growth_mom,2023-12-01,13,-11.676
growth_mom,2024-01-01,13,7.296
growth_mom,2024-02-01,13,3.283
growth_mom,2024-03-01,13,8.682
growth_mom,2024-04-01,13,-19.67
growth_mom,2024-05-01,13,5.075
growth_mom,2024-06-01,13,2.585
growth_mom,2024-07-01,13,-3.897
growth_mom,2024-08-01,13,2.352
growth_mom,2024-09-01,13,4.085
growth_mom,2024-10-01,13,-3.813
growth_mom,2024-11-01,13,10.898
growth_mom,2024-12-01,13,-10.342
growth_mom,2025-01-01,13,1.534
growth_mom,2025-02-01,13,3.186
growth_mom,2025-03-01,13,9.122
growth_mom,2025-04-01,13,-19.165
growth_mom,2025-05-01,13,4.037
growth_mom,2025-06-01,13,1.701
growth_mom,2025-07-01,13,-2.314
growth_mom,2025-08-01,13,0.475
growth_mom,2025-09-01,13,7.532
growth_mom,2025-10-01,13,-3.255
growth_mom,2025-11-01,13,8.288
growth_mom,2025-12-01,13,-8.964
growth_mom,2026-01-01,13,5.162
growth_mom,2026-02-01,13,-3.942
growth_mom,2026-03-01,13,12.282
growth_mom,2026-04-01,13,-16.212
growth_mom,2026-05-01,13,0.677
abs,2015-01-01,14,94.944
abs,2015-02-01,14,89.292
abs,2015-03-01,14,95.16
abs,2015-04-01,14,100.058
abs,2015-05-01,14,113.383
abs,2015-06-01,14,89.34
abs,2015-07-01,14,89.095
abs,2015-08-01,14,89.118
abs,2015-09-01,14,101.698
abs,2015-10-01,14,113.322
abs,2015-11-01,14,110.646
abs,2015-12-01,14,113.945
abs,2016-01-01,14,100.908
abs,2016-02-01,14,97.228
abs,2016-03-01,14,107.195
abs,2016-04-01,14,106.519
abs,2016-05-01,14,121.399
abs,2016-06-01,14,103.57
abs,2016-07-01,14,95.258
abs,2016-08-01,14,98.419
abs,2016-09-01,14,108.943
abs,2016-10-01,14,118.607
abs,2016-11-01,14,118.81
abs,2016-12-01,14,122.24
abs,2017-01-01,14,109.109
abs,2017-02-01,14,106.74
abs,2017-03-01,14,118.032
abs,2017-04-01,14,115.3
abs,2017-05-01,14,132.542
abs,2017-06-01,14,117.876
abs,2017-07-01,14,109.181
abs,2017-08-01,14,111.793
abs,2017-09-01,14,123.399
abs,2017-10-01,14,135.151
abs,2017-11-01,14,134.118
abs,2017-12-01,14,137.259
abs,2018-01-01,14,122.887
abs,2018-02-01,14,117.668
abs,2018-03-01,14,122.572
abs,2018-04-01,14,120.996
abs,2018-05-01,14,135.37
abs,2018-06-01,14,127.525
abs,2018-07-01,14,114.947
abs,2018-08-01,14,116.017
abs,2018-09-01,14,125.383
abs,2018-10-01,14,138.038
abs,2018-11-01,14,144.672
abs,2018-12-01,14,145.7
abs,2019-01-01,14,132.28
abs,2019-02-01,14,123.045
abs,2019-03-01,14,129.262
abs,2019-04-01,14,127.13
abs,2019-05-01,14,143.05
abs,2019-06-01,14,134.338
abs,2019-07-01,14,121.645
abs,2019-08-01,14,124.026
abs,2019-09-01,14,131.203
abs,2019-10-01,14,149.117
abs,2019-11-01,14,156.682
abs,2019-12-01,14,153.356
abs,2020-01-01,14,137.271
abs,2020-02-01,14,131.798
abs,2020-03-01,14,128.387
abs,2020-04-01,14,24.984
abs,2020-05-01,14,70.29
abs,2020-06-01,14,130.972
abs,2020-07-01,14,114.469
abs,2020-08-01,14,115.194
abs,2020-09-01,14,132.431
abs,2020-10-01,14,148.741
abs,2020-11-01,14,151.677
abs,2020-12-01,14,154.293
abs,2021-01-01,14,133.403
abs,2021-02-01,14,128.404
abs,2021-03-01,14,134.194
abs,2021-04-01,14,102.349
abs,2021-05-01,14,90.7
abs,2021-06-01,14,90.308
abs,2021-07-01,14,91.456
abs,2021-08-01,14,108.257
abs,2021-09-01,14,123.008
abs,2021-10-01,14,148.436
abs,2021-11-01,14,155.379
abs,2021-12-01,14,157.429
abs,2022-01-01,14,137.305
abs,2022-02-01,14,132.901
abs,2022-03-01,14,143.021
abs,2022-04-01,14,109.382
abs,2022-05-01,14,95.536
abs,2022-06-01,14,96.459
abs,2022-07-01,14,100.408
abs,2022-08-01,14,110.969
abs,2022-09-01,14,123.474
abs,2022-10-01,14,136.437
abs,2022-11-01,14,155.793
abs,2022-12-01,14,152.953
abs,2023-01-01,14,135.241
abs,2023-02-01,14,140.204
abs,2023-03-01,14,148.776
abs,2023-04-01,14,115.314
abs,2023-05-01,14,105.314
abs,2023-06-01,14,109.104
abs,2023-07-01,14,108.607
abs,2023-08-01,14,115.35
abs,2023-09-01,14,129.337
abs,2023-10-01,14,144.906
abs,2023-11-01,14,160.994
abs,2023-12-01,14,149.582
abs,2024-01-01,14,137.299
abs,2024-02-01,14,130.826
abs,2024-03-01,14,160.185
abs,2024-04-01,14,120.253
abs,2024-05-01,14,107.488
abs,2024-06-01,14,107.927
abs,2024-07-01,14,117.579
abs,2024-08-01,14,120.703
abs,2024-09-01,14,132.671
abs,2024-10-01,14,147.242
abs,2024-11-01,14,155.111
abs,2024-12-01,14,146.732
abs,2025-01-01,14,138.443
abs,2025-02-01,14,137.451
abs,2025-03-01,14,165.564
abs,2025-04-01,14,123.971
abs,2025-05-01,14,106.249
abs,2025-06-01,14,104.656
abs,2025-07-01,14,114.779
abs,2025-08-01,14,120.33
abs,2025-09-01,14,135.437
abs,2025-10-01,14,149.936
abs,2025-11-01,14,158.697
abs,2025-12-01,14,151.055
abs,2026-01-01,14,141.509
abs,2026-02-01,14,136.362
abs,2026-03-01,14,170.074
abs,2026-04-01,14,129.507
abs,2026-05-01,14,105.228
growth_yoy,2016-01-01,14,6.281
growth_yoy,2016-02-01,14,8.887
growth_yoy,2016-03-01,14,12.647
growth_yoy,2016-04-01,14,6.458
growth_yoy,2016-05-01,14,7.069
growth_yoy,2016-06-01,14,15.928
growth_yoy,2016-07-01,14,6.918
growth_yoy,2016-08-01,14,10.437
growth_yoy,2016-09-01,14,7.124
growth_yoy,2016-10-01,14,4.664
growth_yoy,2016-11-01,14,7.378
growth_yoy,2016-12-01,14,7.28
growth_yoy,2017-01-01,14,8.127
growth_yoy,2017-02-01,14,9.784
growth_yoy,2017-03-01,14,10.11
growth_yoy,2017-04-01,14,8.243
growth_yoy,2017-05-01,14,9.179
growth_yoy,2017-06-01,14,13.813
growth_yoy,2017-07-01,14,14.616
growth_yoy,2017-08-01,14,13.589
growth_yoy,2017-09-01,14,13.27
growth_yoy,2017-10-01,14,13.949
growth_yoy,2017-11-01,14,12.884
growth_yoy,2017-12-01,14,12.287
growth_yoy,2018-01-01,14,12.628
growth_yoy,2018-02-01,14,10.238
growth_yoy,2018-03-01,14,3.846
growth_yoy,2018-04-01,14,4.94
growth_yoy,2018-05-01,14,2.133
growth_yoy,2018-06-01,14,8.186
growth_yoy,2018-07-01,14,5.281
growth_yoy,2018-08-01,14,3.779
growth_yoy,2018-09-01,14,1.608
growth_yoy,2018-10-01,14,2.136
growth_yoy,2018-11-01,14,7.869
growth_yoy,2018-12-01,14,6.15
growth_yoy,2019-01-01,14,7.644
growth_yoy,2019-02-01,14,4.569
growth_yoy,2019-03-01,14,5.459
growth_yoy,2019-04-01,14,5.07
growth_yoy,2019-05-01,14,5.674
growth_yoy,2019-06-01,14,5.342
growth_yoy,2019-07-01,14,5.827
growth_yoy,2019-08-01,14,6.904
growth_yoy,2019-09-01,14,4.641
growth_yoy,2019-10-01,14,8.026
growth_yoy,2019-11-01,14,8.301
growth_yoy,2019-12-01,14,5.254
growth_yoy,2020-01-01,14,3.773
growth_yoy,2020-02-01,14,7.114
growth_yoy,2020-03-01,14,-0.678
growth_yoy,2020-04-01,14,-80.348
growth_yoy,2020-05-01,14,-50.864
growth_yoy,2020-06-01,14,-2.505
growth_yoy,2020-07-01,14,-5.899
growth_yoy,2020-08-01,14,-7.121
growth_yoy,2020-09-01,14,0.936
growth_yoy,2020-10-01,14,-0.252
growth_yoy,2020-11-01,14,-3.195
growth_yoy,2020-12-01,14,0.611
growth_yoy,2021-01-01,14,-2.818
growth_yoy,2021-02-01,14,-2.575
growth_yoy,2021-03-01,14,4.523
growth_yoy,2021-04-01,14,309.656
growth_yoy,2021-05-01,14,29.038
growth_yoy,2021-06-01,14,-31.048
growth_yoy,2021-07-01,14,-20.103
growth_yoy,2021-08-01,14,-6.022
growth_yoy,2021-09-01,14,-7.115
growth_yoy,2021-10-01,14,-0.205
growth_yoy,2021-11-01,14,2.441
growth_yoy,2021-12-01,14,2.033
growth_yoy,2022-01-01,14,2.925
growth_yoy,2022-02-01,14,3.502
growth_yoy,2022-03-01,14,6.578
growth_yoy,2022-04-01,14,6.872
growth_yoy,2022-05-01,14,5.332
growth_yoy,2022-06-01,14,6.811
growth_yoy,2022-07-01,14,9.788
growth_yoy,2022-08-01,14,2.505
growth_yoy,2022-09-01,14,0.379
growth_yoy,2022-10-01,14,-8.084
growth_yoy,2022-11-01,14,0.267
growth_yoy,2022-12-01,14,-2.843
growth_yoy,2023-01-01,14,-1.503
growth_yoy,2023-02-01,14,5.495
growth_yoy,2023-03-01,14,4.024
growth_yoy,2023-04-01,14,5.423
growth_yoy,2023-05-01,14,10.235
growth_yoy,2023-06-01,14,13.11
growth_yoy,2023-07-01,14,8.165
growth_yoy,2023-08-01,14,3.948
growth_yoy,2023-09-01,14,4.749
growth_yoy,2023-10-01,14,6.207
growth_yoy,2023-11-01,14,3.338
growth_yoy,2023-12-01,14,-2.204
growth_yoy,2024-01-01,14,1.522
growth_yoy,2024-02-01,14,-6.689
growth_yoy,2024-03-01,14,7.668
growth_yoy,2024-04-01,14,4.283
growth_yoy,2024-05-01,14,2.064
growth_yoy,2024-06-01,14,-1.079
growth_yoy,2024-07-01,14,8.261
growth_yoy,2024-08-01,14,4.641
growth_yoy,2024-09-01,14,2.577
growth_yoy,2024-10-01,14,1.612
growth_yoy,2024-11-01,14,-3.654
growth_yoy,2024-12-01,14,-1.905
growth_yoy,2025-01-01,14,0.833
growth_yoy,2025-02-01,14,5.064
growth_yoy,2025-03-01,14,3.358
growth_yoy,2025-04-01,14,3.092
growth_yoy,2025-05-01,14,-1.152
growth_yoy,2025-06-01,14,-3.031
growth_yoy,2025-07-01,14,-2.381
growth_yoy,2025-08-01,14,-0.309
growth_yoy,2025-09-01,14,2.085
growth_yoy,2025-10-01,14,1.829
growth_yoy,2025-11-01,14,2.312
growth_yoy,2025-12-01,14,2.947
growth_yoy,2026-01-01,14,2.215
growth_yoy,2026-02-01,14,-0.792
growth_yoy,2026-03-01,14,2.724
growth_yoy,2026-04-01,14,4.466
growth_yoy,2026-05-01,14,-0.96
growth_mom,2015-02-01,14,-5.953
growth_mom,2015-03-01,14,6.571
growth_mom,2015-04-01,14,5.147
growth_mom,2015-05-01,14,13.318
growth_mom,2015-06-01,14,-21.206
growth_mom,2015-07-01,14,-0.274
growth_mom,2015-08-01,14,0.026
growth_mom,2015-09-01,14,14.116
growth_mom,2015-10-01,14,11.43
growth_mom,2015-11-01,14,-2.361
growth_mom,2015-12-01,14,2.981
growth_mom,2016-01-01,14,-11.441
growth_mom,2016-02-01,14,-3.647
growth_mom,2016-03-01,14,10.251
growth_mom,2016-04-01,14,-0.63
growth_mom,2016-05-01,14,13.969
growth_mom,2016-06-01,14,-14.686
growth_mom,2016-07-01,14,-8.025
growth_mom,2016-08-01,14,3.318
growth_mom,2016-09-01,14,10.693
growth_mom,2016-10-01,14,8.871
growth_mom,2016-11-01,14,0.171
growth_mom,2016-12-01,14,2.887
growth_mom,2017-01-01,14,-10.742
growth_mom,2017-02-01,14,-2.171
growth_mom,2017-03-01,14,10.579
growth_mom,2017-04-01,14,-2.315
growth_mom,2017-05-01,14,14.954
growth_mom,2017-06-01,14,-11.066
growth_mom,2017-07-01,14,-7.376
growth_mom,2017-08-01,14,2.392
growth_mom,2017-09-01,14,10.382
growth_mom,2017-10-01,14,9.523
growth_mom,2017-11-01,14,-0.764
growth_mom,2017-12-01,14,2.342
growth_mom,2018-01-01,14,-10.471
growth_mom,2018-02-01,14,-4.247
growth_mom,2018-03-01,14,4.167
growth_mom,2018-04-01,14,-1.285
growth_mom,2018-05-01,14,11.879
growth_mom,2018-06-01,14,-5.795
growth_mom,2018-07-01,14,-9.863
growth_mom,2018-08-01,14,0.931
growth_mom,2018-09-01,14,8.073
growth_mom,2018-10-01,14,10.093
growth_mom,2018-11-01,14,4.806
growth_mom,2018-12-01,14,0.71
growth_mom,2019-01-01,14,-9.211
growth_mom,2019-02-01,14,-6.981
growth_mom,2019-03-01,14,5.053
growth_mom,2019-04-01,14,-1.65
growth_mom,2019-05-01,14,12.522
growth_mom,2019-06-01,14,-6.09
growth_mom,2019-07-01,14,-9.448
growth_mom,2019-08-01,14,1.958
growth_mom,2019-09-01,14,5.786
growth_mom,2019-10-01,14,13.654
growth_mom,2019-11-01,14,5.073
growth_mom,2019-12-01,14,-2.123
growth_mom,2020-01-01,14,-10.488
growth_mom,2020-02-01,14,-3.987
growth_mom,2020-03-01,14,-2.588
growth_mom,2020-04-01,14,-80.54
growth_mom,2020-05-01,14,181.338
growth_mom,2020-06-01,14,86.332
growth_mom,2020-07-01,14,-12.601
growth_mom,2020-08-01,14,0.634
growth_mom,2020-09-01,14,14.964
growth_mom,2020-10-01,14,12.315
growth_mom,2020-11-01,14,1.974
growth_mom,2020-12-01,14,1.725
growth_mom,2021-01-01,14,-13.539
growth_mom,2021-02-01,14,-3.747
growth_mom,2021-03-01,14,4.509
growth_mom,2021-04-01,14,-23.731
growth_mom,2021-05-01,14,-11.381
growth_mom,2021-06-01,14,-0.433
growth_mom,2021-07-01,14,1.272
growth_mom,2021-08-01,14,18.37
growth_mom,2021-09-01,14,13.626
growth_mom,2021-10-01,14,20.672
growth_mom,2021-11-01,14,4.677
growth_mom,2021-12-01,14,1.319
growth_mom,2022-01-01,14,-12.782
growth_mom,2022-02-01,14,-3.208
growth_mom,2022-03-01,14,7.614
growth_mom,2022-04-01,14,-23.52
growth_mom,2022-05-01,14,-12.658
growth_mom,2022-06-01,14,0.966
growth_mom,2022-07-01,14,4.094
growth_mom,2022-08-01,14,10.517
growth_mom,2022-09-01,14,11.269
growth_mom,2022-10-01,14,10.499
growth_mom,2022-11-01,14,14.186
growth_mom,2022-12-01,14,-1.823
growth_mom,2023-01-01,14,-11.58
growth_mom,2023-02-01,14,3.67
growth_mom,2023-03-01,14,6.114
growth_mom,2023-04-01,14,-22.492
growth_mom,2023-05-01,14,-8.672
growth_mom,2023-06-01,14,3.599
growth_mom,2023-07-01,14,-0.456
growth_mom,2023-08-01,14,6.208
growth_mom,2023-09-01,14,12.126
growth_mom,2023-10-01,14,12.037
growth_mom,2023-11-01,14,11.102
growth_mom,2023-12-01,14,-7.088
growth_mom,2024-01-01,14,-8.212
growth_mom,2024-02-01,14,-4.714
growth_mom,2024-03-01,14,22.441
growth_mom,2024-04-01,14,-24.929
growth_mom,2024-05-01,14,-10.615
growth_mom,2024-06-01,14,0.409
growth_mom,2024-07-01,14,8.943
growth_mom,2024-08-01,14,2.657
growth_mom,2024-09-01,14,9.915
growth_mom,2024-10-01,14,10.983
growth_mom,2024-11-01,14,5.344
growth_mom,2024-12-01,14,-5.402
growth_mom,2025-01-01,14,-5.649
growth_mom,2025-02-01,14,-0.717
growth_mom,2025-03-01,14,20.454
growth_mom,2025-04-01,14,-25.122
growth_mom,2025-05-01,14,-14.295
growth_mom,2025-06-01,14,-1.499
growth_mom,2025-07-01,14,9.673
growth_mom,2025-08-01,14,4.836
growth_mom,2025-09-01,14,12.555
growth_mom,2025-10-01,14,10.705
growth_mom,2025-11-01,14,5.843
growth_mom,2025-12-01,14,-4.815
growth_mom,2026-01-01,14,-6.32
growth_mom,2026-02-01,14,-3.637
growth_mom,2026-03-01,14,24.722
growth_mom,2026-04-01,14,-23.853
growth_mom,2026-05-01,14,-18.747
abs,2015-01-01,15,97.33
abs,2015-02-01,15,89.574
abs,2015-03-01,15,95.227
abs,2015-04-01,15,98.13
abs,2015-05-01,15,106.663
abs,2015-06-01,15,104.001
abs,2015-07-01,15,98.708
abs,2015-08-01,15,95.752
abs,2015-09-01,15,96.263
abs,2015-10-01,15,93.691
abs,2015-11-01,15,108.917
abs,2015-12-01,15,115.745
abs,2016-01-01,15,111.303
abs,2016-02-01,15,105.578
abs,2016-03-01,15,113.418
abs,2016-04-01,15,109.927
abs,2016-05-01,15,114.939
abs,2016-06-01,15,108.646
abs,2016-07-01,15,105.48
abs,2016-08-01,15,105.276
abs,2016-09-01,15,99.838
abs,2016-10-01,15,98.016
abs,2016-11-01,15,113.539
abs,2016-12-01,15,115.798
abs,2017-01-01,15,124.618
abs,2017-02-01,15,114.532
abs,2017-03-01,15,120.085
abs,2017-04-01,15,120.133
abs,2017-05-01,15,125.437
abs,2017-06-01,15,111.306
abs,2017-07-01,15,111.079
abs,2017-08-01,15,110.004
abs,2017-09-01,15,106.419
abs,2017-10-01,15,103.67
abs,2017-11-01,15,117.822
abs,2017-12-01,15,120.471
abs,2018-01-01,15,129.534
abs,2018-02-01,15,118.651
abs,2018-03-01,15,127.003
abs,2018-04-01,15,127.488
abs,2018-05-01,15,130.229
abs,2018-06-01,15,117.837
abs,2018-07-01,15,115.228
abs,2018-08-01,15,112.489
abs,2018-09-01,15,111.337
abs,2018-10-01,15,107.192
abs,2018-11-01,15,118.735
abs,2018-12-01,15,122.244
abs,2019-01-01,15,132.082
abs,2019-02-01,15,120.548
abs,2019-03-01,15,135.058
abs,2019-04-01,15,133.506
abs,2019-05-01,15,138.15
abs,2019-06-01,15,125.941
abs,2019-07-01,15,121.202
abs,2019-08-01,15,119.997
abs,2019-09-01,15,118.511
abs,2019-10-01,15,111.724
abs,2019-11-01,15,127.217
abs,2019-12-01,15,127.077
abs,2020-01-01,15,134.068
abs,2020-02-01,15,127.82
abs,2020-03-01,15,136.493
abs,2020-04-01,15,26.724
abs,2020-05-01,15,84.695
abs,2020-06-01,15,105.146
abs,2020-07-01,15,90.346
abs,2020-08-01,15,88.322
abs,2020-09-01,15,98.653
abs,2020-10-01,15,101.282
abs,2020-11-01,15,116.013
abs,2020-12-01,15,131.145
abs,2021-01-01,15,139.211
abs,2021-02-01,15,131.634
abs,2021-03-01,15,148.242
abs,2021-04-01,15,148.931
abs,2021-05-01,15,146.154
abs,2021-06-01,15,78.967
abs,2021-07-01,15,66.983
abs,2021-08-01,15,76.218
abs,2021-09-01,15,86.82
abs,2021-10-01,15,104.588
abs,2021-11-01,15,121.078
abs,2021-12-01,15,134.31
abs,2022-01-01,15,141.756
abs,2022-02-01,15,137.053
abs,2022-03-01,15,150.479
abs,2022-04-01,15,149.47
abs,2022-05-01,15,158.232
abs,2022-06-01,15,146.994
abs,2022-07-01,15,137.109
abs,2022-08-01,15,145.354
abs,2022-09-01,15,144.427
abs,2022-10-01,15,126.898
abs,2022-11-01,15,148.161
abs,2022-12-01,15,151.028
abs,2023-01-01,15,152.072
abs,2023-02-01,15,145.776
abs,2023-03-01,15,163.894
abs,2023-04-01,15,163.119
abs,2023-05-01,15,181.043
abs,2023-06-01,15,153.625
abs,2023-07-01,15,147.995
abs,2023-08-01,15,149.947
abs,2023-09-01,15,150.936
abs,2023-10-01,15,137.557
abs,2023-11-01,15,160.339
abs,2023-12-01,15,164.548
abs,2024-01-01,15,165.647
abs,2024-02-01,15,155.557
abs,2024-03-01,15,170.243
abs,2024-04-01,15,167.064
abs,2024-05-01,15,183.413
abs,2024-06-01,15,159.927
abs,2024-07-01,15,156.301
abs,2024-08-01,15,162.62
abs,2024-09-01,15,165.006
abs,2024-10-01,15,146.569
abs,2024-11-01,15,171.941
abs,2024-12-01,15,180.827
abs,2025-01-01,15,174.923
abs,2025-02-01,15,167.269
abs,2025-03-01,15,182.003
abs,2025-04-01,15,181.748
abs,2025-05-01,15,199.151
abs,2025-06-01,15,170.827
abs,2025-07-01,15,168.904
abs,2025-08-01,15,173.018
abs,2025-09-01,15,177.261
abs,2025-10-01,15,156.586
abs,2025-11-01,15,185.512
abs,2025-12-01,15,199.669
abs,2026-01-01,15,185.938
abs,2026-02-01,15,173.744
abs,2026-03-01,15,191.176
abs,2026-04-01,15,191.146
abs,2026-05-01,15,208.26
growth_yoy,2016-01-01,15,14.357
growth_yoy,2016-02-01,15,17.868
growth_yoy,2016-03-01,15,19.103
growth_yoy,2016-04-01,15,12.022
growth_yoy,2016-05-01,15,7.758
growth_yoy,2016-06-01,15,4.466
growth_yoy,2016-07-01,15,6.861
growth_yoy,2016-08-01,15,9.946
growth_yoy,2016-09-01,15,3.715
growth_yoy,2016-10-01,15,4.617
growth_yoy,2016-11-01,15,4.244
growth_yoy,2016-12-01,15,0.046
growth_yoy,2017-01-01,15,11.962
growth_yoy,2017-02-01,15,8.481
growth_yoy,2017-03-01,15,5.879
growth_yoy,2017-04-01,15,9.285
growth_yoy,2017-05-01,15,9.134
growth_yoy,2017-06-01,15,2.448
growth_yoy,2017-07-01,15,5.308
growth_yoy,2017-08-01,15,4.491
growth_yoy,2017-09-01,15,6.591
growth_yoy,2017-10-01,15,5.768
growth_yoy,2017-11-01,15,3.772
growth_yoy,2017-12-01,15,4.035
growth_yoy,2018-01-01,15,3.945
growth_yoy,2018-02-01,15,3.596
growth_yoy,2018-03-01,15,5.761
growth_yoy,2018-04-01,15,6.122
growth_yoy,2018-05-01,15,3.82
growth_yoy,2018-06-01,15,5.868
growth_yoy,2018-07-01,15,3.735
growth_yoy,2018-08-01,15,2.259
growth_yoy,2018-09-01,15,4.622
growth_yoy,2018-10-01,15,3.397
growth_yoy,2018-11-01,15,0.775
growth_yoy,2018-12-01,15,1.472
growth_yoy,2019-01-01,15,1.967
growth_yoy,2019-02-01,15,1.599
growth_yoy,2019-03-01,15,6.342
growth_yoy,2019-04-01,15,4.72
growth_yoy,2019-05-01,15,6.083
growth_yoy,2019-06-01,15,6.877
growth_yoy,2019-07-01,15,5.185
growth_yoy,2019-08-01,15,6.674
growth_yoy,2019-09-01,15,6.444
growth_yoy,2019-10-01,15,4.228
growth_yoy,2019-11-01,15,7.144
growth_yoy,2019-12-01,15,3.953
growth_yoy,2020-01-01,15,1.504
growth_yoy,2020-02-01,15,6.032
growth_yoy,2020-03-01,15,1.063
growth_yoy,2020-04-01,15,-79.983
growth_yoy,2020-05-01,15,-38.694
growth_yoy,2020-06-01,15,-16.512
growth_yoy,2020-07-01,15,-25.459
growth_yoy,2020-08-01,15,-26.396
growth_yoy,2020-09-01,15,-16.757
growth_yoy,2020-10-01,15,-9.346
growth_yoy,2020-11-01,15,-8.807
growth_yoy,2020-12-01,15,3.201
growth_yoy,2021-01-01,15,3.836
growth_yoy,2021-02-01,15,2.984
growth_yoy,2021-03-01,15,8.607
growth_yoy,2021-04-01,15,457.303
growth_yoy,2021-05-01,15,72.566
growth_yoy,2021-06-01,15,-24.898
growth_yoy,2021-07-01,15,-25.86
growth_yoy,2021-08-01,15,-13.705
growth_yoy,2021-09-01,15,-11.994
growth_yoy,2021-10-01,15,3.263
growth_yoy,2021-11-01,15,4.366
growth_yoy,2021-12-01,15,2.414
growth_yoy,2022-01-01,15,1.828
growth_yoy,2022-02-01,15,4.117
growth_yoy,2022-03-01,15,1.51
growth_yoy,2022-04-01,15,0.362
growth_yoy,2022-05-01,15,8.264
growth_yoy,2022-06-01,15,86.147
growth_yoy,2022-07-01,15,104.693
growth_yoy,2022-08-01,15,90.708
growth_yoy,2022-09-01,15,66.352
growth_yoy,2022-10-01,15,21.332
growth_yoy,2022-11-01,15,22.368
growth_yoy,2022-12-01,15,12.447
growth_yoy,2023-01-01,15,7.278
growth_yoy,2023-02-01,15,6.364
growth_yoy,2023-03-01,15,8.915
growth_yoy,2023-04-01,15,9.132
growth_yoy,2023-05-01,15,14.416
growth_yoy,2023-06-01,15,4.511
growth_yoy,2023-07-01,15,7.94
growth_yoy,2023-08-01,15,3.16
growth_yoy,2023-09-01,15,4.506
growth_yoy,2023-10-01,15,8.399
growth_yoy,2023-11-01,15,8.219
growth_yoy,2023-12-01,15,8.952
growth_yoy,2024-01-01,15,8.926
growth_yoy,2024-02-01,15,6.709
growth_yoy,2024-03-01,15,3.874
growth_yoy,2024-04-01,15,2.419
growth_yoy,2024-05-01,15,1.309
growth_yoy,2024-06-01,15,4.103
growth_yoy,2024-07-01,15,5.612
growth_yoy,2024-08-01,15,8.452
growth_yoy,2024-09-01,15,9.322
growth_yoy,2024-10-01,15,6.552
growth_yoy,2024-11-01,15,7.236
growth_yoy,2024-12-01,15,9.893
growth_yoy,2025-01-01,15,5.6
growth_yoy,2025-02-01,15,7.529
growth_yoy,2025-03-01,15,6.908
growth_yoy,2025-04-01,15,8.789
growth_yoy,2025-05-01,15,8.58
growth_yoy,2025-06-01,15,6.816
growth_yoy,2025-07-01,15,8.063
growth_yoy,2025-08-01,15,6.394
growth_yoy,2025-09-01,15,7.427
growth_yoy,2025-10-01,15,6.834
growth_yoy,2025-11-01,15,7.893
growth_yoy,2025-12-01,15,10.42
growth_yoy,2026-01-01,15,6.297
growth_yoy,2026-02-01,15,3.871
growth_yoy,2026-03-01,15,5.04
growth_yoy,2026-04-01,15,5.171
growth_yoy,2026-05-01,15,4.574
growth_mom,2015-02-01,15,-7.969
growth_mom,2015-03-01,15,6.311
growth_mom,2015-04-01,15,3.048
growth_mom,2015-05-01,15,8.697
growth_mom,2015-06-01,15,-2.496
growth_mom,2015-07-01,15,-5.09
growth_mom,2015-08-01,15,-2.994
growth_mom,2015-09-01,15,0.533
growth_mom,2015-10-01,15,-2.672
growth_mom,2015-11-01,15,16.252
growth_mom,2015-12-01,15,6.269
growth_mom,2016-01-01,15,-3.837
growth_mom,2016-02-01,15,-5.144
growth_mom,2016-03-01,15,7.425
growth_mom,2016-04-01,15,-3.078
growth_mom,2016-05-01,15,4.559
growth_mom,2016-06-01,15,-5.475
growth_mom,2016-07-01,15,-2.914
growth_mom,2016-08-01,15,-0.193
growth_mom,2016-09-01,15,-5.165
growth_mom,2016-10-01,15,-1.825
growth_mom,2016-11-01,15,15.837
growth_mom,2016-12-01,15,1.989
growth_mom,2017-01-01,15,7.616
growth_mom,2017-02-01,15,-8.093
growth_mom,2017-03-01,15,4.849
growth_mom,2017-04-01,15,0.04
growth_mom,2017-05-01,15,4.415
growth_mom,2017-06-01,15,-11.266
growth_mom,2017-07-01,15,-0.204
growth_mom,2017-08-01,15,-0.968
growth_mom,2017-09-01,15,-3.259
growth_mom,2017-10-01,15,-2.583
growth_mom,2017-11-01,15,13.651
growth_mom,2017-12-01,15,2.248
growth_mom,2018-01-01,15,7.523
growth_mom,2018-02-01,15,-8.402
growth_mom,2018-03-01,15,7.04
growth_mom,2018-04-01,15,0.381
growth_mom,2018-05-01,15,2.15
growth_mom,2018-06-01,15,-9.516
growth_mom,2018-07-01,15,-2.214
growth_mom,2018-08-01,15,-2.377
growth_mom,2018-09-01,15,-1.024
growth_mom,2018-10-01,15,-3.723
growth_mom,2018-11-01,15,10.769
growth_mom,2018-12-01,15,2.955
growth_mom,2019-01-01,15,8.047
growth_mom,2019-02-01,15,-8.732
growth_mom,2019-03-01,15,12.036
growth_mom,2019-04-01,15,-1.149
growth_mom,2019-05-01,15,3.479
growth_mom,2019-06-01,15,-8.838
growth_mom,2019-07-01,15,-3.763
growth_mom,2019-08-01,15,-0.994
growth_mom,2019-09-01,15,-1.238
growth_mom,2019-10-01,15,-5.727
growth_mom,2019-11-01,15,13.868
growth_mom,2019-12-01,15,-0.11
growth_mom,2020-01-01,15,5.501
growth_mom,2020-02-01,15,-4.66
growth_mom,2020-03-01,15,6.785
growth_mom,2020-04-01,15,-80.421
growth_mom,2020-05-01,15,216.929
growth_mom,2020-06-01,15,24.147
growth_mom,2020-07-01,15,-14.076
growth_mom,2020-08-01,15,-2.24
growth_mom,2020-09-01,15,11.696
growth_mom,2020-10-01,15,2.666
growth_mom,2020-11-01,15,14.544
growth_mom,2020-12-01,15,13.043
growth_mom,2021-01-01,15,6.151
growth_mom,2021-02-01,15,-5.443
growth_mom,2021-03-01,15,12.616
growth_mom,2021-04-01,15,0.465
growth_mom,2021-05-01,15,-1.864
growth_mom,2021-06-01,15,-45.97
growth_mom,2021-07-01,15,-15.176
growth_mom,2021-08-01,15,13.788
growth_mom,2021-09-01,15,13.911
growth_mom,2021-10-01,15,20.464
growth_mom,2021-11-01,15,15.767
growth_mom,2021-12-01,15,10.929
growth_mom,2022-01-01,15,5.543
growth_mom,2022-02-01,15,-3.317
growth_mom,2022-03-01,15,9.796
growth_mom,2022-04-01,15,-0.671
growth_mom,2022-05-01,15,5.862
growth_mom,2022-06-01,15,-7.102
growth_mom,2022-07-01,15,-6.725
growth_mom,2022-08-01,15,6.013
growth_mom,2022-09-01,15,-0.638
growth_mom,2022-10-01,15,-12.137
growth_mom,2022-11-01,15,16.756
growth_mom,2022-12-01,15,1.935
growth_mom,2023-01-01,15,0.692
growth_mom,2023-02-01,15,-4.14
growth_mom,2023-03-01,15,12.429
growth_mom,2023-04-01,15,-0.473
growth_mom,2023-05-01,15,10.988
growth_mom,2023-06-01,15,-15.145
growth_mom,2023-07-01,15,-3.665
growth_mom,2023-08-01,15,1.319
growth_mom,2023-09-01,15,0.66
growth_mom,2023-10-01,15,-8.864
growth_mom,2023-11-01,15,16.562
growth_mom,2023-12-01,15,2.625
growth_mom,2024-01-01,15,0.668
growth_mom,2024-02-01,15,-6.091
growth_mom,2024-03-01,15,9.441
growth_mom,2024-04-01,15,-1.867
growth_mom,2024-05-01,15,9.786
growth_mom,2024-06-01,15,-12.805
growth_mom,2024-07-01,15,-2.267
growth_mom,2024-08-01,15,4.043
growth_mom,2024-09-01,15,1.467
growth_mom,2024-10-01,15,-11.173
growth_mom,2024-11-01,15,17.311
growth_mom,2024-12-01,15,5.168
growth_mom,2025-01-01,15,-3.265
growth_mom,2025-02-01,15,-4.375
growth_mom,2025-03-01,15,8.809
growth_mom,2025-04-01,15,-0.14
growth_mom,2025-05-01,15,9.575
growth_mom,2025-06-01,15,-14.222
growth_mom,2025-07-01,15,-1.126
growth_mom,2025-08-01,15,2.435
growth_mom,2025-09-01,15,2.452
growth_mom,2025-10-01,15,-11.663
growth_mom,2025-11-01,15,18.473
growth_mom,2025-12-01,15,7.631
growth_mom,2026-01-01,15,-6.877
growth_mom,2026-02-01,15,-6.559
growth_mom,2026-03-01,15,10.034
growth_mom,2026-04-01,15,-0.016
growth_mom,2026-05-01,15,8.953
abs,2015-01-01,16,92.636
abs,2015-02-01,16,91.639
abs,2015-03-01,16,104.784
abs,2015-04-01,16,106.679
abs,2015-05-01,16,93.213
abs,2015-06-01,16,97.629
abs,2015-07-01,16,97.122
abs,2015-08-01,16,96.873
abs,2015-09-01,16,102.309
abs,2015-10-01,16,106.212
abs,2015-11-01,16,105.438
abs,2015-12-01,16,105.467
abs,2016-01-01,16,100.327
abs,2016-02-01,16,96.755
abs,2016-03-01,16,100.97
abs,2016-04-01,16,102.898
abs,2016-05-01,16,99.241
abs,2016-06-01,16,107.569
abs,2016-07-01,16,101.734
abs,2016-08-01,16,102.364
abs,2016-09-01,16,100.773
abs,2016-10-01,16,105.884
abs,2016-11-01,16,109.39
abs,2016-12-01,16,111.323
abs,2017-01-01,16,103.976
abs,2017-02-01,16,103.631
abs,2017-03-01,16,108.935
abs,2017-04-01,16,108.888
abs,2017-05-01,16,106.52
abs,2017-06-01,16,106.419
abs,2017-07-01,16,103.58
abs,2017-08-01,16,103.136
abs,2017-09-01,16,103.312
abs,2017-10-01,16,107.35
abs,2017-11-01,16,112.385
abs,2017-12-01,16,113.94
abs,2018-01-01,16,111.752
abs,2018-02-01,16,111.167
abs,2018-03-01,16,112.497
abs,2018-04-01,16,112.781
abs,2018-05-01,16,109.958
abs,2018-06-01,16,111.374
abs,2018-07-01,16,108.747
abs,2018-08-01,16,111.026
abs,2018-09-01,16,111.919
abs,2018-10-01,16,116.523
abs,2018-11-01,16,116.497
abs,2018-12-01,16,120.159
abs,2019-01-01,16,118.701
abs,2019-02-01,16,117.211
abs,2019-03-01,16,116.192
abs,2019-04-01,16,116.991
abs,2019-05-01,16,116.234
abs,2019-06-01,16,116.07
abs,2019-07-01,16,114.807
abs,2019-08-01,16,116.874
abs,2019-09-01,16,119.183
abs,2019-10-01,16,121.301
abs,2019-11-01,16,121.562
abs,2019-12-01,16,125.583
abs,2020-01-01,16,121.708
abs,2020-02-01,16,125.149
abs,2020-03-01,16,113.327
abs,2020-04-01,16,24.294
abs,2020-05-01,16,56.813
abs,2020-06-01,16,122.376
abs,2020-07-01,16,102.823
abs,2020-08-01,16,102.269
abs,2020-09-01,16,116.026
abs,2020-10-01,16,115.789
abs,2020-11-01,16,121.488
abs,2020-12-01,16,126.456
abs,2021-01-01,16,118.298
abs,2021-02-01,16,120.064
abs,2021-03-01,16,119.171
abs,2021-04-01,16,109.128
abs,2021-05-01,16,107.669
abs,2021-06-01,16,100.341
abs,2021-07-01,16,79.218
abs,2021-08-01,16,99.999
abs,2021-09-01,16,113.806
abs,2021-10-01,16,121.777
abs,2021-11-01,16,136.642
abs,2021-12-01,16,137.232
abs,2022-01-01,16,131.648
abs,2022-02-01,16,128.18
abs,2022-03-01,16,131.052
abs,2022-04-01,16,117.667
abs,2022-05-01,16,117.88
abs,2022-06-01,16,118.139
abs,2022-07-01,16,112.789
abs,2022-08-01,16,113.116
abs,2022-09-01,16,122.149
abs,2022-10-01,16,121.912
abs,2022-11-01,16,120.748
abs,2022-12-01,16,119.63
abs,2023-01-01,16,112.526
abs,2023-02-01,16,125.019
abs,2023-03-01,16,119.55
abs,2023-04-01,16,106.044
abs,2023-05-01,16,116.218
abs,2023-06-01,16,113.555
abs,2023-07-01,16,109.034
abs,2023-08-01,16,111.758
abs,2023-09-01,16,117.486
abs,2023-10-01,16,124.001
abs,2023-11-01,16,118.454
abs,2023-12-01,16,116.044
abs,2024-01-01,16,113.35
abs,2024-02-01,16,119.487
abs,2024-03-01,16,122.623
abs,2024-04-01,16,110.98
abs,2024-05-01,16,118.306
abs,2024-06-01,16,119.391
abs,2024-07-01,16,119.566
abs,2024-08-01,16,117.077
abs,2024-09-01,16,124.606
abs,2024-10-01,16,128.542
abs,2024-11-01,16,123.646
abs,2024-12-01,16,123.223
abs,2025-01-01,16,116.958
abs,2025-02-01,16,123.822
abs,2025-03-01,16,125.728
abs,2025-04-01,16,114.717
abs,2025-05-01,16,121.373
abs,2025-06-01,16,117.169
abs,2025-07-01,16,123.588
abs,2025-08-01,16,121.312
abs,2025-09-01,16,126.982
abs,2025-10-01,16,131.248
abs,2025-11-01,16,128.25
abs,2025-12-01,16,125.024
abs,2026-01-01,16,122.51
abs,2026-02-01,16,127.353
abs,2026-03-01,16,129.804
abs,2026-04-01,16,120.561
abs,2026-05-01,16,122.835
growth_yoy,2016-01-01,16,8.303
growth_yoy,2016-02-01,16,5.583
growth_yoy,2016-03-01,16,-3.64
growth_yoy,2016-04-01,16,-3.544
growth_yoy,2016-05-01,16,6.467
growth_yoy,2016-06-01,16,10.181
growth_yoy,2016-07-01,16,4.749
growth_yoy,2016-08-01,16,5.668
growth_yoy,2016-09-01,16,-1.501
growth_yoy,2016-10-01,16,-0.31
growth_yoy,2016-11-01,16,3.748
growth_yoy,2016-12-01,16,5.553
growth_yoy,2017-01-01,16,3.637
growth_yoy,2017-02-01,16,7.107
growth_yoy,2017-03-01,16,7.889
growth_yoy,2017-04-01,16,5.822
growth_yoy,2017-05-01,16,7.335
growth_yoy,2017-06-01,16,-1.069
growth_yoy,2017-07-01,16,1.814
growth_yoy,2017-08-01,16,0.754
growth_yoy,2017-09-01,16,2.519
growth_yoy,2017-10-01,16,1.385
growth_yoy,2017-11-01,16,2.739
growth_yoy,2017-12-01,16,2.35
growth_yoy,2018-01-01,16,7.479
growth_yoy,2018-02-01,16,7.271
growth_yoy,2018-03-01,16,3.269
growth_yoy,2018-04-01,16,3.575
growth_yoy,2018-05-01,16,3.227
growth_yoy,2018-06-01,16,4.656
growth_yoy,2018-07-01,16,4.988
growth_yoy,2018-08-01,16,7.65
growth_yoy,2018-09-01,16,8.331
growth_yoy,2018-10-01,16,8.545
growth_yoy,2018-11-01,16,3.659
growth_yoy,2018-12-01,16,5.458
growth_yoy,2019-01-01,16,6.219
growth_yoy,2019-02-01,16,5.437
growth_yoy,2019-03-01,16,3.284
growth_yoy,2019-04-01,16,3.733
growth_yoy,2019-05-01,16,5.708
growth_yoy,2019-06-01,16,4.217
growth_yoy,2019-07-01,16,5.573
growth_yoy,2019-08-01,16,5.267
growth_yoy,2019-09-01,16,6.49
growth_yoy,2019-10-01,16,4.1
growth_yoy,2019-11-01,16,4.348
growth_yoy,2019-12-01,16,4.515
growth_yoy,2020-01-01,16,2.533
growth_yoy,2020-02-01,16,6.773
growth_yoy,2020-03-01,16,-2.465
growth_yoy,2020-04-01,16,-79.234
growth_yoy,2020-05-01,16,-51.122
growth_yoy,2020-06-01,16,5.432
growth_yoy,2020-07-01,16,-10.439
growth_yoy,2020-08-01,16,-12.496
growth_yoy,2020-09-01,16,-2.649
growth_yoy,2020-10-01,16,-4.544
growth_yoy,2020-11-01,16,-0.061
growth_yoy,2020-12-01,16,0.695
growth_yoy,2021-01-01,16,-2.802
growth_yoy,2021-02-01,16,-4.063
growth_yoy,2021-03-01,16,5.157
growth_yoy,2021-04-01,16,349.192
growth_yoy,2021-05-01,16,89.516
growth_yoy,2021-06-01,16,-18.006
growth_yoy,2021-07-01,16,-22.957
growth_yoy,2021-08-01,16,-2.219
growth_yoy,2021-09-01,16,-1.913
growth_yoy,2021-10-01,16,5.171
growth_yoy,2021-11-01,16,12.474
growth_yoy,2021-12-01,16,8.521
growth_yoy,2022-01-01,16,11.285
growth_yoy,2022-02-01,16,6.759
growth_yoy,2022-03-01,16,9.97
growth_yoy,2022-04-01,16,7.825
growth_yoy,2022-05-01,16,9.484
growth_yoy,2022-06-01,16,17.737
growth_yoy,2022-07-01,16,42.379
growth_yoy,2022-08-01,16,13.116
growth_yoy,2022-09-01,16,7.331
growth_yoy,2022-10-01,16,0.111
growth_yoy,2022-11-01,16,-11.632
growth_yoy,2022-12-01,16,-12.826
growth_yoy,2023-01-01,16,-14.525
growth_yoy,2023-02-01,16,-2.466
growth_yoy,2023-03-01,16,-8.777
growth_yoy,2023-04-01,16,-9.878
growth_yoy,2023-05-01,16,-1.41
growth_yoy,2023-06-01,16,-3.88
growth_yoy,2023-07-01,16,-3.329
growth_yoy,2023-08-01,16,-1.2
growth_yoy,2023-09-01,16,-3.817
growth_yoy,2023-10-01,16,1.713
growth_yoy,2023-11-01,16,-1.9
growth_yoy,2023-12-01,16,-2.998
growth_yoy,2024-01-01,16,0.732
growth_yoy,2024-02-01,16,-4.425
growth_yoy,2024-03-01,16,2.571
growth_yoy,2024-04-01,16,4.655
growth_yoy,2024-05-01,16,1.797
growth_yoy,2024-06-01,16,5.139
growth_yoy,2024-07-01,16,9.659
growth_yoy,2024-08-01,16,4.759
growth_yoy,2024-09-01,16,6.06
growth_yoy,2024-10-01,16,3.663
growth_yoy,2024-11-01,16,4.384
growth_yoy,2024-12-01,16,6.187
growth_yoy,2025-01-01,16,3.183
growth_yoy,2025-02-01,16,3.628
growth_yoy,2025-03-01,16,2.532
growth_yoy,2025-04-01,16,3.366
growth_yoy,2025-05-01,16,2.593
growth_yoy,2025-06-01,16,-1.861
growth_yoy,2025-07-01,16,3.363
growth_yoy,2025-08-01,16,3.617
growth_yoy,2025-09-01,16,1.907
growth_yoy,2025-10-01,16,2.105
growth_yoy,2025-11-01,16,3.723
growth_yoy,2025-12-01,16,1.461
growth_yoy,2026-01-01,16,4.747
growth_yoy,2026-02-01,16,2.852
growth_yoy,2026-03-01,16,3.242
growth_yoy,2026-04-01,16,5.095
growth_yoy,2026-05-01,16,1.204
growth_mom,2015-02-01,16,-1.076
growth_mom,2015-03-01,16,14.345
growth_mom,2015-04-01,16,1.809
growth_mom,2015-05-01,16,-12.623
growth_mom,2015-06-01,16,4.738
growth_mom,2015-07-01,16,-0.52
growth_mom,2015-08-01,16,-0.256
growth_mom,2015-09-01,16,5.611
growth_mom,2015-10-01,16,3.816
growth_mom,2015-11-01,16,-0.729
growth_mom,2015-12-01,16,0.027
growth_mom,2016-01-01,16,-4.873
growth_mom,2016-02-01,16,-3.561
growth_mom,2016-03-01,16,4.356
growth_mom,2016-04-01,16,1.91
growth_mom,2016-05-01,16,-3.554
growth_mom,2016-06-01,16,8.392
growth_mom,2016-07-01,16,-5.424
growth_mom,2016-08-01,16,0.619
growth_mom,2016-09-01,16,-1.554
growth_mom,2016-10-01,16,5.071
growth_mom,2016-11-01,16,3.311
growth_mom,2016-12-01,16,1.768
growth_mom,2017-01-01,16,-6.6
growth_mom,2017-02-01,16,-0.331
growth_mom,2017-03-01,16,5.118
growth_mom,2017-04-01,16,-0.043
growth_mom,2017-05-01,16,-2.175
growth_mom,2017-06-01,16,-0.095
growth_mom,2017-07-01,16,-2.668
growth_mom,2017-08-01,16,-0.429
growth_mom,2017-09-01,16,0.171
growth_mom,2017-10-01,16,3.909
growth_mom,2017-11-01,16,4.69
growth_mom,2017-12-01,16,1.383
growth_mom,2018-01-01,16,-1.92
growth_mom,2018-02-01,16,-0.524
growth_mom,2018-03-01,16,1.196
growth_mom,2018-04-01,16,0.253
growth_mom,2018-05-01,16,-2.504
growth_mom,2018-06-01,16,1.288
growth_mom,2018-07-01,16,-2.359
growth_mom,2018-08-01,16,2.096
growth_mom,2018-09-01,16,0.805
growth_mom,2018-10-01,16,4.114
growth_mom,2018-11-01,16,-0.023
growth_mom,2018-12-01,16,3.143
growth_mom,2019-01-01,16,-1.213
growth_mom,2019-02-01,16,-1.256
growth_mom,2019-03-01,16,-0.869
growth_mom,2019-04-01,16,0.688
growth_mom,2019-05-01,16,-0.647
growth_mom,2019-06-01,16,-0.141
growth_mom,2019-07-01,16,-1.088
growth_mom,2019-08-01,16,1.8
growth_mom,2019-09-01,16,1.976
growth_mom,2019-10-01,16,1.777
growth_mom,2019-11-01,16,0.215
growth_mom,2019-12-01,16,3.308
growth_mom,2020-01-01,16,-3.086
growth_mom,2020-02-01,16,2.827
growth_mom,2020-03-01,16,-9.446
growth_mom,2020-04-01,16,-78.563
growth_mom,2020-05-01,16,133.853
growth_mom,2020-06-01,16,115.402
growth_mom,2020-07-01,16,-15.978
growth_mom,2020-08-01,16,-0.539
growth_mom,2020-09-01,16,13.452
growth_mom,2020-10-01,16,-0.204
growth_mom,2020-11-01,16,4.922
growth_mom,2020-12-01,16,4.089
growth_mom,2021-01-01,16,-6.452
growth_mom,2021-02-01,16,1.493
growth_mom,2021-03-01,16,-0.744
growth_mom,2021-04-01,16,-8.427
growth_mom,2021-05-01,16,-1.337
growth_mom,2021-06-01,16,-6.806
growth_mom,2021-07-01,16,-21.051
growth_mom,2021-08-01,16,26.234
growth_mom,2021-09-01,16,13.807
growth_mom,2021-10-01,16,7.003
growth_mom,2021-11-01,16,12.208
growth_mom,2021-12-01,16,0.431
growth_mom,2022-01-01,16,-4.069
growth_mom,2022-02-01,16,-2.634
growth_mom,2022-03-01,16,2.24
growth_mom,2022-04-01,16,-10.213
growth_mom,2022-05-01,16,0.181
growth_mom,2022-06-01,16,0.219
growth_mom,2022-07-01,16,-4.528
growth_mom,2022-08-01,16,0.289
growth_mom,2022-09-01,16,7.986
growth_mom,2022-10-01,16,-0.194
growth_mom,2022-11-01,16,-0.954
growth_mom,2022-12-01,16,-0.926
growth_mom,2023-01-01,16,-5.939
growth_mom,2023-02-01,16,11.103
growth_mom,2023-03-01,16,-4.375
growth_mom,2023-04-01,16,-11.297
growth_mom,2023-05-01,16,9.595
growth_mom,2023-06-01,16,-2.292
growth_mom,2023-07-01,16,-3.981
growth_mom,2023-08-01,16,2.498
growth_mom,2023-09-01,16,5.125
growth_mom,2023-10-01,16,5.545
growth_mom,2023-11-01,16,-4.473
growth_mom,2023-12-01,16,-2.034
growth_mom,2024-01-01,16,-2.321
growth_mom,2024-02-01,16,5.415
growth_mom,2024-03-01,16,2.624
growth_mom,2024-04-01,16,-9.495
growth_mom,2024-05-01,16,6.601
growth_mom,2024-06-01,16,0.917
growth_mom,2024-07-01,16,0.147
growth_mom,2024-08-01,16,-2.082
growth_mom,2024-09-01,16,6.431
growth_mom,2024-10-01,16,3.159
growth_mom,2024-11-01,16,-3.809
growth_mom,2024-12-01,16,-0.342
growth_mom,2025-01-01,16,-5.084
growth_mom,2025-02-01,16,5.869
growth_mom,2025-03-01,16,1.539
growth_mom,2025-04-01,16,-8.758
growth_mom,2025-05-01,16,5.803
growth_mom,2025-06-01,16,-3.464
growth_mom,2025-07-01,16,5.478
growth_mom,2025-08-01,16,-1.842
growth_mom,2025-09-01,16,4.674
growth_mom,2025-10-01,16,3.359
growth_mom,2025-11-01,16,-2.284
growth_mom,2025-12-01,16,-2.515
growth_mom,2026-01-01,16,-2.011
growth_mom,2026-02-01,16,3.954
growth_mom,2026-03-01,16,1.924
growth_mom,2026-04-01,16,-7.121
growth_mom,2026-05-01,16,1.886
abs,2015-01-01,17,94.96
abs,2015-02-01,17,88.233
abs,2015-03-01,17,104.521
abs,2015-04-01,17,99.624
abs,2015-05-01,17,93.327
abs,2015-06-01,17,95.927
abs,2015-07-01,17,96.63
abs,2015-08-01,17,96.025
abs,2015-09-01,17,115.922
abs,2015-10-01,17,100.887
abs,2015-11-01,17,105.863
abs,2015-12-01,17,108.082
abs,2016-01-01,17,108.605
abs,2016-02-01,17,96.854
abs,2016-03-01,17,107.379
abs,2016-04-01,17,105.137
abs,2016-05-01,17,98.448
abs,2016-06-01,17,101.096
abs,2016-07-01,17,98.233
abs,2016-08-01,17,98.98
abs,2016-09-01,17,117.576
abs,2016-10-01,17,101.571
abs,2016-11-01,17,110.2
abs,2016-12-01,17,110.246
abs,2017-01-01,17,112.887
abs,2017-02-01,17,109.086
abs,2017-03-01,17,111.789
abs,2017-04-01,17,113.739
abs,2017-05-01,17,109.239
abs,2017-06-01,17,103.417
abs,2017-07-01,17,103.244
abs,2017-08-01,17,100.055
abs,2017-09-01,17,117.785
abs,2017-10-01,17,106.343
abs,2017-11-01,17,115.339
abs,2017-12-01,17,121.029
abs,2018-01-01,17,117.82
abs,2018-02-01,17,111.778
abs,2018-03-01,17,116.686
abs,2018-04-01,17,118.039
abs,2018-05-01,17,115.484
abs,2018-06-01,17,111.547
abs,2018-07-01,17,112.49
abs,2018-08-01,17,106.492
abs,2018-09-01,17,118.428
abs,2018-10-01,17,109.687
abs,2018-11-01,17,115.738
abs,2018-12-01,17,125.864
abs,2019-01-01,17,119.487
abs,2019-02-01,17,116.968
abs,2019-03-01,17,122.124
abs,2019-04-01,17,123.774
abs,2019-05-01,17,121.51
abs,2019-06-01,17,116.311
abs,2019-07-01,17,117.972
abs,2019-08-01,17,111.455
abs,2019-09-01,17,123.315
abs,2019-10-01,17,113.052
abs,2019-11-01,17,124.942
abs,2019-12-01,17,128.682
abs,2020-01-01,17,119.682
abs,2020-02-01,17,122.931
abs,2020-03-01,17,111.879
abs,2020-04-01,17,64.916
abs,2020-05-01,17,95.691
abs,2020-06-01,17,128.752
abs,2020-07-01,17,125.794
abs,2020-08-01,17,114.152
abs,2020-09-01,17,129.589
abs,2020-10-01,17,119.543
abs,2020-11-01,17,129.378
abs,2020-12-01,17,135.547
abs,2021-01-01,17,130.112
abs,2021-02-01,17,130.678
abs,2021-03-01,17,131.681
abs,2021-04-01,17,122.485
abs,2021-05-01,17,114.161
abs,2021-06-01,17,129.043
abs,2021-07-01,17,122.757
abs,2021-08-01,17,129.758
abs,2021-09-01,17,147.944
abs,2021-10-01,17,139.919
abs,2021-11-01,17,154.646
abs,2021-12-01,17,152.367
abs,2022-01-01,17,149.173
abs,2022-02-01,17,138.835
abs,2022-03-01,17,138.086
abs,2022-04-01,17,132.289
abs,2022-05-01,17,122.627
abs,2022-06-01,17,142.556
abs,2022-07-01,17,139.934
abs,2022-08-01,17,145.62
abs,2022-09-01,17,162.57
abs,2022-10-01,17,143.43
abs,2022-11-01,17,155.156
abs,2022-12-01,17,155.965
abs,2023-01-01,17,152.509
abs,2023-02-01,17,146.574
abs,2023-03-01,17,142.819
abs,2023-04-01,17,134.109
abs,2023-05-01,17,131.144
abs,2023-06-01,17,145.51
abs,2023-07-01,17,142.282
abs,2023-08-01,17,150.367
abs,2023-09-01,17,168.155
abs,2023-10-01,17,150.06
abs,2023-11-01,17,167.738
abs,2023-12-01,17,165.057
abs,2024-01-01,17,163.022
abs,2024-02-01,17,151.897
abs,2024-03-01,17,143.853
abs,2024-04-01,17,138.682
abs,2024-05-01,17,132.707
abs,2024-06-01,17,150.675
abs,2024-07-01,17,153.544
abs,2024-08-01,17,158.098
abs,2024-09-01,17,167.318
abs,2024-10-01,17,148.67
abs,2024-11-01,17,172.636
abs,2024-12-01,17,168.614
abs,2025-01-01,17,160.171
abs,2025-02-01,17,153.662
abs,2025-03-01,17,143.471
abs,2025-04-01,17,139.106
abs,2025-05-01,17,129.513
abs,2025-06-01,17,145.782
abs,2025-07-01,17,150.288
abs,2025-08-01,17,152.976
abs,2025-09-01,17,166.006
abs,2025-10-01,17,147.724
abs,2025-11-01,17,165.906
abs,2025-12-01,17,163.276
abs,2026-01-01,17,162.305
abs,2026-02-01,17,149.365
abs,2026-03-01,17,140.743
abs,2026-04-01,17,142.205
abs,2026-05-01,17,134.833
growth_yoy,2016-01-01,17,14.369
growth_yoy,2016-02-01,17,9.771
growth_yoy,2016-03-01,17,2.735
growth_yoy,2016-04-01,17,5.534
growth_yoy,2016-05-01,17,5.487
growth_yoy,2016-06-01,17,5.388
growth_yoy,2016-07-01,17,1.659
growth_yoy,2016-08-01,17,3.077
growth_yoy,2016-09-01,17,1.427
growth_yoy,2016-10-01,17,0.678
growth_yoy,2016-11-01,17,4.097
growth_yoy,2016-12-01,17,2.002
growth_yoy,2017-01-01,17,3.943
growth_yoy,2017-02-01,17,12.629
growth_yoy,2017-03-01,17,4.107
growth_yoy,2017-04-01,17,8.182
growth_yoy,2017-05-01,17,10.961
growth_yoy,2017-06-01,17,2.295
growth_yoy,2017-07-01,17,5.101
growth_yoy,2017-08-01,17,1.086
growth_yoy,2017-09-01,17,0.178
growth_yoy,2017-10-01,17,4.698
growth_yoy,2017-11-01,17,4.663
growth_yoy,2017-12-01,17,9.781
growth_yoy,2018-01-01,17,4.37
growth_yoy,2018-02-01,17,2.468
growth_yoy,2018-03-01,17,4.38
growth_yoy,2018-04-01,17,3.781
growth_yoy,2018-05-01,17,5.717
growth_yoy,2018-06-01,17,7.862
growth_yoy,2018-07-01,17,8.956
growth_yoy,2018-08-01,17,6.434
growth_yoy,2018-09-01,17,0.546
growth_yoy,2018-10-01,17,3.144
growth_yoy,2018-11-01,17,0.346
growth_yoy,2018-12-01,17,3.995
growth_yoy,2019-01-01,17,1.415
growth_yoy,2019-02-01,17,4.643
growth_yoy,2019-03-01,17,4.66
growth_yoy,2019-04-01,17,4.859
growth_yoy,2019-05-01,17,5.219
growth_yoy,2019-06-01,17,4.27
growth_yoy,2019-07-01,17,4.873
growth_yoy,2019-08-01,17,4.661
growth_yoy,2019-09-01,17,4.126
growth_yoy,2019-10-01,17,3.068
growth_yoy,2019-11-01,17,7.953
growth_yoy,2019-12-01,17,2.239
growth_yoy,2020-01-01,17,0.163
growth_yoy,2020-02-01,17,5.098
growth_yoy,2020-03-01,17,-8.388
growth_yoy,2020-04-01,17,-47.553
growth_yoy,2020-05-01,17,-21.248
growth_yoy,2020-06-01,17,10.696
growth_yoy,2020-07-01,17,6.63
growth_yoy,2020-08-01,17,2.419
growth_yoy,2020-09-01,17,5.088
growth_yoy,2020-10-01,17,5.742
growth_yoy,2020-11-01,17,3.55
growth_yoy,2020-12-01,17,5.335
growth_yoy,2021-01-01,17,8.714
growth_yoy,2021-02-01,17,6.303
growth_yoy,2021-03-01,17,17.699
growth_yoy,2021-04-01,17,88.683
growth_yoy,2021-05-01,17,19.302
growth_yoy,2021-06-01,17,0.226
growth_yoy,2021-07-01,17,-2.414
growth_yoy,2021-08-01,17,13.672
growth_yoy,2021-09-01,17,14.163
growth_yoy,2021-10-01,17,17.044
growth_yoy,2021-11-01,17,19.531
growth_yoy,2021-12-01,17,12.409
growth_yoy,2022-01-01,17,14.65
growth_yoy,2022-02-01,17,6.242
growth_yoy,2022-03-01,17,4.864
growth_yoy,2022-04-01,17,8.004
growth_yoy,2022-05-01,17,7.415
growth_yoy,2022-06-01,17,10.472
growth_yoy,2022-07-01,17,13.992
growth_yoy,2022-08-01,17,12.224
growth_yoy,2022-09-01,17,9.886
growth_yoy,2022-10-01,17,2.509
growth_yoy,2022-11-01,17,0.33
growth_yoy,2022-12-01,17,2.362
growth_yoy,2023-01-01,17,2.237
growth_yoy,2023-02-01,17,5.575
growth_yoy,2023-03-01,17,3.427
growth_yoy,2023-04-01,17,1.375
growth_yoy,2023-05-01,17,6.946
growth_yoy,2023-06-01,17,2.072
growth_yoy,2023-07-01,17,1.678
growth_yoy,2023-08-01,17,3.26
growth_yoy,2023-09-01,17,3.435
growth_yoy,2023-10-01,17,4.622
growth_yoy,2023-11-01,17,8.109
growth_yoy,2023-12-01,17,5.829
growth_yoy,2024-01-01,17,6.893
growth_yoy,2024-02-01,17,3.631
growth_yoy,2024-03-01,17,0.724
growth_yoy,2024-04-01,17,3.41
growth_yoy,2024-05-01,17,1.192
growth_yoy,2024-06-01,17,3.55
growth_yoy,2024-07-01,17,7.915
growth_yoy,2024-08-01,17,5.141
growth_yoy,2024-09-01,17,-0.498
growth_yoy,2024-10-01,17,-0.926
growth_yoy,2024-11-01,17,2.92
growth_yoy,2024-12-01,17,2.155
growth_yoy,2025-01-01,17,-1.749
growth_yoy,2025-02-01,17,1.162
growth_yoy,2025-03-01,17,-0.265
growth_yoy,2025-04-01,17,0.306
growth_yoy,2025-05-01,17,-2.406
growth_yoy,2025-06-01,17,-3.247
growth_yoy,2025-07-01,17,-2.121
growth_yoy,2025-08-01,17,-3.239
growth_yoy,2025-09-01,17,-0.784
growth_yoy,2025-10-01,17,-0.636
growth_yoy,2025-11-01,17,-3.898
growth_yoy,2025-12-01,17,-3.166
growth_yoy,2026-01-01,17,1.333
growth_yoy,2026-02-01,17,-2.796
growth_yoy,2026-03-01,17,-1.902
growth_yoy,2026-04-01,17,2.228
growth_yoy,2026-05-01,17,4.108
growth_mom,2015-02-01,17,-7.084
growth_mom,2015-03-01,17,18.46
growth_mom,2015-04-01,17,-4.685
growth_mom,2015-05-01,17,-6.321
growth_mom,2015-06-01,17,2.787
growth_mom,2015-07-01,17,0.732
growth_mom,2015-08-01,17,-0.626
growth_mom,2015-09-01,17,20.72
growth_mom,2015-10-01,17,-12.97
growth_mom,2015-11-01,17,4.932
growth_mom,2015-12-01,17,2.096
growth_mom,2016-01-01,17,0.484
growth_mom,2016-02-01,17,-10.82
growth_mom,2016-03-01,17,10.867
growth_mom,2016-04-01,17,-2.088
growth_mom,2016-05-01,17,-6.362
growth_mom,2016-06-01,17,2.69
growth_mom,2016-07-01,17,-2.832
growth_mom,2016-08-01,17,0.76
growth_mom,2016-09-01,17,18.788
growth_mom,2016-10-01,17,-13.612
growth_mom,2016-11-01,17,8.495
growth_mom,2016-12-01,17,0.042
growth_mom,2017-01-01,17,2.396
growth_mom,2017-02-01,17,-3.367
growth_mom,2017-03-01,17,2.478
growth_mom,2017-04-01,17,1.744
growth_mom,2017-05-01,17,-3.956
growth_mom,2017-06-01,17,-5.33
growth_mom,2017-07-01,17,-0.167
growth_mom,2017-08-01,17,-3.089
growth_mom,2017-09-01,17,17.721
growth_mom,2017-10-01,17,-9.714
growth_mom,2017-11-01,17,8.459
growth_mom,2017-12-01,17,4.934
growth_mom,2018-01-01,17,-2.651
growth_mom,2018-02-01,17,-5.128
growth_mom,2018-03-01,17,4.39
growth_mom,2018-04-01,17,1.16
growth_mom,2018-05-01,17,-2.165
growth_mom,2018-06-01,17,-3.408
growth_mom,2018-07-01,17,0.845
growth_mom,2018-08-01,17,-5.332
growth_mom,2018-09-01,17,11.209
growth_mom,2018-10-01,17,-7.381
growth_mom,2018-11-01,17,5.516
growth_mom,2018-12-01,17,8.75
growth_mom,2019-01-01,17,-5.066
growth_mom,2019-02-01,17,-2.109
growth_mom,2019-03-01,17,4.408
growth_mom,2019-04-01,17,1.352
growth_mom,2019-05-01,17,-1.829
growth_mom,2019-06-01,17,-4.279
growth_mom,2019-07-01,17,1.429
growth_mom,2019-08-01,17,-5.524
growth_mom,2019-09-01,17,10.64
growth_mom,2019-10-01,17,-8.322
growth_mom,2019-11-01,17,10.518
growth_mom,2019-12-01,17,2.993
growth_mom,2020-01-01,17,-6.994
growth_mom,2020-02-01,17,2.714
growth_mom,2020-03-01,17,-8.99
growth_mom,2020-04-01,17,-41.977
growth_mom,2020-05-01,17,47.408
growth_mom,2020-06-01,17,34.549
growth_mom,2020-07-01,17,-2.297
growth_mom,2020-08-01,17,-9.255
growth_mom,2020-09-01,17,13.524
growth_mom,2020-10-01,17,-7.752
growth_mom,2020-11-01,17,8.227
growth_mom,2020-12-01,17,4.768
growth_mom,2021-01-01,17,-4.01
growth_mom,2021-02-01,17,0.436
growth_mom,2021-03-01,17,0.767
growth_mom,2021-04-01,17,-6.983
growth_mom,2021-05-01,17,-6.796
growth_mom,2021-06-01,17,13.036
growth_mom,2021-07-01,17,-4.871
growth_mom,2021-08-01,17,5.703
growth_mom,2021-09-01,17,14.015
growth_mom,2021-10-01,17,-5.424
growth_mom,2021-11-01,17,10.526
growth_mom,2021-12-01,17,-1.474
growth_mom,2022-01-01,17,-2.096
growth_mom,2022-02-01,17,-6.93
growth_mom,2022-03-01,17,-0.54
growth_mom,2022-04-01,17,-4.198
growth_mom,2022-05-01,17,-7.304
growth_mom,2022-06-01,17,16.252
growth_mom,2022-07-01,17,-1.839
growth_mom,2022-08-01,17,4.064
growth_mom,2022-09-01,17,11.64
growth_mom,2022-10-01,17,-11.773
growth_mom,2022-11-01,17,8.176
growth_mom,2022-12-01,17,0.521
growth_mom,2023-01-01,17,-2.216
growth_mom,2023-02-01,17,-3.891
growth_mom,2023-03-01,17,-2.562
growth_mom,2023-04-01,17,-6.099
growth_mom,2023-05-01,17,-2.211
growth_mom,2023-06-01,17,10.954
growth_mom,2023-07-01,17,-2.218
growth_mom,2023-08-01,17,5.682
growth_mom,2023-09-01,17,11.829
growth_mom,2023-10-01,17,-10.761
growth_mom,2023-11-01,17,11.781
growth_mom,2023-12-01,17,-1.598
growth_mom,2024-01-01,17,-1.233
growth_mom,2024-02-01,17,-6.824
growth_mom,2024-03-01,17,-5.296
growth_mom,2024-04-01,17,-3.595
growth_mom,2024-05-01,17,-4.308
growth_mom,2024-06-01,17,13.54
growth_mom,2024-07-01,17,1.904
growth_mom,2024-08-01,17,2.966
growth_mom,2024-09-01,17,5.832
growth_mom,2024-10-01,17,-11.145
growth_mom,2024-11-01,17,16.12
growth_mom,2024-12-01,17,-2.329
growth_mom,2025-01-01,17,-5.008
growth_mom,2025-02-01,17,-4.064
growth_mom,2025-03-01,17,-6.632
growth_mom,2025-04-01,17,-3.042
growth_mom,2025-05-01,17,-6.896
growth_mom,2025-06-01,17,12.562
growth_mom,2025-07-01,17,3.091
growth_mom,2025-08-01,17,1.789
growth_mom,2025-09-01,17,8.517
growth_mom,2025-10-01,17,-11.013
growth_mom,2025-11-01,17,12.308
growth_mom,2025-12-01,17,-1.585
growth_mom,2026-01-01,17,-0.594
growth_mom,2026-02-01,17,-7.973
growth_mom,2026-03-01,17,-5.773
growth_mom,2026-04-01,17,1.039
growth_mom,2026-05-01,17,-5.184
abs,2015-01-01,18,90.058
abs,2015-02-01,18,79.221
abs,2015-03-01,18,84.117
abs,2015-04-01,18,101.683
abs,2015-05-01,18,101.61
abs,2015-06-01,18,108.177
abs,2015-07-01,18,105.646
abs,2015-08-01,18,101.019
abs,2015-09-01,18,103.594
abs,2015-10-01,18,110.791
abs,2015-11-01,18,102.391
abs,2015-12-01,18,111.692
abs,2016-01-01,18,98.4
abs,2016-02-01,18,86.401
abs,2016-03-01,18,85.409
abs,2016-04-01,18,103.19
abs,2016-05-01,18,102.11
abs,2016-06-01,18,115.801
abs,2016-07-01,18,112.158
abs,2016-08-01,18,107.947
abs,2016-09-01,18,106.726
abs,2016-10-01,18,112.803
abs,2016-11-01,18,110.586
abs,2016-12-01,18,122.469
abs,2017-01-01,18,110.262
abs,2017-02-01,18,102.358
abs,2017-03-01,18,96.909
abs,2017-04-01,18,107.31
abs,2017-05-01,18,105.287
abs,2017-06-01,18,116.432
abs,2017-07-01,18,115.009
abs,2017-08-01,18,109.467
abs,2017-09-01,18,107.902
abs,2017-10-01,18,108.991
abs,2017-11-01,18,113.83
abs,2017-12-01,18,128.208
abs,2018-01-01,18,110.46
abs,2018-02-01,18,105.909
abs,2018-03-01,18,104.819
abs,2018-04-01,18,107.964
abs,2018-05-01,18,108.685
abs,2018-06-01,18,121.236
abs,2018-07-01,18,119.791
abs,2018-08-01,18,115.331
abs,2018-09-01,18,112.937
abs,2018-10-01,18,114.572
abs,2018-11-01,18,120.179
abs,2018-12-01,18,131.249
abs,2019-01-01,18,117.622
abs,2019-02-01,18,110.866
abs,2019-03-01,18,109.046
abs,2019-04-01,18,112.454
abs,2019-05-01,18,114.494
abs,2019-06-01,18,126.135
abs,2019-07-01,18,125.812
abs,2019-08-01,18,121.447
abs,2019-09-01,18,119.039
abs,2019-10-01,18,117.267
abs,2019-11-01,18,120.259
abs,2019-12-01,18,135.757
abs,2020-01-01,18,124.663
abs,2020-02-01,18,117.702
abs,2020-03-01,18,101.715
abs,2020-04-01,18,51.606
abs,2020-05-01,18,80.264
abs,2020-06-01,18,118.129
abs,2020-07-01,18,131.749
abs,2020-08-01,18,123.824
abs,2020-09-01,18,122.306
abs,2020-10-01,18,120.178
abs,2020-11-01,18,123.67
abs,2020-12-01,18,141.691
abs,2021-01-01,18,125.906
abs,2021-02-01,18,119.811
abs,2021-03-01,18,112.785
abs,2021-04-01,18,116.515
abs,2021-05-01,18,110.79
abs,2021-06-01,18,94.236
abs,2021-07-01,18,98.799
abs,2021-08-01,18,110.577
abs,2021-09-01,18,118.717
abs,2021-10-01,18,119.926
abs,2021-11-01,18,125.791
abs,2021-12-01,18,145.889
abs,2022-01-01,18,127.624
abs,2022-02-01,18,120.78
abs,2022-03-01,18,116.634
abs,2022-04-01,18,126.382
abs,2022-05-01,18,120.292
abs,2022-06-01,18,112.531
abs,2022-07-01,18,108.876
abs,2022-08-01,18,119.833
abs,2022-09-01,18,127.282
abs,2022-10-01,18,126.402
abs,2022-11-01,18,136.799
abs,2022-12-01,18,151.377
abs,2023-01-01,18,130.93
abs,2023-02-01,18,126.683
abs,2023-03-01,18,120.857
abs,2023-04-01,18,130.348
abs,2023-05-01,18,131.069
abs,2023-06-01,18,121.329
abs,2023-07-01,18,117.847
abs,2023-08-01,18,131.689
abs,2023-09-01,18,138.561
abs,2023-10-01,18,138.115
abs,2023-11-01,18,140.874
abs,2023-12-01,18,158.194
abs,2024-01-01,18,139.783
abs,2024-02-01,18,131.233
abs,2024-03-01,18,127.187
abs,2024-04-01,18,141.43
abs,2024-05-01,18,141.366
abs,2024-06-01,18,133.162
abs,2024-07-01,18,134.475
abs,2024-08-01,18,145.907
abs,2024-09-01,18,150.88
abs,2024-10-01,18,149.266
abs,2024-11-01,18,154.273
abs,2024-12-01,18,169.727
abs,2025-01-01,18,149.287
abs,2025-02-01,18,142.593
abs,2025-03-01,18,136.684
abs,2025-04-01,18,152.345
abs,2025-05-01,18,156.718
abs,2025-06-01,18,144.368
abs,2025-07-01,18,142.35
abs,2025-08-01,18,157.872
abs,2025-09-01,18,165.406
abs,2025-10-01,18,165.571
abs,2025-11-01,18,164.775
abs,2025-12-01,18,178.566
abs,2026-01-01,18,165.019
abs,2026-02-01,18,153.731
abs,2026-03-01,18,148.067
abs,2026-04-01,18,166.79
abs,2026-05-01,18,163.98
growth_yoy,2016-01-01,18,9.263
growth_yoy,2016-02-01,18,9.062
growth_yoy,2016-03-01,18,1.536
growth_yoy,2016-04-01,18,1.482
growth_yoy,2016-05-01,18,0.492
growth_yoy,2016-06-01,18,7.048
growth_yoy,2016-07-01,18,6.163
growth_yoy,2016-08-01,18,6.858
growth_yoy,2016-09-01,18,3.023
growth_yoy,2016-10-01,18,1.817
growth_yoy,2016-11-01,18,8.004
growth_yoy,2016-12-01,18,9.649
growth_yoy,2017-01-01,18,12.056
growth_yoy,2017-02-01,18,18.469
growth_yoy,2017-03-01,18,13.465
growth_yoy,2017-04-01,18,3.993
growth_yoy,2017-05-01,18,3.111
growth_yoy,2017-06-01,18,0.545
growth_yoy,2017-07-01,18,2.542
growth_yoy,2017-08-01,18,1.408
growth_yoy,2017-09-01,18,1.102
growth_yoy,2017-10-01,18,-3.38
growth_yoy,2017-11-01,18,2.934
growth_yoy,2017-12-01,18,4.686
growth_yoy,2018-01-01,18,0.179
growth_yoy,2018-02-01,18,3.469
growth_yoy,2018-03-01,18,8.162
growth_yoy,2018-04-01,18,0.61
growth_yoy,2018-05-01,18,3.228
growth_yoy,2018-06-01,18,4.126
growth_yoy,2018-07-01,18,4.159
growth_yoy,2018-08-01,18,5.357
growth_yoy,2018-09-01,18,4.666
growth_yoy,2018-10-01,18,5.12
growth_yoy,2018-11-01,18,5.577
growth_yoy,2018-12-01,18,2.372
growth_yoy,2019-01-01,18,6.484
growth_yoy,2019-02-01,18,4.68
growth_yoy,2019-03-01,18,4.033
growth_yoy,2019-04-01,18,4.158
growth_yoy,2019-05-01,18,5.345
growth_yoy,2019-06-01,18,4.041
growth_yoy,2019-07-01,18,5.026
growth_yoy,2019-08-01,18,5.303
growth_yoy,2019-09-01,18,5.403
growth_yoy,2019-10-01,18,2.353
growth_yoy,2019-11-01,18,0.067
growth_yoy,2019-12-01,18,3.435
growth_yoy,2020-01-01,18,5.986
growth_yoy,2020-02-01,18,6.166
growth_yoy,2020-03-01,18,-6.723
growth_yoy,2020-04-01,18,-54.109
growth_yoy,2020-05-01,18,-29.897
growth_yoy,2020-06-01,18,-6.347
growth_yoy,2020-07-01,18,4.719
growth_yoy,2020-08-01,18,1.957
growth_yoy,2020-09-01,18,2.745
growth_yoy,2020-10-01,18,2.482
growth_yoy,2020-11-01,18,2.837
growth_yoy,2020-12-01,18,4.37
growth_yoy,2021-01-01,18,0.997
growth_yoy,2021-02-01,18,1.791
growth_yoy,2021-03-01,18,10.883
growth_yoy,2021-04-01,18,125.776
growth_yoy,2021-05-01,18,38.032
growth_yoy,2021-06-01,18,-20.226
growth_yoy,2021-07-01,18,-25.01
growth_yoy,2021-08-01,18,-10.698
growth_yoy,2021-09-01,18,-2.935
growth_yoy,2021-10-01,18,-0.21
growth_yoy,2021-11-01,18,1.715
growth_yoy,2021-12-01,18,2.963
growth_yoy,2022-01-01,18,1.365
growth_yoy,2022-02-01,18,0.809
growth_yoy,2022-03-01,18,3.413
growth_yoy,2022-04-01,18,8.469
growth_yoy,2022-05-01,18,8.577
growth_yoy,2022-06-01,18,19.414
growth_yoy,2022-07-01,18,10.2
growth_yoy,2022-08-01,18,8.37
growth_yoy,2022-09-01,18,7.215
growth_yoy,2022-10-01,18,5.4
growth_yoy,2022-11-01,18,8.751
growth_yoy,2022-12-01,18,3.761
growth_yoy,2023-01-01,18,2.591
growth_yoy,2023-02-01,18,4.887
growth_yoy,2023-03-01,18,3.621
growth_yoy,2023-04-01,18,3.138
growth_yoy,2023-05-01,18,8.96
growth_yoy,2023-06-01,18,7.819
growth_yoy,2023-07-01,18,8.24
growth_yoy,2023-08-01,18,9.894
growth_yoy,2023-09-01,18,8.861
growth_yoy,2023-10-01,18,9.266
growth_yoy,2023-11-01,18,2.979
growth_yoy,2023-12-01,18,4.504
growth_yoy,2024-01-01,18,6.762
growth_yoy,2024-02-01,18,3.592
growth_yoy,2024-03-01,18,5.238
growth_yoy,2024-04-01,18,8.502
growth_yoy,2024-05-01,18,7.856
growth_yoy,2024-06-01,18,9.753
growth_yoy,2024-07-01,18,14.109
growth_yoy,2024-08-01,18,10.797
growth_yoy,2024-09-01,18,8.891
growth_yoy,2024-10-01,18,8.074
growth_yoy,2024-11-01,18,9.511
growth_yoy,2024-12-01,18,7.291
growth_yoy,2025-01-01,18,6.799
growth_yoy,2025-02-01,18,8.657
growth_yoy,2025-03-01,18,7.467
growth_yoy,2025-04-01,18,7.718
growth_yoy,2025-05-01,18,10.86
growth_yoy,2025-06-01,18,8.415
growth_yoy,2025-07-01,18,5.857
growth_yoy,2025-08-01,18,8.201
growth_yoy,2025-09-01,18,9.628
growth_yoy,2025-10-01,18,10.923
growth_yoy,2025-11-01,18,6.807
growth_yoy,2025-12-01,18,5.208
growth_yoy,2026-01-01,18,10.538
growth_yoy,2026-02-01,18,7.811
growth_yoy,2026-03-01,18,8.328
growth_yoy,2026-04-01,18,9.482
growth_yoy,2026-05-01,18,4.634
growth_mom,2015-02-01,18,-12.033
growth_mom,2015-03-01,18,6.179
growth_mom,2015-04-01,18,20.884
growth_mom,2015-05-01,18,-0.072
growth_mom,2015-06-01,18,6.462
growth_mom,2015-07-01,18,-2.339
growth_mom,2015-08-01,18,-4.38
growth_mom,2015-09-01,18,2.549
growth_mom,2015-10-01,18,6.947
growth_mom,2015-11-01,18,-7.582
growth_mom,2015-12-01,18,9.083
growth_mom,2016-01-01,18,-11.901
growth_mom,2016-02-01,18,-12.194
growth_mom,2016-03-01,18,-1.148
growth_mom,2016-04-01,18,20.819
growth_mom,2016-05-01,18,-1.046
growth_mom,2016-06-01,18,13.407
growth_mom,2016-07-01,18,-3.146
growth_mom,2016-08-01,18,-3.754
growth_mom,2016-09-01,18,-1.131
growth_mom,2016-10-01,18,5.694
growth_mom,2016-11-01,18,-1.966
growth_mom,2016-12-01,18,10.746
growth_mom,2017-01-01,18,-9.967
growth_mom,2017-02-01,18,-7.168
growth_mom,2017-03-01,18,-5.324
growth_mom,2017-04-01,18,10.733
growth_mom,2017-05-01,18,-1.885
growth_mom,2017-06-01,18,10.585
growth_mom,2017-07-01,18,-1.222
growth_mom,2017-08-01,18,-4.819
growth_mom,2017-09-01,18,-1.429
growth_mom,2017-10-01,18,1.009
growth_mom,2017-11-01,18,4.44
growth_mom,2017-12-01,18,12.631
growth_mom,2018-01-01,18,-13.843
growth_mom,2018-02-01,18,-4.12
growth_mom,2018-03-01,18,-1.03
growth_mom,2018-04-01,18,3.001
growth_mom,2018-05-01,18,0.668
growth_mom,2018-06-01,18,11.547
growth_mom,2018-07-01,18,-1.191
growth_mom,2018-08-01,18,-3.723
growth_mom,2018-09-01,18,-2.076
growth_mom,2018-10-01,18,1.448
growth_mom,2018-11-01,18,4.894
growth_mom,2018-12-01,18,9.212
growth_mom,2019-01-01,18,-10.383
growth_mom,2019-02-01,18,-5.744
growth_mom,2019-03-01,18,-1.641
growth_mom,2019-04-01,18,3.125
growth_mom,2019-05-01,18,1.815
growth_mom,2019-06-01,18,10.167
growth_mom,2019-07-01,18,-0.256
growth_mom,2019-08-01,18,-3.469
growth_mom,2019-09-01,18,-1.983
growth_mom,2019-10-01,18,-1.488
growth_mom,2019-11-01,18,2.551
growth_mom,2019-12-01,18,12.887
growth_mom,2020-01-01,18,-8.172
growth_mom,2020-02-01,18,-5.584
growth_mom,2020-03-01,18,-13.583
growth_mom,2020-04-01,18,-49.264
growth_mom,2020-05-01,18,55.53
growth_mom,2020-06-01,18,47.177
growth_mom,2020-07-01,18,11.529
growth_mom,2020-08-01,18,-6.015
growth_mom,2020-09-01,18,-1.226
growth_mom,2020-10-01,18,-1.74
growth_mom,2020-11-01,18,2.906
growth_mom,2020-12-01,18,14.571
growth_mom,2021-01-01,18,-11.14
growth_mom,2021-02-01,18,-4.841
growth_mom,2021-03-01,18,-5.865
growth_mom,2021-04-01,18,3.308
growth_mom,2021-05-01,18,-4.914
growth_mom,2021-06-01,18,-14.941
growth_mom,2021-07-01,18,4.841
growth_mom,2021-08-01,18,11.922
growth_mom,2021-09-01,18,7.361
growth_mom,2021-10-01,18,1.018
growth_mom,2021-11-01,18,4.89
growth_mom,2021-12-01,18,15.978
growth_mom,2022-01-01,18,-12.52
growth_mom,2022-02-01,18,-5.363
growth_mom,2022-03-01,18,-3.433
growth_mom,2022-04-01,18,8.358
growth_mom,2022-05-01,18,-4.819
growth_mom,2022-06-01,18,-6.452
growth_mom,2022-07-01,18,-3.248
growth_mom,2022-08-01,18,10.064
growth_mom,2022-09-01,18,6.216
growth_mom,2022-10-01,18,-0.691
growth_mom,2022-11-01,18,8.225
growth_mom,2022-12-01,18,10.656
growth_mom,2023-01-01,18,-13.507
growth_mom,2023-02-01,18,-3.244
growth_mom,2023-03-01,18,-4.599
growth_mom,2023-04-01,18,7.853
growth_mom,2023-05-01,18,0.554
growth_mom,2023-06-01,18,-7.431
growth_mom,2023-07-01,18,-2.87
growth_mom,2023-08-01,18,11.745
growth_mom,2023-09-01,18,5.218
growth_mom,2023-10-01,18,-0.322
growth_mom,2023-11-01,18,1.997
growth_mom,2023-12-01,18,12.295
growth_mom,2024-01-01,18,-11.638
growth_mom,2024-02-01,18,-6.117
growth_mom,2024-03-01,18,-3.083
growth_mom,2024-04-01,18,11.198
growth_mom,2024-05-01,18,-0.045
growth_mom,2024-06-01,18,-5.803
growth_mom,2024-07-01,18,0.986
growth_mom,2024-08-01,18,8.502
growth_mom,2024-09-01,18,3.408
growth_mom,2024-10-01,18,-1.07
growth_mom,2024-11-01,18,3.354
growth_mom,2024-12-01,18,10.018
growth_mom,2025-01-01,18,-12.043
growth_mom,2025-02-01,18,-4.483
growth_mom,2025-03-01,18,-4.144
growth_mom,2025-04-01,18,11.458
growth_mom,2025-05-01,18,2.87
growth_mom,2025-06-01,18,-7.881
growth_mom,2025-07-01,18,-1.398
growth_mom,2025-08-01,18,10.904
growth_mom,2025-09-01,18,4.772
growth_mom,2025-10-01,18,0.1
growth_mom,2025-11-01,18,-0.481
growth_mom,2025-12-01,18,8.37
growth_mom,2026-01-01,18,-7.587
growth_mom,2026-02-01,18,-6.84
growth_mom,2026-03-01,18,-3.684
growth_mom,2026-04-01,18,12.645
growth_mom,2026-05-01,18,-1.685
abs,2015-01-01,31,95.633
abs,2015-02-01,31,98.911
abs,2015-03-01,31,99.531
abs,2015-04-01,31,85.324
abs,2015-05-01,31,102.129
abs,2015-06-01,31,96.127
abs,2015-07-01,31,95.219
abs,2015-08-01,31,98.329
abs,2015-09-01,31,99.822
abs,2015-10-01,31,112.209
abs,2015-11-01,31,111.033
abs,2015-12-01,31,105.767
abs,2016-01-01,31,103.755
abs,2016-02-01,31,108.415
abs,2016-03-01,31,110.523
abs,2016-04-01,31,93.637
abs,2016-05-01,31,109.199
abs,2016-06-01,31,108.27
abs,2016-07-01,31,106.102
abs,2016-08-01,31,111.107
abs,2016-09-01,31,108.887
abs,2016-10-01,31,118.284
abs,2016-11-01,31,124.704
abs,2016-12-01,31,117.101
abs,2017-01-01,31,118.185
abs,2017-02-01,31,119.154
abs,2017-03-01,31,125.694
abs,2017-04-01,31,102.277
abs,2017-05-01,31,119.292
abs,2017-06-01,31,114.994
abs,2017-07-01,31,115.107
abs,2017-08-01,31,120.526
abs,2017-09-01,31,115.419
abs,2017-10-01,31,118.529
abs,2017-11-01,31,119.173
abs,2017-12-01,31,112.25
abs,2018-01-01,31,122.645
abs,2018-02-01,31,119.768
abs,2018-03-01,31,128.665
abs,2018-04-01,31,105.94
abs,2018-05-01,31,117.388
abs,2018-06-01,31,120.86
abs,2018-07-01,31,122.05
abs,2018-08-01,31,127.194
abs,2018-09-01,31,129.25
abs,2018-10-01,31,128.681
abs,2018-11-01,31,121.676
abs,2018-12-01,31,121.549
abs,2019-01-01,31,133.54
abs,2019-02-01,31,128.35
abs,2019-03-01,31,138.986
abs,2019-04-01,31,114.966
abs,2019-05-01,31,128.895
abs,2019-06-01,31,128.623
abs,2019-07-01,31,130.222
abs,2019-08-01,31,136.473
abs,2019-09-01,31,138.258
abs,2019-10-01,31,139.565
abs,2019-11-01,31,132.681
abs,2019-12-01,31,133.617
abs,2020-01-01,31,138.954
abs,2020-02-01,31,137.348
abs,2020-03-01,31,128.625
abs,2020-04-01,31,11.149
abs,2020-05-01,31,63.737
abs,2020-06-01,31,151.895
abs,2020-07-01,31,137.251
abs,2020-08-01,31,138.401
abs,2020-09-01,31,145.048
abs,2020-10-01,31,145.531
abs,2020-11-01,31,137.046
abs,2020-12-01,31,138.567
abs,2021-01-01,31,144.492
abs,2021-02-01,31,139.083
abs,2021-03-01,31,144.421
abs,2021-04-01,31,117.891
abs,2021-05-01,31,115.345
abs,2021-06-01,31,99.919
abs,2021-07-01,31,75.459
abs,2021-08-01,31,79.118
abs,2021-09-01,31,102.086
abs,2021-10-01,31,122.448
abs,2021-11-01,31,138.993
abs,2021-12-01,31,139.751
abs,2022-01-01,31,151.877
abs,2022-02-01,31,144.614
abs,2022-03-01,31,158.465
abs,2022-04-01,31,137.607
abs,2022-05-01,31,126.399
abs,2022-06-01,31,124.518
abs,2022-07-01,31,114.837
abs,2022-08-01,31,111.453
abs,2022-09-01,31,112.795
abs,2022-10-01,31,114.225
abs,2022-11-01,31,128.86
abs,2022-12-01,31,128.144
abs,2023-01-01,31,134.14
abs,2023-02-01,31,132.981
abs,2023-03-01,31,136.476
abs,2023-04-01,31,115.485
abs,2023-05-01,31,126.676
abs,2023-06-01,31,118.648
abs,2023-07-01,31,110.322
abs,2023-08-01,31,107.603
abs,2023-09-01,31,105.897
abs,2023-10-01,31,119.716
abs,2023-11-01,31,135.5
abs,2023-12-01,31,138.999
abs,2024-01-01,31,148.426
abs,2024-02-01,31,141.813
abs,2024-03-01,31,153.705
abs,2024-04-01,31,130.643
abs,2024-05-01,31,134.087
abs,2024-06-01,31,123.813
abs,2024-07-01,31,113.606
abs,2024-08-01,31,115.46
abs,2024-09-01,31,111.4
abs,2024-10-01,31,125.264
abs,2024-11-01,31,138.854
abs,2024-12-01,31,143.61
abs,2025-01-01,31,148.258
abs,2025-02-01,31,147.863
abs,2025-03-01,31,159.796
abs,2025-04-01,31,137.472
abs,2025-05-01,31,141.825
abs,2025-06-01,31,135.954
abs,2025-07-01,31,126.213
abs,2025-08-01,31,124.398
abs,2025-09-01,31,120.356
abs,2025-10-01,31,137.471
abs,2025-11-01,31,149.159
abs,2025-12-01,31,150.307
abs,2026-01-01,31,159.723
abs,2026-02-01,31,153.585
abs,2026-03-01,31,165.248
abs,2026-04-01,31,145.607
abs,2026-05-01,31,149.88
growth_yoy,2016-01-01,31,8.493
growth_yoy,2016-02-01,31,9.609
growth_yoy,2016-03-01,31,11.043
growth_yoy,2016-04-01,31,9.743
growth_yoy,2016-05-01,31,6.923
growth_yoy,2016-06-01,31,12.632
growth_yoy,2016-07-01,31,11.429
growth_yoy,2016-08-01,31,12.996
growth_yoy,2016-09-01,31,9.081
growth_yoy,2016-10-01,31,5.414
growth_yoy,2016-11-01,31,12.312
growth_yoy,2016-12-01,31,10.717
growth_yoy,2017-01-01,31,13.908
growth_yoy,2017-02-01,31,9.905
growth_yoy,2017-03-01,31,13.727
growth_yoy,2017-04-01,31,9.227
growth_yoy,2017-05-01,31,9.243
growth_yoy,2017-06-01,31,6.21
growth_yoy,2017-07-01,31,8.487
growth_yoy,2017-08-01,31,8.477
growth_yoy,2017-09-01,31,5.999
growth_yoy,2017-10-01,31,0.208
growth_yoy,2017-11-01,31,-4.435
growth_yoy,2017-12-01,31,-4.143
growth_yoy,2018-01-01,31,3.774
growth_yoy,2018-02-01,31,0.515
growth_yoy,2018-03-01,31,2.364
growth_yoy,2018-04-01,31,3.582
growth_yoy,2018-05-01,31,-1.596
growth_yoy,2018-06-01,31,5.102
growth_yoy,2018-07-01,31,6.032
growth_yoy,2018-08-01,31,5.533
growth_yoy,2018-09-01,31,11.983
growth_yoy,2018-10-01,31,8.564
growth_yoy,2018-11-01,31,2.1
growth_yoy,2018-12-01,31,8.284
growth_yoy,2019-01-01,31,8.883
growth_yoy,2019-02-01,31,7.166
growth_yoy,2019-03-01,31,8.021
growth_yoy,2019-04-01,31,8.52
growth_yoy,2019-05-01,31,9.802
growth_yoy,2019-06-01,31,6.423
growth_yoy,2019-07-01,31,6.696
growth_yoy,2019-08-01,31,7.295
growth_yoy,2019-09-01,31,6.97
growth_yoy,2019-10-01,31,8.459
growth_yoy,2019-11-01,31,9.044
growth_yoy,2019-12-01,31,9.929
growth_yoy,2020-01-01,31,4.054
growth_yoy,2020-02-01,31,7.01
growth_yoy,2020-03-01,31,-7.455
growth_yoy,2020-04-01,31,-90.302
growth_yoy,2020-05-01,31,-50.551
growth_yoy,2020-06-01,31,18.093
growth_yoy,2020-07-01,31,5.397
growth_yoy,2020-08-01,31,1.412
growth_yoy,2020-09-01,31,4.911
growth_yoy,2020-10-01,31,4.274
growth_yoy,2020-11-01,31,3.29
growth_yoy,2020-12-01,31,3.704
growth_yoy,2021-01-01,31,3.985
growth_yoy,2021-02-01,31,1.263
growth_yoy,2021-03-01,31,12.281
growth_yoy,2021-04-01,31,957.419
growth_yoy,2021-05-01,31,80.969
growth_yoy,2021-06-01,31,-34.218
growth_yoy,2021-07-01,31,-45.021
growth_yoy,2021-08-01,31,-42.834
growth_yoy,2021-09-01,31,-29.619
growth_yoy,2021-10-01,31,-15.861
growth_yoy,2021-11-01,31,1.421
growth_yoy,2021-12-01,31,0.855
growth_yoy,2022-01-01,31,5.111
growth_yoy,2022-02-01,31,3.976
growth_yoy,2022-03-01,31,9.724
growth_yoy,2022-04-01,31,16.724
growth_yoy,2022-05-01,31,9.584
growth_yoy,2022-06-01,31,24.619
growth_yoy,2022-07-01,31,52.185
growth_yoy,2022-08-01,31,40.868
growth_yoy,2022-09-01,31,10.49
growth_yoy,2022-10-01,31,-6.715
growth_yoy,2022-11-01,31,-7.29
growth_yoy,2022-12-01,31,-8.306
growth_yoy,2023-01-01,31,-11.678
growth_yoy,2023-02-01,31,-8.044
growth_yoy,2023-03-01,31,-13.876
growth_yoy,2023-04-01,31,-16.076
growth_yoy,2023-05-01,31,0.219
growth_yoy,2023-06-01,31,-4.714
growth_yoy,2023-07-01,31,-3.931
growth_yoy,2023-08-01,31,-3.455
growth_yoy,2023-09-01,31,-6.116
growth_yoy,2023-10-01,31,4.807
growth_yoy,2023-11-01,31,5.153
growth_yoy,2023-12-01,31,8.471
growth_yoy,2024-01-01,31,10.65
growth_yoy,2024-02-01,31,6.642
growth_yoy,2024-03-01,31,12.624
growth_yoy,2024-04-01,31,13.126
growth_yoy,2024-05-01,31,5.85
growth_yoy,2024-06-01,31,4.353
growth_yoy,2024-07-01,31,2.976
growth_yoy,2024-08-01,31,7.303
growth_yoy,2024-09-01,31,5.197
growth_yoy,2024-10-01,31,4.634
growth_yoy,2024-11-01,31,2.475
growth_yoy,2024-12-01,31,3.317
growth_yoy,2025-01-01,31,-0.113
growth_yoy,2025-02-01,31,4.266
growth_yoy,2025-03-01,31,3.963
growth_yoy,2025-04-01,31,5.227
growth_yoy,2025-05-01,31,5.771
growth_yoy,2025-06-01,31,9.806
growth_yoy,2025-07-01,31,11.097
growth_yoy,2025-08-01,31,7.741
growth_yoy,2025-09-01,31,8.04
growth_yoy,2025-10-01,31,9.745
growth_yoy,2025-11-01,31,7.422
growth_yoy,2025-12-01,31,4.663
growth_yoy,2026-01-01,31,7.733
growth_yoy,2026-02-01,31,3.87
growth_yoy,2026-03-01,31,3.412
growth_yoy,2026-04-01,31,5.917
growth_yoy,2026-05-01,31,5.68
growth_mom,2015-02-01,31,3.428
growth_mom,2015-03-01,31,0.627
growth_mom,2015-04-01,31,-14.274
growth_mom,2015-05-01,31,19.696
growth_mom,2015-06-01,31,-5.877
growth_mom,2015-07-01,31,-0.944
growth_mom,2015-08-01,31,3.266
growth_mom,2015-09-01,31,1.519
growth_mom,2015-10-01,31,12.409
growth_mom,2015-11-01,31,-1.048
growth_mom,2015-12-01,31,-4.743
growth_mom,2016-01-01,31,-1.902
growth_mom,2016-02-01,31,4.492
growth_mom,2016-03-01,31,1.944
growth_mom,2016-04-01,31,-15.278
growth_mom,2016-05-01,31,16.62
growth_mom,2016-06-01,31,-0.851
growth_mom,2016-07-01,31,-2.003
growth_mom,2016-08-01,31,4.718
growth_mom,2016-09-01,31,-1.998
growth_mom,2016-10-01,31,8.63
growth_mom,2016-11-01,31,5.428
growth_mom,2016-12-01,31,-6.096
growth_mom,2017-01-01,31,0.926
growth_mom,2017-02-01,31,0.819
growth_mom,2017-03-01,31,5.489
growth_mom,2017-04-01,31,-18.63
growth_mom,2017-05-01,31,16.636
growth_mom,2017-06-01,31,-3.604
growth_mom,2017-07-01,31,0.098
growth_mom,2017-08-01,31,4.708
growth_mom,2017-09-01,31,-4.237
growth_mom,2017-10-01,31,2.694
growth_mom,2017-11-01,31,0.543
growth_mom,2017-12-01,31,-5.809
growth_mom,2018-01-01,31,9.26
growth_mom,2018-02-01,31,-2.346
growth_mom,2018-03-01,31,7.429
growth_mom,2018-04-01,31,-17.662
growth_mom,2018-05-01,31,10.806
growth_mom,2018-06-01,31,2.958
growth_mom,2018-07-01,31,0.985
growth_mom,2018-08-01,31,4.215
growth_mom,2018-09-01,31,1.616
growth_mom,2018-10-01,31,-0.441
growth_mom,2018-11-01,31,-5.443
growth_mom,2018-12-01,31,-0.104
growth_mom,2019-01-01,31,9.865
growth_mom,2019-02-01,31,-3.886
growth_mom,2019-03-01,31,8.286
growth_mom,2019-04-01,31,-17.282
growth_mom,2019-05-01,31,12.116
growth_mom,2019-06-01,31,-0.211
growth_mom,2019-07-01,31,1.244
growth_mom,2019-08-01,31,4.8
growth_mom,2019-09-01,31,1.308
growth_mom,2019-10-01,31,0.945
growth_mom,2019-11-01,31,-4.933
growth_mom,2019-12-01,31,0.706
growth_mom,2020-01-01,31,3.994
growth_mom,2020-02-01,31,-1.155
growth_mom,2020-03-01,31,-6.351
growth_mom,2020-04-01,31,-91.332
growth_mom,2020-05-01,31,471.691
growth_mom,2020-06-01,31,138.313
growth_mom,2020-07-01,31,-9.641
growth_mom,2020-08-01,31,0.838
growth_mom,2020-09-01,31,4.803
growth_mom,2020-10-01,31,0.333
growth_mom,2020-11-01,31,-5.83
growth_mom,2020-12-01,31,1.11
growth_mom,2021-01-01,31,4.276
growth_mom,2021-02-01,31,-3.743
growth_mom,2021-03-01,31,3.838
growth_mom,2021-04-01,31,-18.37
growth_mom,2021-05-01,31,-2.16
growth_mom,2021-06-01,31,-13.374
growth_mom,2021-07-01,31,-24.48
growth_mom,2021-08-01,31,4.85
growth_mom,2021-09-01,31,29.03
growth_mom,2021-10-01,31,19.946
growth_mom,2021-11-01,31,13.511
growth_mom,2021-12-01,31,0.546
growth_mom,2022-01-01,31,8.676
growth_mom,2022-02-01,31,-4.782
growth_mom,2022-03-01,31,9.578
growth_mom,2022-04-01,31,-13.162
growth_mom,2022-05-01,31,-8.145
growth_mom,2022-06-01,31,-1.489
growth_mom,2022-07-01,31,-7.774
growth_mom,2022-08-01,31,-2.947
growth_mom,2022-09-01,31,1.204
growth_mom,2022-10-01,31,1.268
growth_mom,2022-11-01,31,12.812
growth_mom,2022-12-01,31,-0.556
growth_mom,2023-01-01,31,4.679
growth_mom,2023-02-01,31,-0.864
growth_mom,2023-03-01,31,2.628
growth_mom,2023-04-01,31,-15.381
growth_mom,2023-05-01,31,9.69
growth_mom,2023-06-01,31,-6.337
growth_mom,2023-07-01,31,-7.017
growth_mom,2023-08-01,31,-2.465
growth_mom,2023-09-01,31,-1.585
growth_mom,2023-10-01,31,13.05
growth_mom,2023-11-01,31,13.185
growth_mom,2023-12-01,31,2.582
growth_mom,2024-01-01,31,6.782
growth_mom,2024-02-01,31,-4.456
growth_mom,2024-03-01,31,8.386
growth_mom,2024-04-01,31,-15.004
growth_mom,2024-05-01,31,2.636
growth_mom,2024-06-01,31,-7.662
growth_mom,2024-07-01,31,-8.244
growth_mom,2024-08-01,31,1.632
growth_mom,2024-09-01,31,-3.517
growth_mom,2024-10-01,31,12.446
growth_mom,2024-11-01,31,10.849
growth_mom,2024-12-01,31,3.425
growth_mom,2025-01-01,31,3.237
growth_mom,2025-02-01,31,-0.267
growth_mom,2025-03-01,31,8.071
growth_mom,2025-04-01,31,-13.97
growth_mom,2025-05-01,31,3.166
growth_mom,2025-06-01,31,-4.139
growth_mom,2025-07-01,31,-7.165
growth_mom,2025-08-01,31,-1.438
growth_mom,2025-09-01,31,-3.249
growth_mom,2025-10-01,31,14.22
growth_mom,2025-11-01,31,8.502
growth_mom,2025-12-01,31,0.769
growth_mom,2026-01-01,31,6.265
growth_mom,2026-02-01,31,-3.843
growth_mom,2026-03-01,31,7.594
growth_mom,2026-04-01,31,-11.886
growth_mom,2026-05-01,31,2.935
abs,2015-01-01,19,107.541
abs,2015-02-01,19,100.081
abs,2015-03-01,19,106.727
abs,2015-04-01,19,91.085
abs,2015-05-01,19,100.438
abs,2015-06-01,19,102.683
abs,2015-07-01,19,98.809
abs,2015-08-01,19,88.845
abs,2015-09-01,19,94.865
abs,2015-10-01,19,106.569
abs,2015-11-01,19,95.999
abs,2015-12-01,19,106.357
abs,2016-01-01,19,106.906
abs,2016-02-01,19,102.044
abs,2016-03-01,19,109.204
abs,2016-04-01,19,95.766
abs,2016-05-01,19,105.198
abs,2016-06-01,19,107.904
abs,2016-07-01,19,102.375
abs,2016-08-01,19,90.725
abs,2016-09-01,19,98.296
abs,2016-10-01,19,108.808
abs,2016-11-01,19,101.051
abs,2016-12-01,19,108.759
abs,2017-01-01,19,108.788
abs,2017-02-01,19,104.293
abs,2017-03-01,19,112.859
abs,2017-04-01,19,97.278
abs,2017-05-01,19,107.601
abs,2017-06-01,19,109.476
abs,2017-07-01,19,105.619
abs,2017-08-01,19,100.024
abs,2017-09-01,19,103.284
abs,2017-10-01,19,109.544
abs,2017-11-01,19,110.555
abs,2017-12-01,19,110.555
abs,2018-01-01,19,116.119
abs,2018-02-01,19,112.347
abs,2018-03-01,19,111.8
abs,2018-04-01,19,100.091
abs,2018-05-01,19,110.829
abs,2018-06-01,19,111.055
abs,2018-07-01,19,106.386
abs,2018-08-01,19,103.005
abs,2018-09-01,19,106.544
abs,2018-10-01,19,115.175
abs,2018-11-01,19,116.437
abs,2018-12-01,19,112.407
abs,2019-01-01,19,120.593
abs,2019-02-01,19,112.602
abs,2019-03-01,19,116.593
abs,2019-04-01,19,104.095
abs,2019-05-01,19,113.088
abs,2019-06-01,19,114.109
abs,2019-07-01,19,110.469
abs,2019-08-01,19,105.819
abs,2019-09-01,19,109.09
abs,2019-10-01,19,117.588
abs,2019-11-01,19,117.787
abs,2019-12-01,19,116.424
abs,2020-01-01,19,125.085
abs,2020-02-01,19,119.878
abs,2020-03-01,19,117.532
abs,2020-04-01,19,66.28
abs,2020-05-01,19,69.74
abs,2020-06-01,19,100.318
abs,2020-07-01,19,98.371
abs,2020-08-01,19,96.859
abs,2020-09-01,19,98.669
abs,2020-10-01,19,104.497
abs,2020-11-01,19,104.867
abs,2020-12-01,19,112.03
abs,2021-01-01,19,109.667
abs,2021-02-01,19,115.773
abs,2021-03-01,19,115.678
abs,2021-04-01,19,93.261
abs,2021-05-01,19,106.957
abs,2021-06-01,19,117.585
abs,2021-07-01,19,122.615
abs,2021-08-01,19,116.252
abs,2021-09-01,19,107.889
abs,2021-10-01,19,114.94
abs,2021-11-01,19,121.251
abs,2021-12-01,19,112.842
abs,2022-01-01,19,111.838
abs,2022-02-01,19,114.145
abs,2022-03-01,19,129.877
abs,2022-04-01,19,92.365
abs,2022-05-01,19,109.106
abs,2022-06-01,19,130.48
abs,2022-07-01,19,129.579
abs,2022-08-01,19,131.152
abs,2022-09-01,19,124.477
abs,2022-10-01,19,127.142
abs,2022-11-01,19,123.206
abs,2022-12-01,19,116.657
abs,2023-01-01,19,124.172
abs,2023-02-01,19,121.525
abs,2023-03-01,19,138.226
abs,2023-04-01,19,93.821
abs,2023-05-01,19,115.746
abs,2023-06-01,19,116.429
abs,2023-07-01,19,116.482
abs,2023-08-01,19,121.278
abs,2023-09-01,19,114.877
abs,2023-10-01,19,122.019
abs,2023-11-01,19,121.011
abs,2023-12-01,19,111.259
abs,2024-01-01,19,120.422
abs,2024-02-01,19,124.157
abs,2024-03-01,19,140.84
abs,2024-04-01,19,99.334
abs,2024-05-01,19,109.352
abs,2024-06-01,19,130.98
abs,2024-07-01,19,130.082
abs,2024-08-01,19,119.482
abs,2024-09-01,19,111.613
abs,2024-10-01,19,120.751
abs,2024-11-01,19,122.304
abs,2024-12-01,19,114.603
abs,2025-01-01,19,124.527
abs,2025-02-01,19,123.195
abs,2025-03-01,19,137.179
abs,2025-04-01,19,95.446
abs,2025-05-01,19,104.155
abs,2025-06-01,19,128.394
abs,2025-07-01,19,128.601
abs,2025-08-01,19,118.923
abs,2025-09-01,19,111.371
abs,2025-10-01,19,117.924
abs,2025-11-01,19,118.998
abs,2025-12-01,19,113.716
abs,2026-01-01,19,119.485
abs,2026-02-01,19,119.028
abs,2026-03-01,19,140.484
abs,2026-04-01,19,99.496
abs,2026-05-01,19,112.25
growth_yoy,2016-01-01,19,-0.59
growth_yoy,2016-02-01,19,1.961
growth_yoy,2016-03-01,19,2.321
growth_yoy,2016-04-01,19,5.14
growth_yoy,2016-05-01,19,4.739
growth_yoy,2016-06-01,19,5.084
growth_yoy,2016-07-01,19,3.609
growth_yoy,2016-08-01,19,2.116
growth_yoy,2016-09-01,19,3.616
growth_yoy,2016-10-01,19,2.101
growth_yoy,2016-11-01,19,5.262
growth_yoy,2016-12-01,19,2.258
growth_yoy,2017-01-01,19,1.76
growth_yoy,2017-02-01,19,2.203
growth_yoy,2017-03-01,19,3.347
growth_yoy,2017-04-01,19,1.579
growth_yoy,2017-05-01,19,2.284
growth_yoy,2017-06-01,19,1.457
growth_yoy,2017-07-01,19,3.169
growth_yoy,2017-08-01,19,10.25
growth_yoy,2017-09-01,19,5.075
growth_yoy,2017-10-01,19,0.676
growth_yoy,2017-11-01,19,9.406
growth_yoy,2017-12-01,19,1.652
growth_yoy,2018-01-01,19,6.739
growth_yoy,2018-02-01,19,7.723
growth_yoy,2018-03-01,19,-0.939
growth_yoy,2018-04-01,19,2.891
growth_yoy,2018-05-01,19,3.001
growth_yoy,2018-06-01,19,1.442
growth_yoy,2018-07-01,19,0.726
growth_yoy,2018-08-01,19,2.98
growth_yoy,2018-09-01,19,3.157
growth_yoy,2018-10-01,19,5.141
growth_yoy,2018-11-01,19,5.32
growth_yoy,2018-12-01,19,1.675
growth_yoy,2019-01-01,19,3.853
growth_yoy,2019-02-01,19,0.227
growth_yoy,2019-03-01,19,4.287
growth_yoy,2019-04-01,19,4.0
growth_yoy,2019-05-01,19,2.038
growth_yoy,2019-06-01,19,2.75
growth_yoy,2019-07-01,19,3.838
growth_yoy,2019-08-01,19,2.732
growth_yoy,2019-09-01,19,2.389
growth_yoy,2019-10-01,19,2.095
growth_yoy,2019-11-01,19,1.159
growth_yoy,2019-12-01,19,3.574
growth_yoy,2020-01-01,19,3.724
growth_yoy,2020-02-01,19,6.462
growth_yoy,2020-03-01,19,0.806
growth_yoy,2020-04-01,19,-36.327
growth_yoy,2020-05-01,19,-38.331
growth_yoy,2020-06-01,19,-12.086
growth_yoy,2020-07-01,19,-10.951
growth_yoy,2020-08-01,19,-8.467
growth_yoy,2020-09-01,19,-9.552
growth_yoy,2020-10-01,19,-11.133
growth_yoy,2020-11-01,19,-10.968
growth_yoy,2020-12-01,19,-3.774
growth_yoy,2021-01-01,19,-12.325
growth_yoy,2021-02-01,19,-3.424
growth_yoy,2021-03-01,19,-1.577
growth_yoy,2021-04-01,19,40.707
growth_yoy,2021-05-01,19,53.365
growth_yoy,2021-06-01,19,17.213
growth_yoy,2021-07-01,19,24.644
growth_yoy,2021-08-01,19,20.022
growth_yoy,2021-09-01,19,9.344
growth_yoy,2021-10-01,19,9.994
growth_yoy,2021-11-01,19,15.623
growth_yoy,2021-12-01,19,0.725
growth_yoy,2022-01-01,19,1.98
growth_yoy,2022-02-01,19,-1.406
growth_yoy,2022-03-01,19,12.274
growth_yoy,2022-04-01,19,-0.961
growth_yoy,2022-05-01,19,2.009
growth_yoy,2022-06-01,19,10.966
growth_yoy,2022-07-01,19,5.68
growth_yoy,2022-08-01,19,12.817
growth_yoy,2022-09-01,19,15.375
growth_yoy,2022-10-01,19,10.616
growth_yoy,2022-11-01,19,1.613
growth_yoy,2022-12-01,19,3.381
growth_yoy,2023-01-01,19,11.028
growth_yoy,2023-02-01,19,6.465
growth_yoy,2023-03-01,19,6.428
growth_yoy,2023-04-01,19,1.576
growth_yoy,2023-05-01,19,6.085
growth_yoy,2023-06-01,19,-10.769
growth_yoy,2023-07-01,19,-10.108
growth_yoy,2023-08-01,19,-7.529
growth_yoy,2023-09-01,19,-7.712
growth_yoy,2023-10-01,19,-4.029
growth_yoy,2023-11-01,19,-1.782
growth_yoy,2023-12-01,19,-4.627
growth_yoy,2024-01-01,19,-3.02
growth_yoy,2024-02-01,19,2.165
growth_yoy,2024-03-01,19,1.891
growth_yoy,2024-04-01,19,5.876
growth_yoy,2024-05-01,19,-5.524
growth_yoy,2024-06-01,19,12.498
growth_yoy,2024-07-01,19,11.676
growth_yoy,2024-08-01,19,-1.481
growth_yoy,2024-09-01,19,-2.842
growth_yoy,2024-10-01,19,-1.04
growth_yoy,2024-11-01,19,1.068
growth_yoy,2024-12-01,19,3.006
growth_yoy,2025-01-01,19,3.409
growth_yoy,2025-02-01,19,-0.775
growth_yoy,2025-03-01,19,-2.599
growth_yoy,2025-04-01,19,-3.913
growth_yoy,2025-05-01,19,-4.753
growth_yoy,2025-06-01,19,-1.975
growth_yoy,2025-07-01,19,-1.139
growth_yoy,2025-08-01,19,-0.468
growth_yoy,2025-09-01,19,-0.216
growth_yoy,2025-10-01,19,-2.341
growth_yoy,2025-11-01,19,-2.703
growth_yoy,2025-12-01,19,-0.774
growth_yoy,2026-01-01,19,-4.049
growth_yoy,2026-02-01,19,-3.382
growth_yoy,2026-03-01,19,2.409
growth_yoy,2026-04-01,19,4.243
growth_yoy,2026-05-01,19,7.773
growth_mom,2015-02-01,19,-6.936
growth_mom,2015-03-01,19,6.64
growth_mom,2015-04-01,19,-14.656
growth_mom,2015-05-01,19,10.269
growth_mom,2015-06-01,19,2.236
growth_mom,2015-07-01,19,-3.773
growth_mom,2015-08-01,19,-10.084
growth_mom,2015-09-01,19,6.776
growth_mom,2015-10-01,19,12.337
growth_mom,2015-11-01,19,-9.918
growth_mom,2015-12-01,19,10.79
growth_mom,2016-01-01,19,0.516
growth_mom,2016-02-01,19,-4.548
growth_mom,2016-03-01,19,7.017
growth_mom,2016-04-01,19,-12.306
growth_mom,2016-05-01,19,9.849
growth_mom,2016-06-01,19,2.573
growth_mom,2016-07-01,19,-5.124
growth_mom,2016-08-01,19,-11.38
growth_mom,2016-09-01,19,8.344
growth_mom,2016-10-01,19,10.695
growth_mom,2016-11-01,19,-7.129
growth_mom,2016-12-01,19,7.628
growth_mom,2017-01-01,19,0.028
growth_mom,2017-02-01,19,-4.132
growth_mom,2017-03-01,19,8.214
growth_mom,2017-04-01,19,-13.806
growth_mom,2017-05-01,19,10.611
growth_mom,2017-06-01,19,1.743
growth_mom,2017-07-01,19,-3.523
growth_mom,2017-08-01,19,-5.297
growth_mom,2017-09-01,19,3.259
growth_mom,2017-10-01,19,6.061
growth_mom,2017-11-01,19,0.924
growth_mom,2017-12-01,19,-0.0
growth_mom,2018-01-01,19,5.033
growth_mom,2018-02-01,19,-3.248
growth_mom,2018-03-01,19,-0.487
growth_mom,2018-04-01,19,-10.473
growth_mom,2018-05-01,19,10.729
growth_mom,2018-06-01,19,0.204
growth_mom,2018-07-01,19,-4.205
growth_mom,2018-08-01,19,-3.178
growth_mom,2018-09-01,19,3.436
growth_mom,2018-10-01,19,8.101
growth_mom,2018-11-01,19,1.095
growth_mom,2018-12-01,19,-3.461
growth_mom,2019-01-01,19,7.283
growth_mom,2019-02-01,19,-6.627
growth_mom,2019-03-01,19,3.544
growth_mom,2019-04-01,19,-10.719
growth_mom,2019-05-01,19,8.639
growth_mom,2019-06-01,19,0.903
growth_mom,2019-07-01,19,-3.19
growth_mom,2019-08-01,19,-4.21
growth_mom,2019-09-01,19,3.091
growth_mom,2019-10-01,19,7.791
growth_mom,2019-11-01,19,0.168
growth_mom,2019-12-01,19,-1.157
growth_mom,2020-01-01,19,7.439
growth_mom,2020-02-01,19,-4.162
growth_mom,2020-03-01,19,-1.957
growth_mom,2020-04-01,19,-43.607
growth_mom,2020-05-01,19,5.22
growth_mom,2020-06-01,19,43.844
growth_mom,2020-07-01,19,-1.94
growth_mom,2020-08-01,19,-1.537
growth_mom,2020-09-01,19,1.869
growth_mom,2020-10-01,19,5.906
growth_mom,2020-11-01,19,0.355
growth_mom,2020-12-01,19,6.83
growth_mom,2021-01-01,19,-2.109
growth_mom,2021-02-01,19,5.568
growth_mom,2021-03-01,19,-0.082
growth_mom,2021-04-01,19,-19.379
growth_mom,2021-05-01,19,14.686
growth_mom,2021-06-01,19,9.937
growth_mom,2021-07-01,19,4.277
growth_mom,2021-08-01,19,-5.189
growth_mom,2021-09-01,19,-7.194
growth_mom,2021-10-01,19,6.535
growth_mom,2021-11-01,19,5.49
growth_mom,2021-12-01,19,-6.935
growth_mom,2022-01-01,19,-0.889
growth_mom,2022-02-01,19,2.063
growth_mom,2022-03-01,19,13.782
growth_mom,2022-04-01,19,-28.883
growth_mom,2022-05-01,19,18.125
growth_mom,2022-06-01,19,19.59
growth_mom,2022-07-01,19,-0.69
growth_mom,2022-08-01,19,1.214
growth_mom,2022-09-01,19,-5.09
growth_mom,2022-10-01,19,2.141
growth_mom,2022-11-01,19,-3.095
growth_mom,2022-12-01,19,-5.316
growth_mom,2023-01-01,19,6.442
growth_mom,2023-02-01,19,-2.132
growth_mom,2023-03-01,19,13.742
growth_mom,2023-04-01,19,-32.125
growth_mom,2023-05-01,19,23.369
growth_mom,2023-06-01,19,0.59
growth_mom,2023-07-01,19,0.045
growth_mom,2023-08-01,19,4.118
growth_mom,2023-09-01,19,-5.278
growth_mom,2023-10-01,19,6.217
growth_mom,2023-11-01,19,-0.826
growth_mom,2023-12-01,19,-8.059
growth_mom,2024-01-01,19,8.236
growth_mom,2024-02-01,19,3.102
growth_mom,2024-03-01,19,13.437
growth_mom,2024-04-01,19,-29.471
growth_mom,2024-05-01,19,10.086
growth_mom,2024-06-01,19,19.778
growth_mom,2024-07-01,19,-0.686
growth_mom,2024-08-01,19,-8.148
growth_mom,2024-09-01,19,-6.587
growth_mom,2024-10-01,19,8.187
growth_mom,2024-11-01,19,1.286
growth_mom,2024-12-01,19,-6.297
growth_mom,2025-01-01,19,8.66
growth_mom,2025-02-01,19,-1.07
growth_mom,2025-03-01,19,11.352
growth_mom,2025-04-01,19,-30.422
growth_mom,2025-05-01,19,9.124
growth_mom,2025-06-01,19,23.272
growth_mom,2025-07-01,19,0.161
growth_mom,2025-08-01,19,-7.525
growth_mom,2025-09-01,19,-6.35
growth_mom,2025-10-01,19,5.883
growth_mom,2025-11-01,19,0.911
growth_mom,2025-12-01,19,-4.439
growth_mom,2026-01-01,19,5.073
growth_mom,2026-02-01,19,-0.382
growth_mom,2026-03-01,19,18.026
growth_mom,2026-04-01,19,-29.176
growth_mom,2026-05-01,19,12.819
abs,2015-01-01,20,96.922
abs,2015-02-01,20,93.28
abs,2015-03-01,20,101.995
abs,2015-04-01,20,99.261
abs,2015-05-01,20,100.736
abs,2015-06-01,20,102.614
abs,2015-07-01,20,101.771
abs,2015-08-01,20,101.551
abs,2015-09-01,20,101.074
abs,2015-10-01,20,109.299
abs,2015-11-01,20,93.733
abs,2015-12-01,20,97.763
abs,2016-01-01,20,99.804
abs,2016-02-01,20,96.698
abs,2016-03-01,20,106.503
abs,2016-04-01,20,103.491
abs,2016-05-01,20,107.465
abs,2016-06-01,20,108.338
abs,2016-07-01,20,106.615
abs,2016-08-01,20,110.893
abs,2016-09-01,20,108.717
abs,2016-10-01,20,117.299
abs,2016-11-01,20,102.662
abs,2016-12-01,20,103.7
abs,2017-01-01,20,102.272
abs,2017-02-01,20,101.299
abs,2017-03-01,20,110.788
abs,2017-04-01,20,107.981
abs,2017-05-01,20,111.298
abs,2017-06-01,20,112.624
abs,2017-07-01,20,110.011
abs,2017-08-01,20,114.769
abs,2017-09-01,20,114.571
abs,2017-10-01,20,119.523
abs,2017-11-01,20,110.437
abs,2017-12-01,20,111.489
abs,2018-01-01,20,109.738
abs,2018-02-01,20,110.148
abs,2018-03-01,20,115.022
abs,2018-04-01,20,114.513
abs,2018-05-01,20,117.379
abs,2018-06-01,20,118.104
abs,2018-07-01,20,118.639
abs,2018-08-01,20,117.675
abs,2018-09-01,20,117.933
abs,2018-10-01,20,120.697
abs,2018-11-01,20,110.826
abs,2018-12-01,20,114.733
abs,2019-01-01,20,112.626
abs,2019-02-01,20,110.666
abs,2019-03-01,20,116.99
abs,2019-04-01,20,115.648
abs,2019-05-01,20,120.401
abs,2019-06-01,20,121.02
abs,2019-07-01,20,120.915
abs,2019-08-01,20,120.319
abs,2019-09-01,20,119.879
abs,2019-10-01,20,121.211
abs,2019-11-01,20,113.745
abs,2019-12-01,20,117.019
abs,2020-01-01,20,114.948
abs,2020-02-01,20,116.138
abs,2020-03-01,20,115.451
abs,2020-04-01,20,87.089
abs,2020-05-01,20,91.613
abs,2020-06-01,20,111.663
abs,2020-07-01,20,110.896
abs,2020-08-01,20,110.1
abs,2020-09-01,20,113.107
abs,2020-10-01,20,112.234
abs,2020-11-01,20,108.153
abs,2020-12-01,20,118.972
abs,2021-01-01,20,115.217
abs,2021-02-01,20,120.274
abs,2021-03-01,20,126.533
abs,2021-04-01,20,106.222
abs,2021-05-01,20,103.604
abs,2021-06-01,20,128.746
abs,2021-07-01,20,115.059
abs,2021-08-01,20,122.343
abs,2021-09-01,20,121.079
abs,2021-10-01,20,124.888
abs,2021-11-01,20,118.881
abs,2021-12-01,20,131.267
abs,2022-01-01,20,123.378
abs,2022-02-01,20,125.772
abs,2022-03-01,20,127.922
abs,2022-04-01,20,116.786
abs,2022-05-01,20,112.059
abs,2022-06-01,20,131.581
abs,2022-07-01,20,119.631
abs,2022-08-01,20,128.014
abs,2022-09-01,20,126.199
abs,2022-10-01,20,125.129
abs,2022-11-01,20,124.656
abs,2022-12-01,20,131.799
abs,2023-01-01,20,124.568
abs,2023-02-01,20,129.248
abs,2023-03-01,20,133.695
abs,2023-04-01,20,118.179
abs,2023-05-01,20,118.852
abs,2023-06-01,20,140.758
abs,2023-07-01,20,128.365
abs,2023-08-01,20,137.874
abs,2023-09-01,20,133.588
abs,2023-10-01,20,132.937
abs,2023-11-01,20,127.836
abs,2023-12-01,20,130.299
abs,2024-01-01,20,132.129
abs,2024-02-01,20,125.638
abs,2024-03-01,20,128.409
abs,2024-04-01,20,124.072
abs,2024-05-01,20,122.015
abs,2024-06-01,20,143.77
abs,2024-07-01,20,136.486
abs,2024-08-01,20,142.327
abs,2024-09-01,20,137.274
abs,2024-10-01,20,133.406
abs,2024-11-01,20,129.908
abs,2024-12-01,20,134.586
abs,2025-01-01,20,135.685
abs,2025-02-01,20,132.856
abs,2025-03-01,20,134.662
abs,2025-04-01,20,129.859
abs,2025-05-01,20,120.733
abs,2025-06-01,20,142.094
abs,2025-07-01,20,136.091
abs,2025-08-01,20,138.505
abs,2025-09-01,20,134.96
abs,2025-10-01,20,135.411
abs,2025-11-01,20,128.958
abs,2025-12-01,20,138.064
abs,2026-01-01,20,135.39
abs,2026-02-01,20,132.679
abs,2026-03-01,20,133.257
abs,2026-04-01,20,133.615
abs,2026-05-01,20,122.319
growth_yoy,2016-01-01,20,2.974
growth_yoy,2016-02-01,20,3.664
growth_yoy,2016-03-01,20,4.42
growth_yoy,2016-04-01,20,4.261
growth_yoy,2016-05-01,20,6.68
growth_yoy,2016-06-01,20,5.578
growth_yoy,2016-07-01,20,4.76
growth_yoy,2016-08-01,20,9.199
growth_yoy,2016-09-01,20,7.562
growth_yoy,2016-10-01,20,7.32
growth_yoy,2016-11-01,20,9.525
growth_yoy,2016-12-01,20,6.072
growth_yoy,2017-01-01,20,2.473
growth_yoy,2017-02-01,20,4.759
growth_yoy,2017-03-01,20,4.023
growth_yoy,2017-04-01,20,4.339
growth_yoy,2017-05-01,20,3.567
growth_yoy,2017-06-01,20,3.956
growth_yoy,2017-07-01,20,3.185
growth_yoy,2017-08-01,20,3.496
growth_yoy,2017-09-01,20,5.384
growth_yoy,2017-10-01,20,1.896
growth_yoy,2017-11-01,20,7.573
growth_yoy,2017-12-01,20,7.512
growth_yoy,2018-01-01,20,7.3
growth_yoy,2018-02-01,20,8.735
growth_yoy,2018-03-01,20,3.822
growth_yoy,2018-04-01,20,6.049
growth_yoy,2018-05-01,20,5.464
growth_yoy,2018-06-01,20,4.866
growth_yoy,2018-07-01,20,7.843
growth_yoy,2018-08-01,20,2.531
growth_yoy,2018-09-01,20,2.935
growth_yoy,2018-10-01,20,0.982
growth_yoy,2018-11-01,20,0.352
growth_yoy,2018-12-01,20,2.909
growth_yoy,2019-01-01,20,2.632
growth_yoy,2019-02-01,20,0.47
growth_yoy,2019-03-01,20,1.711
growth_yoy,2019-04-01,20,0.991
growth_yoy,2019-05-01,20,2.574
growth_yoy,2019-06-01,20,2.469
growth_yoy,2019-07-01,20,1.919
growth_yoy,2019-08-01,20,2.247
growth_yoy,2019-09-01,20,1.65
growth_yoy,2019-10-01,20,0.426
growth_yoy,2019-11-01,20,2.634
growth_yoy,2019-12-01,20,1.992
growth_yoy,2020-01-01,20,2.061
growth_yoy,2020-02-01,20,4.945
growth_yoy,2020-03-01,20,-1.315
growth_yoy,2020-04-01,20,-24.695
growth_yoy,2020-05-01,20,-23.91
growth_yoy,2020-06-01,20,-7.732
growth_yoy,2020-07-01,20,-8.286
growth_yoy,2020-08-01,20,-8.494
growth_yoy,2020-09-01,20,-5.649
growth_yoy,2020-10-01,20,-7.406
growth_yoy,2020-11-01,20,-4.916
growth_yoy,2020-12-01,20,1.669
growth_yoy,2021-01-01,20,0.234
growth_yoy,2021-02-01,20,3.562
growth_yoy,2021-03-01,20,9.598
growth_yoy,2021-04-01,20,21.97
growth_yoy,2021-05-01,20,13.09
growth_yoy,2021-06-01,20,15.298
growth_yoy,2021-07-01,20,3.754
growth_yoy,2021-08-01,20,11.12
growth_yoy,2021-09-01,20,7.048
growth_yoy,2021-10-01,20,11.274
growth_yoy,2021-11-01,20,9.919
growth_yoy,2021-12-01,20,10.334
growth_yoy,2022-01-01,20,7.083
growth_yoy,2022-02-01,20,4.571
growth_yoy,2022-03-01,20,1.098
growth_yoy,2022-04-01,20,9.944
growth_yoy,2022-05-01,20,8.161
growth_yoy,2022-06-01,20,2.202
growth_yoy,2022-07-01,20,3.974
growth_yoy,2022-08-01,20,4.635
growth_yoy,2022-09-01,20,4.229
growth_yoy,2022-10-01,20,0.193
growth_yoy,2022-11-01,20,4.858
growth_yoy,2022-12-01,20,0.406
growth_yoy,2023-01-01,20,0.965
growth_yoy,2023-02-01,20,2.764
growth_yoy,2023-03-01,20,4.513
growth_yoy,2023-04-01,20,1.193
growth_yoy,2023-05-01,20,6.061
growth_yoy,2023-06-01,20,6.974
growth_yoy,2023-07-01,20,7.301
growth_yoy,2023-08-01,20,7.702
growth_yoy,2023-09-01,20,5.855
growth_yoy,2023-10-01,20,6.24
growth_yoy,2023-11-01,20,2.551
growth_yoy,2023-12-01,20,-1.138
growth_yoy,2024-01-01,20,6.07
growth_yoy,2024-02-01,20,-2.793
growth_yoy,2024-03-01,20,-3.954
growth_yoy,2024-04-01,20,4.987
growth_yoy,2024-05-01,20,2.661
growth_yoy,2024-06-01,20,2.14
growth_yoy,2024-07-01,20,6.326
growth_yoy,2024-08-01,20,3.23
growth_yoy,2024-09-01,20,2.759
growth_yoy,2024-10-01,20,0.353
growth_yoy,2024-11-01,20,1.62
growth_yoy,2024-12-01,20,3.29
growth_yoy,2025-01-01,20,2.692
growth_yoy,2025-02-01,20,5.745
growth_yoy,2025-03-01,20,4.87
growth_yoy,2025-04-01,20,4.664
growth_yoy,2025-05-01,20,-1.051
growth_yoy,2025-06-01,20,-1.166
growth_yoy,2025-07-01,20,-0.289
growth_yoy,2025-08-01,20,-2.685
growth_yoy,2025-09-01,20,-1.686
growth_yoy,2025-10-01,20,1.503
growth_yoy,2025-11-01,20,-0.731
growth_yoy,2025-12-01,20,2.584
growth_yoy,2026-01-01,20,-0.218
growth_yoy,2026-02-01,20,-0.133
growth_yoy,2026-03-01,20,-1.043
growth_yoy,2026-04-01,20,2.893
growth_yoy,2026-05-01,20,1.314
growth_mom,2015-02-01,20,-3.758
growth_mom,2015-03-01,20,9.343
growth_mom,2015-04-01,20,-2.68
growth_mom,2015-05-01,20,1.486
growth_mom,2015-06-01,20,1.864
growth_mom,2015-07-01,20,-0.822
growth_mom,2015-08-01,20,-0.215
growth_mom,2015-09-01,20,-0.47
growth_mom,2015-10-01,20,8.138
growth_mom,2015-11-01,20,-14.242
growth_mom,2015-12-01,20,4.3
growth_mom,2016-01-01,20,2.087
growth_mom,2016-02-01,20,-3.112
growth_mom,2016-03-01,20,10.14
growth_mom,2016-04-01,20,-2.828
growth_mom,2016-05-01,20,3.84
growth_mom,2016-06-01,20,0.813
growth_mom,2016-07-01,20,-1.591
growth_mom,2016-08-01,20,4.012
growth_mom,2016-09-01,20,-1.962
growth_mom,2016-10-01,20,7.894
growth_mom,2016-11-01,20,-12.479
growth_mom,2016-12-01,20,1.011
growth_mom,2017-01-01,20,-1.376
growth_mom,2017-02-01,20,-0.951
growth_mom,2017-03-01,20,9.367
growth_mom,2017-04-01,20,-2.534
growth_mom,2017-05-01,20,3.071
growth_mom,2017-06-01,20,1.191
growth_mom,2017-07-01,20,-2.32
growth_mom,2017-08-01,20,4.325
growth_mom,2017-09-01,20,-0.173
growth_mom,2017-10-01,20,4.323
growth_mom,2017-11-01,20,-7.602
growth_mom,2017-12-01,20,0.953
growth_mom,2018-01-01,20,-1.571
growth_mom,2018-02-01,20,0.374
growth_mom,2018-03-01,20,4.425
growth_mom,2018-04-01,20,-0.442
growth_mom,2018-05-01,20,2.503
growth_mom,2018-06-01,20,0.617
growth_mom,2018-07-01,20,0.453
growth_mom,2018-08-01,20,-0.813
growth_mom,2018-09-01,20,0.219
growth_mom,2018-10-01,20,2.344
growth_mom,2018-11-01,20,-8.179
growth_mom,2018-12-01,20,3.526
growth_mom,2019-01-01,20,-1.836
growth_mom,2019-02-01,20,-1.741
growth_mom,2019-03-01,20,5.715
growth_mom,2019-04-01,20,-1.147
growth_mom,2019-05-01,20,4.109
growth_mom,2019-06-01,20,0.514
growth_mom,2019-07-01,20,-0.087
growth_mom,2019-08-01,20,-0.493
growth_mom,2019-09-01,20,-0.366
growth_mom,2019-10-01,20,1.111
growth_mom,2019-11-01,20,-6.16
growth_mom,2019-12-01,20,2.878
growth_mom,2020-01-01,20,-1.77
growth_mom,2020-02-01,20,1.035
growth_mom,2020-03-01,20,-0.591
growth_mom,2020-04-01,20,-24.566
growth_mom,2020-05-01,20,5.194
growth_mom,2020-06-01,20,21.887
growth_mom,2020-07-01,20,-0.687
growth_mom,2020-08-01,20,-0.719
growth_mom,2020-09-01,20,2.732
growth_mom,2020-10-01,20,-0.772
growth_mom,2020-11-01,20,-3.637
growth_mom,2020-12-01,20,10.004
growth_mom,2021-01-01,20,-3.156
growth_mom,2021-02-01,20,4.389
growth_mom,2021-03-01,20,5.204
growth_mom,2021-04-01,20,-16.052
growth_mom,2021-05-01,20,-2.465
growth_mom,2021-06-01,20,24.267
growth_mom,2021-07-01,20,-10.631
growth_mom,2021-08-01,20,6.331
growth_mom,2021-09-01,20,-1.033
growth_mom,2021-10-01,20,3.146
growth_mom,2021-11-01,20,-4.81
growth_mom,2021-12-01,20,10.419
growth_mom,2022-01-01,20,-6.01
growth_mom,2022-02-01,20,1.94
growth_mom,2022-03-01,20,1.709
growth_mom,2022-04-01,20,-8.706
growth_mom,2022-05-01,20,-4.047
growth_mom,2022-06-01,20,17.421
growth_mom,2022-07-01,20,-9.082
growth_mom,2022-08-01,20,7.007
growth_mom,2022-09-01,20,-1.417
growth_mom,2022-10-01,20,-0.848
growth_mom,2022-11-01,20,-0.378
growth_mom,2022-12-01,20,5.73
growth_mom,2023-01-01,20,-5.486
growth_mom,2023-02-01,20,3.757
growth_mom,2023-03-01,20,3.441
growth_mom,2023-04-01,20,-11.606
growth_mom,2023-05-01,20,0.569
growth_mom,2023-06-01,20,18.432
growth_mom,2023-07-01,20,-8.804
growth_mom,2023-08-01,20,7.407
growth_mom,2023-09-01,20,-3.108
growth_mom,2023-10-01,20,-0.488
growth_mom,2023-11-01,20,-3.837
growth_mom,2023-12-01,20,1.927
growth_mom,2024-01-01,20,1.404
growth_mom,2024-02-01,20,-4.913
growth_mom,2024-03-01,20,2.205
growth_mom,2024-04-01,20,-3.377
growth_mom,2024-05-01,20,-1.658
growth_mom,2024-06-01,20,17.83
growth_mom,2024-07-01,20,-5.066
growth_mom,2024-08-01,20,4.279
growth_mom,2024-09-01,20,-3.55
growth_mom,2024-10-01,20,-2.818
growth_mom,2024-11-01,20,-2.622
growth_mom,2024-12-01,20,3.602
growth_mom,2025-01-01,20,0.817
growth_mom,2025-02-01,20,-2.085
growth_mom,2025-03-01,20,1.36
growth_mom,2025-04-01,20,-3.567
growth_mom,2025-05-01,20,-7.028
growth_mom,2025-06-01,20,17.693
growth_mom,2025-07-01,20,-4.224
growth_mom,2025-08-01,20,1.773
growth_mom,2025-09-01,20,-2.559
growth_mom,2025-10-01,20,0.334
growth_mom,2025-11-01,20,-4.765
growth_mom,2025-12-01,20,7.061
growth_mom,2026-01-01,20,-1.937
growth_mom,2026-02-01,20,-2.002
growth_mom,2026-03-01,20,0.436
growth_mom,2026-04-01,20,0.268
growth_mom,2026-05-01,20,-8.454
abs,2015-01-01,21,83.828
abs,2015-02-01,21,91.99
abs,2015-03-01,21,93.494
abs,2015-04-01,21,101.085
abs,2015-05-01,21,116.79
abs,2015-06-01,21,94.455
abs,2015-07-01,21,105.647
abs,2015-08-01,21,100.66
abs,2015-09-01,21,114.127
abs,2015-10-01,21,103.817
abs,2015-11-01,21,90.993
abs,2015-12-01,21,103.113
abs,2016-01-01,21,87.114
abs,2016-02-01,21,95.971
abs,2016-03-01,21,97.064
abs,2016-04-01,21,106.426
abs,2016-05-01,21,120.34
abs,2016-06-01,21,97.569
abs,2016-07-01,21,107.913
abs,2016-08-01,21,107.058
abs,2016-09-01,21,117.87
abs,2016-10-01,21,109.135
abs,2016-11-01,21,99.666
abs,2016-12-01,21,107.149
abs,2017-01-01,21,89.393
abs,2017-02-01,21,99.684
abs,2017-03-01,21,104.405
abs,2017-04-01,21,113.322
abs,2017-05-01,21,127.455
abs,2017-06-01,21,99.086
abs,2017-07-01,21,112.012
abs,2017-08-01,21,110.931
abs,2017-09-01,21,121.241
abs,2017-10-01,21,119.237
abs,2017-11-01,21,111.138
abs,2017-12-01,21,105.456
abs,2018-01-01,21,97.231
abs,2018-02-01,21,108.324
abs,2018-03-01,21,110.844
abs,2018-04-01,21,121.863
abs,2018-05-01,21,130.573
abs,2018-06-01,21,104.518
abs,2018-07-01,21,117.251
abs,2018-08-01,21,118.079
abs,2018-09-01,21,128.28
abs,2018-10-01,21,125.223
abs,2018-11-01,21,114.377
abs,2018-12-01,21,114.108
abs,2019-01-01,21,101.628
abs,2019-02-01,21,115.012
abs,2019-03-01,21,119.714
abs,2019-04-01,21,125.702
abs,2019-05-01,21,135.152
abs,2019-06-01,21,109.9
abs,2019-07-01,21,125.112
abs,2019-08-01,21,122.497
abs,2019-09-01,21,129.296
abs,2019-10-01,21,127.176
abs,2019-11-01,21,119.449
abs,2019-12-01,21,117.789
abs,2020-01-01,21,105.702
abs,2020-02-01,21,121.339
abs,2020-03-01,21,123.939
abs,2020-04-01,21,131.304
abs,2020-05-01,21,139.265
abs,2020-06-01,21,149.576
abs,2020-07-01,21,151.619
abs,2020-08-01,21,150.718
abs,2020-09-01,21,161.061
abs,2020-10-01,21,150.001
abs,2020-11-01,21,135.946
abs,2020-12-01,21,138.446
abs,2021-01-01,21,125.702
abs,2021-02-01,21,147.269
abs,2021-03-01,21,153.466
abs,2021-04-01,21,149.852
abs,2021-05-01,21,149.412
abs,2021-06-01,21,166.058
abs,2021-07-01,21,165.13
abs,2021-08-01,21,170.265
abs,2021-09-01,21,184.76
abs,2021-10-01,21,177.667
abs,2021-11-01,21,162.004
abs,2021-12-01,21,167.67
abs,2022-01-01,21,150.826
abs,2022-02-01,21,155.212
abs,2022-03-01,21,162.675
abs,2022-04-01,21,159.878
abs,2022-05-01,21,154.899
abs,2022-06-01,21,173.359
abs,2022-07-01,21,180.847
abs,2022-08-01,21,184.895
abs,2022-09-01,21,191.054
abs,2022-10-01,21,181.867
abs,2022-11-01,21,164.991
abs,2022-12-01,21,175.91
abs,2023-01-01,21,155.928
abs,2023-02-01,21,169.251
abs,2023-03-01,21,170.79
abs,2023-04-01,21,163.855
abs,2023-05-01,21,160.059
abs,2023-06-01,21,165.311
abs,2023-07-01,21,173.965
abs,2023-08-01,21,176.182
abs,2023-09-01,21,178.291
abs,2023-10-01,21,177.867
abs,2023-11-01,21,154.337
abs,2023-12-01,21,175.491
abs,2024-01-01,21,161.684
abs,2024-02-01,21,180.084
abs,2024-03-01,21,180.943
abs,2024-04-01,21,176.254
abs,2024-05-01,21,167.133
abs,2024-06-01,21,179.838
abs,2024-07-01,21,186.765
abs,2024-08-01,21,186.065
abs,2024-09-01,21,188.003
abs,2024-10-01,21,182.311
abs,2024-11-01,21,162.752
abs,2024-12-01,21,185.451
abs,2025-01-01,21,164.764
abs,2025-02-01,21,192.556
abs,2025-03-01,21,192.458
abs,2025-04-01,21,188.098
abs,2025-05-01,21,182.507
abs,2025-06-01,21,192.879
abs,2025-07-01,21,202.145
abs,2025-08-01,21,202.838
abs,2025-09-01,21,207.006
abs,2025-10-01,21,207.331
abs,2025-11-01,21,177.801
abs,2025-12-01,21,195.08
abs,2026-01-01,21,170.397
abs,2026-02-01,21,197.414
abs,2026-03-01,21,191.176
abs,2026-04-01,21,198.05
abs,2026-05-01,21,187.058
growth_yoy,2016-01-01,21,3.92
growth_yoy,2016-02-01,21,4.327
growth_yoy,2016-03-01,21,3.819
growth_yoy,2016-04-01,21,5.284
growth_yoy,2016-05-01,21,3.039
growth_yoy,2016-06-01,21,3.297
growth_yoy,2016-07-01,21,2.145
growth_yoy,2016-08-01,21,6.356
growth_yoy,2016-09-01,21,3.28
growth_yoy,2016-10-01,21,5.122
growth_yoy,2016-11-01,21,9.531
growth_yoy,2016-12-01,21,3.914
growth_yoy,2017-01-01,21,2.616
growth_yoy,2017-02-01,21,3.869
growth_yoy,2017-03-01,21,7.563
growth_yoy,2017-04-01,21,6.479
growth_yoy,2017-05-01,21,5.913
growth_yoy,2017-06-01,21,1.554
growth_yoy,2017-07-01,21,3.799
growth_yoy,2017-08-01,21,3.618
growth_yoy,2017-09-01,21,2.86
growth_yoy,2017-10-01,21,9.257
growth_yoy,2017-11-01,21,11.51
growth_yoy,2017-12-01,21,-1.581
growth_yoy,2018-01-01,21,8.769
growth_yoy,2018-02-01,21,8.667
growth_yoy,2018-03-01,21,6.168
growth_yoy,2018-04-01,21,7.537
growth_yoy,2018-05-01,21,2.447
growth_yoy,2018-06-01,21,5.483
growth_yoy,2018-07-01,21,4.677
growth_yoy,2018-08-01,21,6.443
growth_yoy,2018-09-01,21,5.806
growth_yoy,2018-10-01,21,5.02
growth_yoy,2018-11-01,21,2.915
growth_yoy,2018-12-01,21,8.205
growth_yoy,2019-01-01,21,4.522
growth_yoy,2019-02-01,21,6.174
growth_yoy,2019-03-01,21,8.002
growth_yoy,2019-04-01,21,3.15
growth_yoy,2019-05-01,21,3.506
growth_yoy,2019-06-01,21,5.149
growth_yoy,2019-07-01,21,6.705
growth_yoy,2019-08-01,21,3.742
growth_yoy,2019-09-01,21,0.792
growth_yoy,2019-10-01,21,1.56
growth_yoy,2019-11-01,21,4.435
growth_yoy,2019-12-01,21,3.225
growth_yoy,2020-01-01,21,4.009
growth_yoy,2020-02-01,21,5.501
growth_yoy,2020-03-01,21,3.529
growth_yoy,2020-04-01,21,4.457
growth_yoy,2020-05-01,21,3.043
growth_yoy,2020-06-01,21,36.103
growth_yoy,2020-07-01,21,21.187
growth_yoy,2020-08-01,21,23.038
growth_yoy,2020-09-01,21,24.568
growth_yoy,2020-10-01,21,17.947
growth_yoy,2020-11-01,21,13.811
growth_yoy,2020-12-01,21,17.538
growth_yoy,2021-01-01,21,18.921
growth_yoy,2021-02-01,21,21.369
growth_yoy,2021-03-01,21,23.824
growth_yoy,2021-04-01,21,14.126
growth_yoy,2021-05-01,21,7.287
growth_yoy,2021-06-01,21,11.019
growth_yoy,2021-07-01,21,8.911
growth_yoy,2021-08-01,21,12.969
growth_yoy,2021-09-01,21,14.714
growth_yoy,2021-10-01,21,18.444
growth_yoy,2021-11-01,21,19.168
growth_yoy,2021-12-01,21,21.108
growth_yoy,2022-01-01,21,19.987
growth_yoy,2022-02-01,21,5.394
growth_yoy,2022-03-01,21,6.001
growth_yoy,2022-04-01,21,6.691
growth_yoy,2022-05-01,21,3.672
growth_yoy,2022-06-01,21,4.397
growth_yoy,2022-07-01,21,9.518
growth_yoy,2022-08-01,21,8.593
growth_yoy,2022-09-01,21,3.406
growth_yoy,2022-10-01,21,2.364
growth_yoy,2022-11-01,21,1.844
growth_yoy,2022-12-01,21,4.914
growth_yoy,2023-01-01,21,3.383
growth_yoy,2023-02-01,21,9.045
growth_yoy,2023-03-01,21,4.988
growth_yoy,2023-04-01,21,2.488
growth_yoy,2023-05-01,21,3.331
growth_yoy,2023-06-01,21,-4.642
growth_yoy,2023-07-01,21,-3.806
growth_yoy,2023-08-01,21,-4.712
growth_yoy,2023-09-01,21,-6.68
growth_yoy,2023-10-01,21,-2.199
growth_yoy,2023-11-01,21,-6.457
growth_yoy,2023-12-01,21,-0.238
growth_yoy,2024-01-01,21,3.691
growth_yoy,2024-02-01,21,6.401
growth_yoy,2024-03-01,21,5.945
growth_yoy,2024-04-01,21,7.567
growth_yoy,2024-05-01,21,4.42
growth_yoy,2024-06-01,21,8.788
growth_yoy,2024-07-01,21,7.358
growth_yoy,2024-08-01,21,5.609
growth_yoy,2024-09-01,21,5.448
growth_yoy,2024-10-01,21,2.498
growth_yoy,2024-11-01,21,5.452
growth_yoy,2024-12-01,21,5.676
growth_yoy,2025-01-01,21,1.905
growth_yoy,2025-02-01,21,6.925
growth_yoy,2025-03-01,21,6.364
growth_yoy,2025-04-01,21,6.72
growth_yoy,2025-05-01,21,9.199
growth_yoy,2025-06-01,21,7.251
growth_yoy,2025-07-01,21,8.235
growth_yoy,2025-08-01,21,9.014
growth_yoy,2025-09-01,21,10.107
growth_yoy,2025-10-01,21,13.724
growth_yoy,2025-11-01,21,9.247
growth_yoy,2025-12-01,21,5.192
growth_yoy,2026-01-01,21,3.419
growth_yoy,2026-02-01,21,2.523
growth_yoy,2026-03-01,21,-0.666
growth_yoy,2026-04-01,21,5.291
growth_yoy,2026-05-01,21,2.494
growth_mom,2015-02-01,21,9.737
growth_mom,2015-03-01,21,1.634
growth_mom,2015-04-01,21,8.119
growth_mom,2015-05-01,21,15.537
growth_mom,2015-06-01,21,-19.124
growth_mom,2015-07-01,21,11.848
growth_mom,2015-08-01,21,-4.72
growth_mom,2015-09-01,21,13.379
growth_mom,2015-10-01,21,-9.034
growth_mom,2015-11-01,21,-12.352
growth_mom,2015-12-01,21,13.32
growth_mom,2016-01-01,21,-15.517
growth_mom,2016-02-01,21,10.167
growth_mom,2016-03-01,21,1.139
growth_mom,2016-04-01,21,9.645
growth_mom,2016-05-01,21,13.073
growth_mom,2016-06-01,21,-18.922
growth_mom,2016-07-01,21,10.601
growth_mom,2016-08-01,21,-0.791
growth_mom,2016-09-01,21,10.099
growth_mom,2016-10-01,21,-7.411
growth_mom,2016-11-01,21,-8.676
growth_mom,2016-12-01,21,7.509
growth_mom,2017-01-01,21,-16.572
growth_mom,2017-02-01,21,11.512
growth_mom,2017-03-01,21,4.736
growth_mom,2017-04-01,21,8.541
growth_mom,2017-05-01,21,12.471
growth_mom,2017-06-01,21,-22.258
growth_mom,2017-07-01,21,13.045
growth_mom,2017-08-01,21,-0.965
growth_mom,2017-09-01,21,9.293
growth_mom,2017-10-01,21,-1.653
growth_mom,2017-11-01,21,-6.793
growth_mom,2017-12-01,21,-5.113
growth_mom,2018-01-01,21,-7.799
growth_mom,2018-02-01,21,11.408
growth_mom,2018-03-01,21,2.327
growth_mom,2018-04-01,21,9.941
growth_mom,2018-05-01,21,7.148
growth_mom,2018-06-01,21,-19.955
growth_mom,2018-07-01,21,12.182
growth_mom,2018-08-01,21,0.706
growth_mom,2018-09-01,21,8.639
growth_mom,2018-10-01,21,-2.383
growth_mom,2018-11-01,21,-8.661
growth_mom,2018-12-01,21,-0.235
growth_mom,2019-01-01,21,-10.937
growth_mom,2019-02-01,21,13.17
growth_mom,2019-03-01,21,4.088
growth_mom,2019-04-01,21,5.002
growth_mom,2019-05-01,21,7.518
growth_mom,2019-06-01,21,-18.684
growth_mom,2019-07-01,21,13.842
growth_mom,2019-08-01,21,-2.09
growth_mom,2019-09-01,21,5.55
growth_mom,2019-10-01,21,-1.639
growth_mom,2019-11-01,21,-6.076
growth_mom,2019-12-01,21,-1.39
growth_mom,2020-01-01,21,-10.261
growth_mom,2020-02-01,21,14.794
growth_mom,2020-03-01,21,2.142
growth_mom,2020-04-01,21,5.943
growth_mom,2020-05-01,21,6.063
growth_mom,2020-06-01,21,7.404
growth_mom,2020-07-01,21,1.366
growth_mom,2020-08-01,21,-0.595
growth_mom,2020-09-01,21,6.863
growth_mom,2020-10-01,21,-6.867
growth_mom,2020-11-01,21,-9.37
growth_mom,2020-12-01,21,1.839
growth_mom,2021-01-01,21,-9.205
growth_mom,2021-02-01,21,17.157
growth_mom,2021-03-01,21,4.208
growth_mom,2021-04-01,21,-2.355
growth_mom,2021-05-01,21,-0.293
growth_mom,2021-06-01,21,11.141
growth_mom,2021-07-01,21,-0.559
growth_mom,2021-08-01,21,3.11
growth_mom,2021-09-01,21,8.514
growth_mom,2021-10-01,21,-3.839
growth_mom,2021-11-01,21,-8.816
growth_mom,2021-12-01,21,3.497
growth_mom,2022-01-01,21,-10.046
growth_mom,2022-02-01,21,2.908
growth_mom,2022-03-01,21,4.808
growth_mom,2022-04-01,21,-1.719
growth_mom,2022-05-01,21,-3.114
growth_mom,2022-06-01,21,11.918
growth_mom,2022-07-01,21,4.32
growth_mom,2022-08-01,21,2.238
growth_mom,2022-09-01,21,3.331
growth_mom,2022-10-01,21,-4.808
growth_mom,2022-11-01,21,-9.28
growth_mom,2022-12-01,21,6.618
growth_mom,2023-01-01,21,-11.359
growth_mom,2023-02-01,21,8.544
growth_mom,2023-03-01,21,0.909
growth_mom,2023-04-01,21,-4.06
growth_mom,2023-05-01,21,-2.317
growth_mom,2023-06-01,21,3.282
growth_mom,2023-07-01,21,5.234
growth_mom,2023-08-01,21,1.275
growth_mom,2023-09-01,21,1.197
growth_mom,2023-10-01,21,-0.238
growth_mom,2023-11-01,21,-13.229
growth_mom,2023-12-01,21,13.707
growth_mom,2024-01-01,21,-7.868
growth_mom,2024-02-01,21,11.381
growth_mom,2024-03-01,21,0.477
growth_mom,2024-04-01,21,-2.591
growth_mom,2024-05-01,21,-5.175
growth_mom,2024-06-01,21,7.602
growth_mom,2024-07-01,21,3.852
growth_mom,2024-08-01,21,-0.375
growth_mom,2024-09-01,21,1.042
growth_mom,2024-10-01,21,-3.028
growth_mom,2024-11-01,21,-10.729
growth_mom,2024-12-01,21,13.948
growth_mom,2025-01-01,21,-11.155
growth_mom,2025-02-01,21,16.868
growth_mom,2025-03-01,21,-0.051
growth_mom,2025-04-01,21,-2.266
growth_mom,2025-05-01,21,-2.972
growth_mom,2025-06-01,21,5.683
growth_mom,2025-07-01,21,4.804
growth_mom,2025-08-01,21,0.343
growth_mom,2025-09-01,21,2.055
growth_mom,2025-10-01,21,0.157
growth_mom,2025-11-01,21,-14.243
growth_mom,2025-12-01,21,9.719
growth_mom,2026-01-01,21,-12.653
growth_mom,2026-02-01,21,15.855
growth_mom,2026-03-01,21,-3.16
growth_mom,2026-04-01,21,3.596
growth_mom,2026-05-01,21,-5.55
abs,2015-01-01,22,97.788
abs,2015-02-01,22,90.974
abs,2015-03-01,22,97.714
abs,2015-04-01,22,94.481
abs,2015-05-01,22,100.741
abs,2015-06-01,22,97.051
abs,2015-07-01,22,102.601
abs,2015-08-01,22,102.657
abs,2015-09-01,22,104.633
abs,2015-10-01,22,104.749
abs,2015-11-01,22,103.508
abs,2015-12-01,22,103.101
abs,2016-01-01,22,101.009
abs,2016-02-01,22,95.072
abs,2016-03-01,22,102.225
abs,2016-04-01,22,99.42
abs,2016-05-01,22,104.596
abs,2016-06-01,22,101.313
abs,2016-07-01,22,104.708
abs,2016-08-01,22,106.336
abs,2016-09-01,22,106.898
abs,2016-10-01,22,107.594
abs,2016-11-01,22,107.147
abs,2016-12-01,22,107.466
abs,2017-01-01,22,104.459
abs,2017-02-01,22,101.366
abs,2017-03-01,22,105.767
abs,2017-04-01,22,103.869
abs,2017-05-01,22,109.032
abs,2017-06-01,22,106.281
abs,2017-07-01,22,111.325
abs,2017-08-01,22,111.179
abs,2017-09-01,22,111.226
abs,2017-10-01,22,114.103
abs,2017-11-01,22,110.534
abs,2017-12-01,22,111.634
abs,2018-01-01,22,107.932
abs,2018-02-01,22,104.304
abs,2018-03-01,22,108.682
abs,2018-04-01,22,106.965
abs,2018-05-01,22,112.118
abs,2018-06-01,22,111.786
abs,2018-07-01,22,116.946
abs,2018-08-01,22,117.416
abs,2018-09-01,22,117.832
abs,2018-10-01,22,121.645
abs,2018-11-01,22,114.571
abs,2018-12-01,22,120.611
abs,2019-01-01,22,114.784
abs,2019-02-01,22,110.362
abs,2019-03-01,22,114.331
abs,2019-04-01,22,114.335
abs,2019-05-01,22,119.632
abs,2019-06-01,22,116.178
abs,2019-07-01,22,122.287
abs,2019-08-01,22,122.503
abs,2019-09-01,22,120.757
abs,2019-10-01,22,123.015
abs,2019-11-01,22,121.138
abs,2019-12-01,22,127.863
abs,2020-01-01,22,121.253
abs,2020-02-01,22,120.295
abs,2020-03-01,22,133.449
abs,2020-04-01,22,125.118
abs,2020-05-01,22,131.278
abs,2020-06-01,22,162.935
abs,2020-07-01,22,167.506
abs,2020-08-01,22,162.335
abs,2020-09-01,22,166.296
abs,2020-10-01,22,171.869
abs,2020-11-01,22,165.163
abs,2020-12-01,22,174.525
abs,2021-01-01,22,176.433
abs,2021-02-01,22,169.3
abs,2021-03-01,22,197.323
abs,2021-04-01,22,189.504
abs,2021-05-01,22,181.515
abs,2021-06-01,22,204.285
abs,2021-07-01,22,187.674
abs,2021-08-01,22,177.478
abs,2021-09-01,22,166.796
abs,2021-10-01,22,164.935
abs,2021-11-01,22,160.44
abs,2021-12-01,22,165.453
abs,2022-01-01,22,158.476
abs,2022-02-01,22,150.647
abs,2022-03-01,22,165.836
abs,2022-04-01,22,168.679
abs,2022-05-01,22,154.345
abs,2022-06-01,22,174.879
abs,2022-07-01,22,171.502
abs,2022-08-01,22,169.984
abs,2022-09-01,22,161.813
abs,2022-10-01,22,157.715
abs,2022-11-01,22,150.204
abs,2022-12-01,22,150.906
abs,2023-01-01,22,142.431
abs,2023-02-01,22,139.787
abs,2023-03-01,22,155.526
abs,2023-04-01,22,145.298
abs,2023-05-01,22,147.121
abs,2023-06-01,22,161.702
abs,2023-07-01,22,161.608
abs,2023-08-01,22,162.162
abs,2023-09-01,22,158.89
abs,2023-10-01,22,157.234
abs,2023-11-01,22,151.484
abs,2023-12-01,22,148.283
abs,2024-01-01,22,153.972
abs,2024-02-01,22,146.144
abs,2024-03-01,22,159.253
abs,2024-04-01,22,155.596
abs,2024-05-01,22,154.863
abs,2024-06-01,22,169.592
abs,2024-07-01,22,176.55
abs,2024-08-01,22,177.222
abs,2024-09-01,22,168.944
abs,2024-10-01,22,171.343
abs,2024-11-01,22,165.531
abs,2024-12-01,22,161.548
abs,2025-01-01,22,165.382
abs,2025-02-01,22,152.965
abs,2025-03-01,22,165.845
abs,2025-04-01,22,161.01
abs,2025-05-01,22,153.472
abs,2025-06-01,22,166.519
abs,2025-07-01,22,174.677
abs,2025-08-01,22,175.146
abs,2025-09-01,22,167.711
abs,2025-10-01,22,170.51
abs,2025-11-01,22,161.562
abs,2025-12-01,22,159.593
abs,2026-01-01,22,164.601
abs,2026-02-01,22,148.585
abs,2026-03-01,22,161.674
abs,2026-04-01,22,167.777
abs,2026-05-01,22,152.878
growth_yoy,2016-01-01,22,3.293
growth_yoy,2016-02-01,22,4.504
growth_yoy,2016-03-01,22,4.616
growth_yoy,2016-04-01,22,5.227
growth_yoy,2016-05-01,22,3.827
growth_yoy,2016-06-01,22,4.391
growth_yoy,2016-07-01,22,2.054
growth_yoy,2016-08-01,22,3.584
growth_yoy,2016-09-01,22,2.164
growth_yoy,2016-10-01,22,2.716
growth_yoy,2016-11-01,22,3.516
growth_yoy,2016-12-01,22,4.233
growth_yoy,2017-01-01,22,3.416
growth_yoy,2017-02-01,22,6.62
growth_yoy,2017-03-01,22,3.465
growth_yoy,2017-04-01,22,4.474
growth_yoy,2017-05-01,22,4.241
growth_yoy,2017-06-01,22,4.904
growth_yoy,2017-07-01,22,6.319
growth_yoy,2017-08-01,22,4.555
growth_yoy,2017-09-01,22,4.049
growth_yoy,2017-10-01,22,6.05
growth_yoy,2017-11-01,22,3.16
growth_yoy,2017-12-01,22,3.879
growth_yoy,2018-01-01,22,3.325
growth_yoy,2018-02-01,22,2.898
growth_yoy,2018-03-01,22,2.756
growth_yoy,2018-04-01,22,2.981
growth_yoy,2018-05-01,22,2.83
growth_yoy,2018-06-01,22,5.179
growth_yoy,2018-07-01,22,5.049
growth_yoy,2018-08-01,22,5.61
growth_yoy,2018-09-01,22,5.94
growth_yoy,2018-10-01,22,6.61
growth_yoy,2018-11-01,22,3.653
growth_yoy,2018-12-01,22,8.041
growth_yoy,2019-01-01,22,6.348
growth_yoy,2019-02-01,22,5.809
growth_yoy,2019-03-01,22,5.198
growth_yoy,2019-04-01,22,6.89
growth_yoy,2019-05-01,22,6.703
growth_yoy,2019-06-01,22,3.93
growth_yoy,2019-07-01,22,4.567
growth_yoy,2019-08-01,22,4.332
growth_yoy,2019-09-01,22,2.482
growth_yoy,2019-10-01,22,1.126
growth_yoy,2019-11-01,22,5.732
growth_yoy,2019-12-01,22,6.013
growth_yoy,2020-01-01,22,5.635
growth_yoy,2020-02-01,22,9.0
growth_yoy,2020-03-01,22,16.721
growth_yoy,2020-04-01,22,9.432
growth_yoy,2020-05-01,22,9.735
growth_yoy,2020-06-01,22,40.246
growth_yoy,2020-07-01,22,36.977
growth_yoy,2020-08-01,22,32.515
growth_yoy,2020-09-01,22,37.712
growth_yoy,2020-10-01,22,39.714
growth_yoy,2020-11-01,22,36.342
growth_yoy,2020-12-01,22,36.494
growth_yoy,2021-01-01,22,45.508
growth_yoy,2021-02-01,22,40.737
growth_yoy,2021-03-01,22,47.864
growth_yoy,2021-04-01,22,51.46
growth_yoy,2021-05-01,22,38.267
growth_yoy,2021-06-01,22,25.378
growth_yoy,2021-07-01,22,12.04
growth_yoy,2021-08-01,22,9.328
growth_yoy,2021-09-01,22,0.301
growth_yoy,2021-10-01,22,-4.035
growth_yoy,2021-11-01,22,-2.859
growth_yoy,2021-12-01,22,-5.198
growth_yoy,2022-01-01,22,-10.178
growth_yoy,2022-02-01,22,-11.018
growth_yoy,2022-03-01,22,-15.957
growth_yoy,2022-04-01,22,-10.99
growth_yoy,2022-05-01,22,-14.968
growth_yoy,2022-06-01,22,-14.395
growth_yoy,2022-07-01,22,-8.617
growth_yoy,2022-08-01,22,-4.222
growth_yoy,2022-09-01,22,-2.987
growth_yoy,2022-10-01,22,-4.377
growth_yoy,2022-11-01,22,-6.38
growth_yoy,2022-12-01,22,-8.792
growth_yoy,2023-01-01,22,-10.124
growth_yoy,2023-02-01,22,-7.209
growth_yoy,2023-03-01,22,-6.217
growth_yoy,2023-04-01,22,-13.861
growth_yoy,2023-05-01,22,-4.681
growth_yoy,2023-06-01,22,-7.535
growth_yoy,2023-07-01,22,-5.769
growth_yoy,2023-08-01,22,-4.602
growth_yoy,2023-09-01,22,-1.807
growth_yoy,2023-10-01,22,-0.305
growth_yoy,2023-11-01,22,0.852
growth_yoy,2023-12-01,22,-1.738
growth_yoy,2024-01-01,22,8.103
growth_yoy,2024-02-01,22,4.548
growth_yoy,2024-03-01,22,2.396
growth_yoy,2024-04-01,22,7.087
growth_yoy,2024-05-01,22,5.263
growth_yoy,2024-06-01,22,4.879
growth_yoy,2024-07-01,22,9.246
growth_yoy,2024-08-01,22,9.287
growth_yoy,2024-09-01,22,6.327
growth_yoy,2024-10-01,22,8.974
growth_yoy,2024-11-01,22,9.273
growth_yoy,2024-12-01,22,8.945
growth_yoy,2025-01-01,22,7.41
growth_yoy,2025-02-01,22,4.668
growth_yoy,2025-03-01,22,4.139
growth_yoy,2025-04-01,22,3.479
growth_yoy,2025-05-01,22,-0.898
growth_yoy,2025-06-01,22,-1.812
growth_yoy,2025-07-01,22,-1.061
growth_yoy,2025-08-01,22,-1.172
growth_yoy,2025-09-01,22,-0.729
growth_yoy,2025-10-01,22,-0.486
growth_yoy,2025-11-01,22,-2.398
growth_yoy,2025-12-01,22,-1.21
growth_yoy,2026-01-01,22,-0.472
growth_yoy,2026-02-01,22,-2.863
growth_yoy,2026-03-01,22,-2.515
growth_yoy,2026-04-01,22,4.203
growth_yoy,2026-05-01,22,-0.388
growth_mom,2015-02-01,22,-6.968
growth_mom,2015-03-01,22,7.408
growth_mom,2015-04-01,22,-3.308
growth_mom,2015-05-01,22,6.626
growth_mom,2015-06-01,22,-3.663
growth_mom,2015-07-01,22,5.718
growth_mom,2015-08-01,22,0.054
growth_mom,2015-09-01,22,1.925
growth_mom,2015-10-01,22,0.111
growth_mom,2015-11-01,22,-1.185
growth_mom,2015-12-01,22,-0.393
growth_mom,2016-01-01,22,-2.029
growth_mom,2016-02-01,22,-5.877
growth_mom,2016-03-01,22,7.524
growth_mom,2016-04-01,22,-2.743
growth_mom,2016-05-01,22,5.206
growth_mom,2016-06-01,22,-3.14
growth_mom,2016-07-01,22,3.352
growth_mom,2016-08-01,22,1.554
growth_mom,2016-09-01,22,0.528
growth_mom,2016-10-01,22,0.651
growth_mom,2016-11-01,22,-0.415
growth_mom,2016-12-01,22,0.297
growth_mom,2017-01-01,22,-2.797
growth_mom,2017-02-01,22,-2.962
growth_mom,2017-03-01,22,4.342
growth_mom,2017-04-01,22,-1.795
growth_mom,2017-05-01,22,4.971
growth_mom,2017-06-01,22,-2.523
growth_mom,2017-07-01,22,4.746
growth_mom,2017-08-01,22,-0.131
growth_mom,2017-09-01,22,0.042
growth_mom,2017-10-01,22,2.587
growth_mom,2017-11-01,22,-3.128
growth_mom,2017-12-01,22,0.996
growth_mom,2018-01-01,22,-3.316
growth_mom,2018-02-01,22,-3.362
growth_mom,2018-03-01,22,4.197
growth_mom,2018-04-01,22,-1.579
growth_mom,2018-05-01,22,4.817
growth_mom,2018-06-01,22,-0.296
growth_mom,2018-07-01,22,4.617
growth_mom,2018-08-01,22,0.402
growth_mom,2018-09-01,22,0.354
growth_mom,2018-10-01,22,3.236
growth_mom,2018-11-01,22,-5.815
growth_mom,2018-12-01,22,5.271
growth_mom,2019-01-01,22,-4.831
growth_mom,2019-02-01,22,-3.853
growth_mom,2019-03-01,22,3.596
growth_mom,2019-04-01,22,0.003
growth_mom,2019-05-01,22,4.633
growth_mom,2019-06-01,22,-2.887
growth_mom,2019-07-01,22,5.258
growth_mom,2019-08-01,22,0.176
growth_mom,2019-09-01,22,-1.425
growth_mom,2019-10-01,22,1.87
growth_mom,2019-11-01,22,-1.525
growth_mom,2019-12-01,22,5.551
growth_mom,2020-01-01,22,-5.17
growth_mom,2020-02-01,22,-0.79
growth_mom,2020-03-01,22,10.934
growth_mom,2020-04-01,22,-6.242
growth_mom,2020-05-01,22,4.923
growth_mom,2020-06-01,22,24.115
growth_mom,2020-07-01,22,2.805
growth_mom,2020-08-01,22,-3.087
growth_mom,2020-09-01,22,2.44
growth_mom,2020-10-01,22,3.351
growth_mom,2020-11-01,22,-3.902
growth_mom,2020-12-01,22,5.669
growth_mom,2021-01-01,22,1.093
growth_mom,2021-02-01,22,-4.043
growth_mom,2021-03-01,22,16.552
growth_mom,2021-04-01,22,-3.962
growth_mom,2021-05-01,22,-4.216
growth_mom,2021-06-01,22,12.545
growth_mom,2021-07-01,22,-8.131
growth_mom,2021-08-01,22,-5.433
growth_mom,2021-09-01,22,-6.019
growth_mom,2021-10-01,22,-1.116
growth_mom,2021-11-01,22,-2.725
growth_mom,2021-12-01,22,3.125
growth_mom,2022-01-01,22,-4.217
growth_mom,2022-02-01,22,-4.941
growth_mom,2022-03-01,22,10.083
growth_mom,2022-04-01,22,1.714
growth_mom,2022-05-01,22,-8.498
growth_mom,2022-06-01,22,13.304
growth_mom,2022-07-01,22,-1.931
growth_mom,2022-08-01,22,-0.885
growth_mom,2022-09-01,22,-4.807
growth_mom,2022-10-01,22,-2.533
growth_mom,2022-11-01,22,-4.762
growth_mom,2022-12-01,22,0.467
growth_mom,2023-01-01,22,-5.616
growth_mom,2023-02-01,22,-1.857
growth_mom,2023-03-01,22,11.26
growth_mom,2023-04-01,22,-6.576
growth_mom,2023-05-01,22,1.254
growth_mom,2023-06-01,22,9.911
growth_mom,2023-07-01,22,-0.059
growth_mom,2023-08-01,22,0.343
growth_mom,2023-09-01,22,-2.018
growth_mom,2023-10-01,22,-1.042
growth_mom,2023-11-01,22,-3.657
growth_mom,2023-12-01,22,-2.113
growth_mom,2024-01-01,22,3.836
growth_mom,2024-02-01,22,-5.084
growth_mom,2024-03-01,22,8.97
growth_mom,2024-04-01,22,-2.296
growth_mom,2024-05-01,22,-0.471
growth_mom,2024-06-01,22,9.511
growth_mom,2024-07-01,22,4.102
growth_mom,2024-08-01,22,0.381
growth_mom,2024-09-01,22,-4.671
growth_mom,2024-10-01,22,1.42
growth_mom,2024-11-01,22,-3.392
growth_mom,2024-12-01,22,-2.406
growth_mom,2025-01-01,22,2.373
growth_mom,2025-02-01,22,-7.508
growth_mom,2025-03-01,22,8.42
growth_mom,2025-04-01,22,-2.915
growth_mom,2025-05-01,22,-4.681
growth_mom,2025-06-01,22,8.501
growth_mom,2025-07-01,22,4.899
growth_mom,2025-08-01,22,0.268
growth_mom,2025-09-01,22,-4.245
growth_mom,2025-10-01,22,1.669
growth_mom,2025-11-01,22,-5.248
growth_mom,2025-12-01,22,-1.219
growth_mom,2026-01-01,22,3.138
growth_mom,2026-02-01,22,-9.73
growth_mom,2026-03-01,22,8.809
growth_mom,2026-04-01,22,3.775
growth_mom,2026-05-01,22,-8.881
abs,2015-01-01,23,94.773
abs,2015-02-01,23,88.426
abs,2015-03-01,23,100.375
abs,2015-04-01,23,96.923
abs,2015-05-01,23,98.403
abs,2015-06-01,23,102.124
abs,2015-07-01,23,99.509
abs,2015-08-01,23,99.859
abs,2015-09-01,23,100.857
abs,2015-10-01,23,106.269
abs,2015-11-01,23,104.107
abs,2015-12-01,23,108.374
abs,2016-01-01,23,101.503
abs,2016-02-01,23,91.542
abs,2016-03-01,23,104.205
abs,2016-04-01,23,101.172
abs,2016-05-01,23,102.305
abs,2016-06-01,23,106.578
abs,2016-07-01,23,103.318
abs,2016-08-01,23,106.177
abs,2016-09-01,23,105.116
abs,2016-10-01,23,111.064
abs,2016-11-01,23,109.182
abs,2016-12-01,23,110.705
abs,2017-01-01,23,103.752
abs,2017-02-01,23,97.116
abs,2017-03-01,23,109.112
abs,2017-04-01,23,105.876
abs,2017-05-01,23,107.425
abs,2017-06-01,23,110.79
abs,2017-07-01,23,109.789
abs,2017-08-01,23,112.057
abs,2017-09-01,23,109.103
abs,2017-10-01,23,115.358
abs,2017-11-01,23,113.708
abs,2017-12-01,23,115.31
abs,2018-01-01,23,111.46
abs,2018-02-01,23,102.563
abs,2018-03-01,23,114.738
abs,2018-04-01,23,111.626
abs,2018-05-01,23,113.816
abs,2018-06-01,23,117.264
abs,2018-07-01,23,117.989
abs,2018-08-01,23,118.004
abs,2018-09-01,23,115.018
abs,2018-10-01,23,120.135
abs,2018-11-01,23,118.446
abs,2018-12-01,23,120.318
abs,2019-01-01,23,117.906
abs,2019-02-01,23,107.641
abs,2019-03-01,23,119.555
abs,2019-04-01,23,116.624
abs,2019-05-01,23,118.421
abs,2019-06-01,23,123.276
abs,2019-07-01,23,122.906
abs,2019-08-01,23,124.003
abs,2019-09-01,23,119.761
abs,2019-10-01,23,124.02
abs,2019-11-01,23,123.404
abs,2019-12-01,23,126.281
abs,2020-01-01,23,122.945
abs,2020-02-01,23,114.023
abs,2020-03-01,23,106.29
abs,2020-04-01,23,32.745
abs,2020-05-01,23,58.331
abs,2020-06-01,23,98.563
abs,2020-07-01,23,111.012
abs,2020-08-01,23,113.743
abs,2020-09-01,23,111.787
abs,2020-10-01,23,120.945
abs,2020-11-01,23,120.825
abs,2020-12-01,23,125.9
abs,2021-01-01,23,123.288
abs,2021-02-01,23,113.069
abs,2021-03-01,23,115.582
abs,2021-04-01,23,102.946
abs,2021-05-01,23,86.343
abs,2021-06-01,23,70.798
abs,2021-07-01,23,69.78
abs,2021-08-01,23,93.681
abs,2021-09-01,23,100.536
abs,2021-10-01,23,119.346
abs,2021-11-01,23,125.217
abs,2021-12-01,23,129.455
abs,2022-01-01,23,130.041
abs,2022-02-01,23,119.915
abs,2022-03-01,23,123.178
abs,2022-04-01,23,110.735
abs,2022-05-01,23,91.637
abs,2022-06-01,23,93.602
abs,2022-07-01,23,94.006
abs,2022-08-01,23,109.285
abs,2022-09-01,23,110.651
abs,2022-10-01,23,123.504
abs,2022-11-01,23,125.401
abs,2022-12-01,23,132.312
abs,2023-01-01,23,131.47
abs,2023-02-01,23,126.106
abs,2023-03-01,23,128.711
abs,2023-04-01,23,112.698
abs,2023-05-01,23,94.994
abs,2023-06-01,23,96.918
abs,2023-07-01,23,96.786
abs,2023-08-01,23,112.98
abs,2023-09-01,23,119.547
abs,2023-10-01,23,131.586
abs,2023-11-01,23,134.059
abs,2023-12-01,23,139.265
abs,2024-01-01,23,140.186
abs,2024-02-01,23,132.476
abs,2024-03-01,23,138.454
abs,2024-04-01,23,125.369
abs,2024-05-01,23,104.341
abs,2024-06-01,23,105.548
abs,2024-07-01,23,108.601
abs,2024-08-01,23,123.514
abs,2024-09-01,23,127.458
abs,2024-10-01,23,138.483
abs,2024-11-01,23,138.002
abs,2024-12-01,23,144.117
abs,2025-01-01,23,141.697
abs,2025-02-01,23,135.555
abs,2025-03-01,23,143.628
abs,2025-04-01,23,131.082
abs,2025-05-01,23,106.778
abs,2025-06-01,23,107.096
abs,2025-07-01,23,109.218
abs,2025-08-01,23,123.932
abs,2025-09-01,23,124.901
abs,2025-10-01,23,136.982
abs,2025-11-01,23,138.388
abs,2025-12-01,23,147.631
abs,2026-01-01,23,148.821
abs,2026-02-01,23,139.86
abs,2026-03-01,23,147.419
abs,2026-04-01,23,139.897
abs,2026-05-01,23,109.929
growth_yoy,2016-01-01,23,7.102
growth_yoy,2016-02-01,23,3.524
growth_yoy,2016-03-01,23,3.816
growth_yoy,2016-04-01,23,4.384
growth_yoy,2016-05-01,23,3.965
growth_yoy,2016-06-01,23,4.361
growth_yoy,2016-07-01,23,3.828
growth_yoy,2016-08-01,23,6.327
growth_yoy,2016-09-01,23,4.223
growth_yoy,2016-10-01,23,4.512
growth_yoy,2016-11-01,23,4.874
growth_yoy,2016-12-01,23,2.151
growth_yoy,2017-01-01,23,2.216
growth_yoy,2017-02-01,23,6.089
growth_yoy,2017-03-01,23,4.709
growth_yoy,2017-04-01,23,4.649
growth_yoy,2017-05-01,23,5.004
growth_yoy,2017-06-01,23,3.952
growth_yoy,2017-07-01,23,6.263
growth_yoy,2017-08-01,23,5.538
growth_yoy,2017-09-01,23,3.792
growth_yoy,2017-10-01,23,3.867
growth_yoy,2017-11-01,23,4.145
growth_yoy,2017-12-01,23,4.16
growth_yoy,2018-01-01,23,7.429
growth_yoy,2018-02-01,23,5.609
growth_yoy,2018-03-01,23,5.156
growth_yoy,2018-04-01,23,5.431
growth_yoy,2018-05-01,23,5.949
growth_yoy,2018-06-01,23,5.843
growth_yoy,2018-07-01,23,7.469
growth_yoy,2018-08-01,23,5.307
growth_yoy,2018-09-01,23,5.421
growth_yoy,2018-10-01,23,4.14
growth_yoy,2018-11-01,23,4.167
growth_yoy,2018-12-01,23,4.343
growth_yoy,2019-01-01,23,5.783
growth_yoy,2019-02-01,23,4.951
growth_yoy,2019-03-01,23,4.199
growth_yoy,2019-04-01,23,4.477
growth_yoy,2019-05-01,23,4.046
growth_yoy,2019-06-01,23,5.127
growth_yoy,2019-07-01,23,4.167
growth_yoy,2019-08-01,23,5.083
growth_yoy,2019-09-01,23,4.124
growth_yoy,2019-10-01,23,3.234
growth_yoy,2019-11-01,23,4.186
growth_yoy,2019-12-01,23,4.956
growth_yoy,2020-01-01,23,4.274
growth_yoy,2020-02-01,23,5.929
growth_yoy,2020-03-01,23,-11.095
growth_yoy,2020-04-01,23,-71.923
growth_yoy,2020-05-01,23,-50.743
growth_yoy,2020-06-01,23,-20.047
growth_yoy,2020-07-01,23,-9.677
growth_yoy,2020-08-01,23,-8.274
growth_yoy,2020-09-01,23,-6.658
growth_yoy,2020-10-01,23,-2.479
growth_yoy,2020-11-01,23,-2.09
growth_yoy,2020-12-01,23,-0.302
growth_yoy,2021-01-01,23,0.28
growth_yoy,2021-02-01,23,-0.836
growth_yoy,2021-03-01,23,8.742
growth_yoy,2021-04-01,23,214.388
growth_yoy,2021-05-01,23,48.024
growth_yoy,2021-06-01,23,-28.169
growth_yoy,2021-07-01,23,-37.142
growth_yoy,2021-08-01,23,-17.638
growth_yoy,2021-09-01,23,-10.065
growth_yoy,2021-10-01,23,-1.322
growth_yoy,2021-11-01,23,3.635
growth_yoy,2021-12-01,23,2.824
growth_yoy,2022-01-01,23,5.477
growth_yoy,2022-02-01,23,6.054
growth_yoy,2022-03-01,23,6.572
growth_yoy,2022-04-01,23,7.566
growth_yoy,2022-05-01,23,6.131
growth_yoy,2022-06-01,23,32.209
growth_yoy,2022-07-01,23,34.717
growth_yoy,2022-08-01,23,16.656
growth_yoy,2022-09-01,23,10.062
growth_yoy,2022-10-01,23,3.484
growth_yoy,2022-11-01,23,0.147
growth_yoy,2022-12-01,23,2.207
growth_yoy,2023-01-01,23,1.098
growth_yoy,2023-02-01,23,5.163
growth_yoy,2023-03-01,23,4.491
growth_yoy,2023-04-01,23,1.773
growth_yoy,2023-05-01,23,3.664
growth_yoy,2023-06-01,23,3.542
growth_yoy,2023-07-01,23,2.958
growth_yoy,2023-08-01,23,3.381
growth_yoy,2023-09-01,23,8.039
growth_yoy,2023-10-01,23,6.544
growth_yoy,2023-11-01,23,6.904
growth_yoy,2023-12-01,23,5.255
growth_yoy,2024-01-01,23,6.63
growth_yoy,2024-02-01,23,5.051
growth_yoy,2024-03-01,23,7.57
growth_yoy,2024-04-01,23,11.243
growth_yoy,2024-05-01,23,9.839
growth_yoy,2024-06-01,23,8.905
growth_yoy,2024-07-01,23,12.207
growth_yoy,2024-08-01,23,9.324
growth_yoy,2024-09-01,23,6.618
growth_yoy,2024-10-01,23,5.242
growth_yoy,2024-11-01,23,2.941
growth_yoy,2024-12-01,23,3.484
growth_yoy,2025-01-01,23,1.078
growth_yoy,2025-02-01,23,2.324
growth_yoy,2025-03-01,23,3.737
growth_yoy,2025-04-01,23,4.557
growth_yoy,2025-05-01,23,2.335
growth_yoy,2025-06-01,23,1.466
growth_yoy,2025-07-01,23,0.568
growth_yoy,2025-08-01,23,0.338
growth_yoy,2025-09-01,23,-2.006
growth_yoy,2025-10-01,23,-1.084
growth_yoy,2025-11-01,23,0.28
growth_yoy,2025-12-01,23,2.439
growth_yoy,2026-01-01,23,5.028
growth_yoy,2026-02-01,23,3.176
growth_yoy,2026-03-01,23,2.639
growth_yoy,2026-04-01,23,6.724
growth_yoy,2026-05-01,23,2.951
growth_mom,2015-02-01,23,-6.697
growth_mom,2015-03-01,23,13.513
growth_mom,2015-04-01,23,-3.439
growth_mom,2015-05-01,23,1.527
growth_mom,2015-06-01,23,3.781
growth_mom,2015-07-01,23,-2.561
growth_mom,2015-08-01,23,0.351
growth_mom,2015-09-01,23,1.0
growth_mom,2015-10-01,23,5.365
growth_mom,2015-11-01,23,-2.034
growth_mom,2015-12-01,23,4.098
growth_mom,2016-01-01,23,-6.34
growth_mom,2016-02-01,23,-9.814
growth_mom,2016-03-01,23,13.833
growth_mom,2016-04-01,23,-2.911
growth_mom,2016-05-01,23,1.12
growth_mom,2016-06-01,23,4.177
growth_mom,2016-07-01,23,-3.059
growth_mom,2016-08-01,23,2.767
growth_mom,2016-09-01,23,-0.999
growth_mom,2016-10-01,23,5.658
growth_mom,2016-11-01,23,-1.695
growth_mom,2016-12-01,23,1.395
growth_mom,2017-01-01,23,-6.28
growth_mom,2017-02-01,23,-6.396
growth_mom,2017-03-01,23,12.352
growth_mom,2017-04-01,23,-2.966
growth_mom,2017-05-01,23,1.463
growth_mom,2017-06-01,23,3.133
growth_mom,2017-07-01,23,-0.904
growth_mom,2017-08-01,23,2.066
growth_mom,2017-09-01,23,-2.637
growth_mom,2017-10-01,23,5.734
growth_mom,2017-11-01,23,-1.431
growth_mom,2017-12-01,23,1.409
growth_mom,2018-01-01,23,-3.338
growth_mom,2018-02-01,23,-7.982
growth_mom,2018-03-01,23,11.87
growth_mom,2018-04-01,23,-2.712
growth_mom,2018-05-01,23,1.962
growth_mom,2018-06-01,23,3.029
growth_mom,2018-07-01,23,0.619
growth_mom,2018-08-01,23,0.013
growth_mom,2018-09-01,23,-2.531
growth_mom,2018-10-01,23,4.449
growth_mom,2018-11-01,23,-1.406
growth_mom,2018-12-01,23,1.58
growth_mom,2019-01-01,23,-2.005
growth_mom,2019-02-01,23,-8.706
growth_mom,2019-03-01,23,11.068
growth_mom,2019-04-01,23,-2.452
growth_mom,2019-05-01,23,1.541
growth_mom,2019-06-01,23,4.1
growth_mom,2019-07-01,23,-0.3
growth_mom,2019-08-01,23,0.893
growth_mom,2019-09-01,23,-3.421
growth_mom,2019-10-01,23,3.557
growth_mom,2019-11-01,23,-0.497
growth_mom,2019-12-01,23,2.331
growth_mom,2020-01-01,23,-2.642
growth_mom,2020-02-01,23,-7.257
growth_mom,2020-03-01,23,-6.782
growth_mom,2020-04-01,23,-69.193
growth_mom,2020-05-01,23,78.136
growth_mom,2020-06-01,23,68.973
growth_mom,2020-07-01,23,12.631
growth_mom,2020-08-01,23,2.46
growth_mom,2020-09-01,23,-1.72
growth_mom,2020-10-01,23,8.192
growth_mom,2020-11-01,23,-0.099
growth_mom,2020-12-01,23,4.2
growth_mom,2021-01-01,23,-2.074
growth_mom,2021-02-01,23,-8.289
growth_mom,2021-03-01,23,2.222
growth_mom,2021-04-01,23,-10.932
growth_mom,2021-05-01,23,-16.127
growth_mom,2021-06-01,23,-18.004
growth_mom,2021-07-01,23,-1.438
growth_mom,2021-08-01,23,34.252
growth_mom,2021-09-01,23,7.317
growth_mom,2021-10-01,23,18.71
growth_mom,2021-11-01,23,4.919
growth_mom,2021-12-01,23,3.385
growth_mom,2022-01-01,23,0.453
growth_mom,2022-02-01,23,-7.787
growth_mom,2022-03-01,23,2.721
growth_mom,2022-04-01,23,-10.102
growth_mom,2022-05-01,23,-17.247
growth_mom,2022-06-01,23,2.144
growth_mom,2022-07-01,23,0.431
growth_mom,2022-08-01,23,16.253
growth_mom,2022-09-01,23,1.25
growth_mom,2022-10-01,23,11.615
growth_mom,2022-11-01,23,1.536
growth_mom,2022-12-01,23,5.511
growth_mom,2023-01-01,23,-0.637
growth_mom,2023-02-01,23,-4.08
growth_mom,2023-03-01,23,2.065
growth_mom,2023-04-01,23,-12.441
growth_mom,2023-05-01,23,-15.709
growth_mom,2023-06-01,23,2.024
growth_mom,2023-07-01,23,-0.135
growth_mom,2023-08-01,23,16.731
growth_mom,2023-09-01,23,5.813
growth_mom,2023-10-01,23,10.07
growth_mom,2023-11-01,23,1.88
growth_mom,2023-12-01,23,3.883
growth_mom,2024-01-01,23,0.662
growth_mom,2024-02-01,23,-5.5
growth_mom,2024-03-01,23,4.513
growth_mom,2024-04-01,23,-9.451
growth_mom,2024-05-01,23,-16.773
growth_mom,2024-06-01,23,1.157
growth_mom,2024-07-01,23,2.893
growth_mom,2024-08-01,23,13.732
growth_mom,2024-09-01,23,3.193
growth_mom,2024-10-01,23,8.65
growth_mom,2024-11-01,23,-0.348
growth_mom,2024-12-01,23,4.431
growth_mom,2025-01-01,23,-1.679
growth_mom,2025-02-01,23,-4.334
growth_mom,2025-03-01,23,5.955
growth_mom,2025-04-01,23,-8.735
growth_mom,2025-05-01,23,-18.541
growth_mom,2025-06-01,23,0.298
growth_mom,2025-07-01,23,1.981
growth_mom,2025-08-01,23,13.472
growth_mom,2025-09-01,23,0.782
growth_mom,2025-10-01,23,9.672
growth_mom,2025-11-01,23,1.027
growth_mom,2025-12-01,23,6.679
growth_mom,2026-01-01,23,0.806
growth_mom,2026-02-01,23,-6.021
growth_mom,2026-03-01,23,5.405
growth_mom,2026-04-01,23,-5.103
growth_mom,2026-05-01,23,-21.421
abs,2015-01-01,24,92.777
abs,2015-02-01,24,96.418
abs,2015-03-01,24,102.016
abs,2015-04-01,24,102.759
abs,2015-05-01,24,98.233
abs,2015-06-01,24,104.593
abs,2015-07-01,24,107.568
abs,2015-08-01,24,101.335
abs,2015-09-01,24,104.282
abs,2015-10-01,24,100.523
abs,2015-11-01,24,94.234
abs,2015-12-01,24,95.262
abs,2016-01-01,24,93.982
abs,2016-02-01,24,94.123
abs,2016-03-01,24,102.411
abs,2016-04-01,24,102.665
abs,2016-05-01,24,101.994
abs,2016-06-01,24,108.735
abs,2016-07-01,24,108.896
abs,2016-08-01,24,102.909
abs,2016-09-01,24,105.076
abs,2016-10-01,24,101.686
abs,2016-11-01,24,102.152
abs,2016-12-01,24,100.305
abs,2017-01-01,24,98.333
abs,2017-02-01,24,97.581
abs,2017-03-01,24,107.866
abs,2017-04-01,24,107.718
abs,2017-05-01,24,107.375
abs,2017-06-01,24,113.071
abs,2017-07-01,24,118.061
abs,2017-08-01,24,110.857
abs,2017-09-01,24,110.388
abs,2017-10-01,24,107.323
abs,2017-11-01,24,107.262
abs,2017-12-01,24,105.754
abs,2018-01-01,24,105.328
abs,2018-02-01,24,103.433
abs,2018-03-01,24,112.324
abs,2018-04-01,24,111.473
abs,2018-05-01,24,110.733
abs,2018-06-01,24,116.848
abs,2018-07-01,24,122.182
abs,2018-08-01,24,115.306
abs,2018-09-01,24,114.511
abs,2018-10-01,24,112.394
abs,2018-11-01,24,111.555
abs,2018-12-01,24,109.366
abs,2019-01-01,24,108.687
abs,2019-02-01,24,107.168
abs,2019-03-01,24,115.721
abs,2019-04-01,24,115.891
abs,2019-05-01,24,114.557
abs,2019-06-01,24,121.871
abs,2019-07-01,24,127.981
abs,2019-08-01,24,119.568
abs,2019-09-01,24,118.273
abs,2019-10-01,24,117.358
abs,2019-11-01,24,117.089
abs,2019-12-01,24,115.065
abs,2020-01-01,24,112.672
abs,2020-02-01,24,116.225
abs,2020-03-01,24,105.751
abs,2020-04-01,24,56.832
abs,2020-05-01,24,72.073
abs,2020-06-01,24,128.344
abs,2020-07-01,24,131.955
abs,2020-08-01,24,123.408
abs,2020-09-01,24,123.158
abs,2020-10-01,24,122.424
abs,2020-11-01,24,120.456
abs,2020-12-01,24,119.262
abs,2021-01-01,24,118.097
abs,2021-02-01,24,114.612
abs,2021-03-01,24,114.215
abs,2021-04-01,24,113.687
abs,2021-05-01,24,104.849
abs,2021-06-01,24,93.642
abs,2021-07-01,24,91.477
abs,2021-08-01,24,111.787
abs,2021-09-01,24,124.443
abs,2021-10-01,24,126.769
abs,2021-11-01,24,127.997
abs,2021-12-01,24,128.252
abs,2022-01-01,24,125.694
abs,2022-02-01,24,120.611
abs,2022-03-01,24,125.441
abs,2022-04-01,24,121.425
abs,2022-05-01,24,113.114
abs,2022-06-01,24,111.302
abs,2022-07-01,24,111.609
abs,2022-08-01,24,124.482
abs,2022-09-01,24,126.07
abs,2022-10-01,24,129.074
abs,2022-11-01,24,129.771
abs,2022-12-01,24,124.438
abs,2023-01-01,24,119.811
abs,2023-02-01,24,126.775
abs,2023-03-01,24,131.558
abs,2023-04-01,24,125.066
abs,2023-05-01,24,121.225
abs,2023-06-01,24,116.396
abs,2023-07-01,24,114.2
abs,2023-08-01,24,124.974
abs,2023-09-01,24,133.18
abs,2023-10-01,24,132.278
abs,2023-11-01,24,135.289
abs,2023-12-01,24,125.775
abs,2024-01-01,24,122.924
abs,2024-02-01,24,128.546
abs,2024-03-01,24,134.437
abs,2024-04-01,24,133.784
abs,2024-05-01,24,127.733
abs,2024-06-01,24,125.679
abs,2024-07-01,24,126.204
abs,2024-08-01,24,133.677
abs,2024-09-01,24,140.701
abs,2024-10-01,24,135.976
abs,2024-11-01,24,138.514
abs,2024-12-01,24,127.328
abs,2025-01-01,24,123.875
abs,2025-02-01,24,132.826
abs,2025-03-01,24,139.518
abs,2025-04-01,24,141.862
abs,2025-05-01,24,133.531
abs,2025-06-01,24,134.051
abs,2025-07-01,24,135.514
abs,2025-08-01,24,140.931
abs,2025-09-01,24,149.281
abs,2025-10-01,24,147.644
abs,2025-11-01,24,146.692
abs,2025-12-01,24,136.215
abs,2026-01-01,24,132.159
abs,2026-02-01,24,137.632
abs,2026-03-01,24,145.829
abs,2026-04-01,24,152.056
abs,2026-05-01,24,143.337
growth_yoy,2016-01-01,24,1.299
growth_yoy,2016-02-01,24,-2.381
growth_yoy,2016-03-01,24,0.387
growth_yoy,2016-04-01,24,-0.092
growth_yoy,2016-05-01,24,3.828
growth_yoy,2016-06-01,24,3.96
growth_yoy,2016-07-01,24,1.234
growth_yoy,2016-08-01,24,1.553
growth_yoy,2016-09-01,24,0.761
growth_yoy,2016-10-01,24,1.157
growth_yoy,2016-11-01,24,8.403
growth_yoy,2016-12-01,24,5.295
growth_yoy,2017-01-01,24,4.629
growth_yoy,2017-02-01,24,3.675
growth_yoy,2017-03-01,24,5.327
growth_yoy,2017-04-01,24,4.923
growth_yoy,2017-05-01,24,5.276
growth_yoy,2017-06-01,24,3.987
growth_yoy,2017-07-01,24,8.416
growth_yoy,2017-08-01,24,7.724
growth_yoy,2017-09-01,24,5.056
growth_yoy,2017-10-01,24,5.544
growth_yoy,2017-11-01,24,5.003
growth_yoy,2017-12-01,24,5.432
growth_yoy,2018-01-01,24,7.114
growth_yoy,2018-02-01,24,5.997
growth_yoy,2018-03-01,24,4.133
growth_yoy,2018-04-01,24,3.486
growth_yoy,2018-05-01,24,3.128
growth_yoy,2018-06-01,24,3.341
growth_yoy,2018-07-01,24,3.491
growth_yoy,2018-08-01,24,4.013
growth_yoy,2018-09-01,24,3.735
growth_yoy,2018-10-01,24,4.724
growth_yoy,2018-11-01,24,4.002
growth_yoy,2018-12-01,24,3.415
growth_yoy,2019-01-01,24,3.188
growth_yoy,2019-02-01,24,3.611
growth_yoy,2019-03-01,24,3.025
growth_yoy,2019-04-01,24,3.963
growth_yoy,2019-05-01,24,3.453
growth_yoy,2019-06-01,24,4.299
growth_yoy,2019-07-01,24,4.746
growth_yoy,2019-08-01,24,3.696
growth_yoy,2019-09-01,24,3.285
growth_yoy,2019-10-01,24,4.417
growth_yoy,2019-11-01,24,4.96
growth_yoy,2019-12-01,24,5.211
growth_yoy,2020-01-01,24,3.667
growth_yoy,2020-02-01,24,8.451
growth_yoy,2020-03-01,24,-8.616
growth_yoy,2020-04-01,24,-50.961
growth_yoy,2020-05-01,24,-37.086
growth_yoy,2020-06-01,24,5.312
growth_yoy,2020-07-01,24,3.106
growth_yoy,2020-08-01,24,3.212
growth_yoy,2020-09-01,24,4.13
growth_yoy,2020-10-01,24,4.317
growth_yoy,2020-11-01,24,2.876
growth_yoy,2020-12-01,24,3.648
growth_yoy,2021-01-01,24,4.815
growth_yoy,2021-02-01,24,-1.387
growth_yoy,2021-03-01,24,8.004
growth_yoy,2021-04-01,24,100.04
growth_yoy,2021-05-01,24,45.477
growth_yoy,2021-06-01,24,-27.038
growth_yoy,2021-07-01,24,-30.676
growth_yoy,2021-08-01,24,-9.417
growth_yoy,2021-09-01,24,1.043
growth_yoy,2021-10-01,24,3.549
growth_yoy,2021-11-01,24,6.261
growth_yoy,2021-12-01,24,7.538
growth_yoy,2022-01-01,24,6.433
growth_yoy,2022-02-01,24,5.234
growth_yoy,2022-03-01,24,9.829
growth_yoy,2022-04-01,24,6.807
growth_yoy,2022-05-01,24,7.883
growth_yoy,2022-06-01,24,18.86
growth_yoy,2022-07-01,24,22.008
growth_yoy,2022-08-01,24,11.357
growth_yoy,2022-09-01,24,1.308
growth_yoy,2022-10-01,24,1.818
growth_yoy,2022-11-01,24,1.386
growth_yoy,2022-12-01,24,-2.974
growth_yoy,2023-01-01,24,-4.68
growth_yoy,2023-02-01,24,5.11
growth_yoy,2023-03-01,24,4.876
growth_yoy,2023-04-01,24,2.999
growth_yoy,2023-05-01,24,7.17
growth_yoy,2023-06-01,24,4.577
growth_yoy,2023-07-01,24,2.321
growth_yoy,2023-08-01,24,0.396
growth_yoy,2023-09-01,24,5.64
growth_yoy,2023-10-01,24,2.483
growth_yoy,2023-11-01,24,4.252
growth_yoy,2023-12-01,24,1.075
growth_yoy,2024-01-01,24,2.598
growth_yoy,2024-02-01,24,1.397
growth_yoy,2024-03-01,24,2.188
growth_yoy,2024-04-01,24,6.971
growth_yoy,2024-05-01,24,5.369
growth_yoy,2024-06-01,24,7.975
growth_yoy,2024-07-01,24,10.511
growth_yoy,2024-08-01,24,6.964
growth_yoy,2024-09-01,24,5.647
growth_yoy,2024-10-01,24,2.795
growth_yoy,2024-11-01,24,2.383
growth_yoy,2024-12-01,24,1.235
growth_yoy,2025-01-01,24,0.774
growth_yoy,2025-02-01,24,3.329
growth_yoy,2025-03-01,24,3.78
growth_yoy,2025-04-01,24,6.038
growth_yoy,2025-05-01,24,4.539
growth_yoy,2025-06-01,24,6.661
growth_yoy,2025-07-01,24,7.378
growth_yoy,2025-08-01,24,5.426
growth_yoy,2025-09-01,24,6.099
growth_yoy,2025-10-01,24,8.581
growth_yoy,2025-11-01,24,5.904
growth_yoy,2025-12-01,24,6.979
growth_yoy,2026-01-01,24,6.687
growth_yoy,2026-02-01,24,3.618
growth_yoy,2026-03-01,24,4.523
growth_yoy,2026-04-01,24,7.186
growth_yoy,2026-05-01,24,7.344
growth_mom,2015-02-01,24,3.925
growth_mom,2015-03-01,24,5.805
growth_mom,2015-04-01,24,0.729
growth_mom,2015-05-01,24,-4.404
growth_mom,2015-06-01,24,6.474
growth_mom,2015-07-01,24,2.845
growth_mom,2015-08-01,24,-5.794
growth_mom,2015-09-01,24,2.908
growth_mom,2015-10-01,24,-3.605
growth_mom,2015-11-01,24,-6.256
growth_mom,2015-12-01,24,1.091
growth_mom,2016-01-01,24,-1.343
growth_mom,2016-02-01,24,0.15
growth_mom,2016-03-01,24,8.806
growth_mom,2016-04-01,24,0.248
growth_mom,2016-05-01,24,-0.653
growth_mom,2016-06-01,24,6.609
growth_mom,2016-07-01,24,0.148
growth_mom,2016-08-01,24,-5.498
growth_mom,2016-09-01,24,2.106
growth_mom,2016-10-01,24,-3.226
growth_mom,2016-11-01,24,0.458
growth_mom,2016-12-01,24,-1.808
growth_mom,2017-01-01,24,-1.967
growth_mom,2017-02-01,24,-0.764
growth_mom,2017-03-01,24,10.54
growth_mom,2017-04-01,24,-0.137
growth_mom,2017-05-01,24,-0.319
growth_mom,2017-06-01,24,5.304
growth_mom,2017-07-01,24,4.414
growth_mom,2017-08-01,24,-6.102
growth_mom,2017-09-01,24,-0.423
growth_mom,2017-10-01,24,-2.776
growth_mom,2017-11-01,24,-0.057
growth_mom,2017-12-01,24,-1.406
growth_mom,2018-01-01,24,-0.403
growth_mom,2018-02-01,24,-1.799
growth_mom,2018-03-01,24,8.596
growth_mom,2018-04-01,24,-0.757
growth_mom,2018-05-01,24,-0.664
growth_mom,2018-06-01,24,5.522
growth_mom,2018-07-01,24,4.565
growth_mom,2018-08-01,24,-5.628
growth_mom,2018-09-01,24,-0.69
growth_mom,2018-10-01,24,-1.849
growth_mom,2018-11-01,24,-0.746
growth_mom,2018-12-01,24,-1.963
growth_mom,2019-01-01,24,-0.621
growth_mom,2019-02-01,24,-1.397
growth_mom,2019-03-01,24,7.981
growth_mom,2019-04-01,24,0.146
growth_mom,2019-05-01,24,-1.151
growth_mom,2019-06-01,24,6.385
growth_mom,2019-07-01,24,5.013
growth_mom,2019-08-01,24,-6.574
growth_mom,2019-09-01,24,-1.083
growth_mom,2019-10-01,24,-0.774
growth_mom,2019-11-01,24,-0.229
growth_mom,2019-12-01,24,-1.728
growth_mom,2020-01-01,24,-2.08
growth_mom,2020-02-01,24,3.153
growth_mom,2020-03-01,24,-9.011
growth_mom,2020-04-01,24,-46.259
growth_mom,2020-05-01,24,26.817
growth_mom,2020-06-01,24,78.076
growth_mom,2020-07-01,24,2.814
growth_mom,2020-08-01,24,-6.477
growth_mom,2020-09-01,24,-0.203
growth_mom,2020-10-01,24,-0.596
growth_mom,2020-11-01,24,-1.608
growth_mom,2020-12-01,24,-0.991
growth_mom,2021-01-01,24,-0.977
growth_mom,2021-02-01,24,-2.951
growth_mom,2021-03-01,24,-0.346
growth_mom,2021-04-01,24,-0.463
growth_mom,2021-05-01,24,-7.774
growth_mom,2021-06-01,24,-10.689
growth_mom,2021-07-01,24,-2.312
growth_mom,2021-08-01,24,22.202
growth_mom,2021-09-01,24,11.322
growth_mom,2021-10-01,24,1.87
growth_mom,2021-11-01,24,0.969
growth_mom,2021-12-01,24,0.199
growth_mom,2022-01-01,24,-1.994
growth_mom,2022-02-01,24,-4.044
growth_mom,2022-03-01,24,4.005
growth_mom,2022-04-01,24,-3.202
growth_mom,2022-05-01,24,-6.844
growth_mom,2022-06-01,24,-1.602
growth_mom,2022-07-01,24,0.276
growth_mom,2022-08-01,24,11.534
growth_mom,2022-09-01,24,1.276
growth_mom,2022-10-01,24,2.383
growth_mom,2022-11-01,24,0.54
growth_mom,2022-12-01,24,-4.11
growth_mom,2023-01-01,24,-3.718
growth_mom,2023-02-01,24,5.812
growth_mom,2023-03-01,24,3.773
growth_mom,2023-04-01,24,-4.935
growth_mom,2023-05-01,24,-3.072
growth_mom,2023-06-01,24,-3.983
growth_mom,2023-07-01,24,-1.887
growth_mom,2023-08-01,24,9.435
growth_mom,2023-09-01,24,6.566
growth_mom,2023-10-01,24,-0.677
growth_mom,2023-11-01,24,2.276
growth_mom,2023-12-01,24,-7.032
growth_mom,2024-01-01,24,-2.267
growth_mom,2024-02-01,24,4.573
growth_mom,2024-03-01,24,4.583
growth_mom,2024-04-01,24,-0.485
growth_mom,2024-05-01,24,-4.523
growth_mom,2024-06-01,24,-1.608
growth_mom,2024-07-01,24,0.417
growth_mom,2024-08-01,24,5.922
growth_mom,2024-09-01,24,5.254
growth_mom,2024-10-01,24,-3.358
growth_mom,2024-11-01,24,1.867
growth_mom,2024-12-01,24,-8.075
growth_mom,2025-01-01,24,-2.712
growth_mom,2025-02-01,24,7.225
growth_mom,2025-03-01,24,5.038
growth_mom,2025-04-01,24,1.68
growth_mom,2025-05-01,24,-5.873
growth_mom,2025-06-01,24,0.39
growth_mom,2025-07-01,24,1.092
growth_mom,2025-08-01,24,3.997
growth_mom,2025-09-01,24,5.925
growth_mom,2025-10-01,24,-1.097
growth_mom,2025-11-01,24,-0.645
growth_mom,2025-12-01,24,-7.142
growth_mom,2026-01-01,24,-2.978
growth_mom,2026-02-01,24,4.141
growth_mom,2026-03-01,24,5.956
growth_mom,2026-04-01,24,4.27
growth_mom,2026-05-01,24,-5.735
abs,2015-01-01,25,107.636
abs,2015-02-01,25,88.031
abs,2015-03-01,25,100.734
abs,2015-04-01,25,101.554
abs,2015-05-01,25,100.926
abs,2015-06-01,25,102.316
abs,2015-07-01,25,100.273
abs,2015-08-01,25,95.751
abs,2015-09-01,25,100.964
abs,2015-10-01,25,100.416
abs,2015-11-01,25,98.42
abs,2015-12-01,25,102.98
abs,2016-01-01,25,114.453
abs,2016-02-01,25,93.64
abs,2016-03-01,25,105.341
abs,2016-04-01,25,104.985
abs,2016-05-01,25,107.993
abs,2016-06-01,25,108.199
abs,2016-07-01,25,105.062
abs,2016-08-01,25,100.875
abs,2016-09-01,25,104.911
abs,2016-10-01,25,105.929
abs,2016-11-01,25,104.8
abs,2016-12-01,25,103.738
abs,2017-01-01,25,118.235
abs,2017-02-01,25,96.675
abs,2017-03-01,25,108.12
abs,2017-04-01,25,108.835
abs,2017-05-01,25,111.779
abs,2017-06-01,25,111.612
abs,2017-07-01,25,115.083
abs,2017-08-01,25,110.154
abs,2017-09-01,25,110.598
abs,2017-10-01,25,111.879
abs,2017-11-01,25,110.02
abs,2017-12-01,25,108.553
abs,2018-01-01,25,123.786
abs,2018-02-01,25,100.536
abs,2018-03-01,25,112.764
abs,2018-04-01,25,115.31
abs,2018-05-01,25,117.831
abs,2018-06-01,25,118.083
abs,2018-07-01,25,121.436
abs,2018-08-01,25,115.758
abs,2018-09-01,25,115.647
abs,2018-10-01,25,117.32
abs,2018-11-01,25,114.544
abs,2018-12-01,25,113.118
abs,2019-01-01,25,128.542
abs,2019-02-01,25,105.46
abs,2019-03-01,25,116.52
abs,2019-04-01,25,119.566
abs,2019-05-01,25,122.33
abs,2019-06-01,25,123.774
abs,2019-07-01,25,126.709
abs,2019-08-01,25,120.008
abs,2019-09-01,25,120.153
abs,2019-10-01,25,119.839
abs,2019-11-01,25,117.38
abs,2019-12-01,25,117.454
abs,2020-01-01,25,133.324
abs,2020-02-01,25,110.799
abs,2020-03-01,25,105.403
abs,2020-04-01,25,44.64
abs,2020-05-01,25,66.572
abs,2020-06-01,25,97.018
abs,2020-07-01,25,103.879
abs,2020-08-01,25,107.208
abs,2020-09-01,25,112.301
abs,2020-10-01,25,112.674
abs,2020-11-01,25,110.488
abs,2020-12-01,25,111.266
abs,2021-01-01,25,126.733
abs,2021-02-01,25,105.176
abs,2021-03-01,25,113.179
abs,2021-04-01,25,103.143
abs,2021-05-01,25,101.812
abs,2021-06-01,25,86.345
abs,2021-07-01,25,85.971
abs,2021-08-01,25,94.695
abs,2021-09-01,25,112.44
abs,2021-10-01,25,121.228
abs,2021-11-01,25,123.546
abs,2021-12-01,25,118.087
abs,2022-01-01,25,135.203
abs,2022-02-01,25,110.21
abs,2022-03-01,25,115.597
abs,2022-04-01,25,105.11
abs,2022-05-01,25,104.822
abs,2022-06-01,25,107.723
abs,2022-07-01,25,101.6
abs,2022-08-01,25,106.975
abs,2022-09-01,25,120.658
abs,2022-10-01,25,125.413
abs,2022-11-01,25,125.482
abs,2022-12-01,25,124.695
abs,2023-01-01,25,135.765
abs,2023-02-01,25,119.629
abs,2023-03-01,25,121.939
abs,2023-04-01,25,110.198
abs,2023-05-01,25,117.274
abs,2023-06-01,25,114.9
abs,2023-07-01,25,108.623
abs,2023-08-01,25,114.651
abs,2023-09-01,25,131.482
abs,2023-10-01,25,133.92
abs,2023-11-01,25,136.697
abs,2023-12-01,25,136.814
abs,2024-01-01,25,151.876
abs,2024-02-01,25,129.653
abs,2024-03-01,25,135.427
abs,2024-04-01,25,124.287
abs,2024-05-01,25,124.922
abs,2024-06-01,25,129.386
abs,2024-07-01,25,118.534
abs,2024-08-01,25,126.508
abs,2024-09-01,25,144.464
abs,2024-10-01,25,142.592
abs,2024-11-01,25,143.381
abs,2024-12-01,25,145.019
abs,2025-01-01,25,159.217
abs,2025-02-01,25,137.939
abs,2025-03-01,25,141.165
abs,2025-04-01,25,130.517
abs,2025-05-01,25,129.536
abs,2025-06-01,25,132.503
abs,2025-07-01,25,123.35
abs,2025-08-01,25,132.717
abs,2025-09-01,25,151.019
abs,2025-10-01,25,152.727
abs,2025-11-01,25,150.648
abs,2025-12-01,25,155.676
abs,2026-01-01,25,172.788
abs,2026-02-01,25,142.942
abs,2026-03-01,25,146.837
abs,2026-04-01,25,138.09
abs,2026-05-01,25,135.38
growth_yoy,2016-01-01,25,6.334
growth_yoy,2016-02-01,25,6.371
growth_yoy,2016-03-01,25,4.573
growth_yoy,2016-04-01,25,3.379
growth_yoy,2016-05-01,25,7.003
growth_yoy,2016-06-01,25,5.75
growth_yoy,2016-07-01,25,4.776
growth_yoy,2016-08-01,25,5.352
growth_yoy,2016-09-01,25,3.91
growth_yoy,2016-10-01,25,5.49
growth_yoy,2016-11-01,25,6.482
growth_yoy,2016-12-01,25,0.736
growth_yoy,2017-01-01,25,3.304
growth_yoy,2017-02-01,25,3.242
growth_yoy,2017-03-01,25,2.638
growth_yoy,2017-04-01,25,3.667
growth_yoy,2017-05-01,25,3.506
growth_yoy,2017-06-01,25,3.154
growth_yoy,2017-07-01,25,9.538
growth_yoy,2017-08-01,25,9.199
growth_yoy,2017-09-01,25,5.421
growth_yoy,2017-10-01,25,5.617
growth_yoy,2017-11-01,25,4.981
growth_yoy,2017-12-01,25,4.642
growth_yoy,2018-01-01,25,4.695
growth_yoy,2018-02-01,25,3.993
growth_yoy,2018-03-01,25,4.295
growth_yoy,2018-04-01,25,5.949
growth_yoy,2018-05-01,25,5.414
growth_yoy,2018-06-01,25,5.798
growth_yoy,2018-07-01,25,5.52
growth_yoy,2018-08-01,25,5.087
growth_yoy,2018-09-01,25,4.565
growth_yoy,2018-10-01,25,4.863
growth_yoy,2018-11-01,25,4.112
growth_yoy,2018-12-01,25,4.206
growth_yoy,2019-01-01,25,3.842
growth_yoy,2019-02-01,25,4.898
growth_yoy,2019-03-01,25,3.331
growth_yoy,2019-04-01,25,3.691
growth_yoy,2019-05-01,25,3.818
growth_yoy,2019-06-01,25,4.819
growth_yoy,2019-07-01,25,4.343
growth_yoy,2019-08-01,25,3.671
growth_yoy,2019-09-01,25,3.897
growth_yoy,2019-10-01,25,2.147
growth_yoy,2019-11-01,25,2.476
growth_yoy,2019-12-01,25,3.833
growth_yoy,2020-01-01,25,3.721
growth_yoy,2020-02-01,25,5.063
growth_yoy,2020-03-01,25,-9.541
growth_yoy,2020-04-01,25,-62.665
growth_yoy,2020-05-01,25,-45.58
growth_yoy,2020-06-01,25,-21.616
growth_yoy,2020-07-01,25,-18.018
growth_yoy,2020-08-01,25,-10.666
growth_yoy,2020-09-01,25,-6.535
growth_yoy,2020-10-01,25,-5.979
growth_yoy,2020-11-01,25,-5.871
growth_yoy,2020-12-01,25,-5.268
growth_yoy,2021-01-01,25,-4.944
growth_yoy,2021-02-01,25,-5.075
growth_yoy,2021-03-01,25,7.378
growth_yoy,2021-04-01,25,131.056
growth_yoy,2021-05-01,25,52.936
growth_yoy,2021-06-01,25,-11.001
growth_yoy,2021-07-01,25,-17.239
growth_yoy,2021-08-01,25,-11.671
growth_yoy,2021-09-01,25,0.124
growth_yoy,2021-10-01,25,7.592
growth_yoy,2021-11-01,25,11.819
growth_yoy,2021-12-01,25,6.13
growth_yoy,2022-01-01,25,6.684
growth_yoy,2022-02-01,25,4.786
growth_yoy,2022-03-01,25,2.136
growth_yoy,2022-04-01,25,1.907
growth_yoy,2022-05-01,25,2.956
growth_yoy,2022-06-01,25,24.759
growth_yoy,2022-07-01,25,18.179
growth_yoy,2022-08-01,25,12.968
growth_yoy,2022-09-01,25,7.308
growth_yoy,2022-10-01,25,3.452
growth_yoy,2022-11-01,25,1.567
growth_yoy,2022-12-01,25,5.596
growth_yoy,2023-01-01,25,0.416
growth_yoy,2023-02-01,25,8.547
growth_yoy,2023-03-01,25,5.486
growth_yoy,2023-04-01,25,4.841
growth_yoy,2023-05-01,25,11.879
growth_yoy,2023-06-01,25,6.662
growth_yoy,2023-07-01,25,6.913
growth_yoy,2023-08-01,25,7.175
growth_yoy,2023-09-01,25,8.971
growth_yoy,2023-10-01,25,6.783
growth_yoy,2023-11-01,25,8.937
growth_yoy,2023-12-01,25,9.718
growth_yoy,2024-01-01,25,11.866
growth_yoy,2024-02-01,25,8.379
growth_yoy,2024-03-01,25,11.062
growth_yoy,2024-04-01,25,12.785
growth_yoy,2024-05-01,25,6.521
growth_yoy,2024-06-01,25,12.608
growth_yoy,2024-07-01,25,9.124
growth_yoy,2024-08-01,25,10.342
growth_yoy,2024-09-01,25,9.874
growth_yoy,2024-10-01,25,6.476
growth_yoy,2024-11-01,25,4.89
growth_yoy,2024-12-01,25,5.998
growth_yoy,2025-01-01,25,4.834
growth_yoy,2025-02-01,25,6.391
growth_yoy,2025-03-01,25,4.237
growth_yoy,2025-04-01,25,5.012
growth_yoy,2025-05-01,25,3.694
growth_yoy,2025-06-01,25,2.409
growth_yoy,2025-07-01,25,4.062
growth_yoy,2025-08-01,25,4.908
growth_yoy,2025-09-01,25,4.537
growth_yoy,2025-10-01,25,7.108
growth_yoy,2025-11-01,25,5.068
growth_yoy,2025-12-01,25,7.349
growth_yoy,2026-01-01,25,8.523
growth_yoy,2026-02-01,25,3.627
growth_yoy,2026-03-01,25,4.018
growth_yoy,2026-04-01,25,5.803
growth_yoy,2026-05-01,25,4.511
growth_mom,2015-02-01,25,-18.214
growth_mom,2015-03-01,25,14.43
growth_mom,2015-04-01,25,0.814
growth_mom,2015-05-01,25,-0.618
growth_mom,2015-06-01,25,1.378
growth_mom,2015-07-01,25,-1.997
growth_mom,2015-08-01,25,-4.51
growth_mom,2015-09-01,25,5.444
growth_mom,2015-10-01,25,-0.543
growth_mom,2015-11-01,25,-1.988
growth_mom,2015-12-01,25,4.633
growth_mom,2016-01-01,25,11.142
growth_mom,2016-02-01,25,-18.185
growth_mom,2016-03-01,25,12.496
growth_mom,2016-04-01,25,-0.338
growth_mom,2016-05-01,25,2.865
growth_mom,2016-06-01,25,0.191
growth_mom,2016-07-01,25,-2.9
growth_mom,2016-08-01,25,-3.985
growth_mom,2016-09-01,25,4.001
growth_mom,2016-10-01,25,0.97
growth_mom,2016-11-01,25,-1.066
growth_mom,2016-12-01,25,-1.014
growth_mom,2017-01-01,25,13.975
growth_mom,2017-02-01,25,-18.234
growth_mom,2017-03-01,25,11.838
growth_mom,2017-04-01,25,0.661
growth_mom,2017-05-01,25,2.705
growth_mom,2017-06-01,25,-0.149
growth_mom,2017-07-01,25,3.11
growth_mom,2017-08-01,25,-4.283
growth_mom,2017-09-01,25,0.403
growth_mom,2017-10-01,25,1.158
growth_mom,2017-11-01,25,-1.661
growth_mom,2017-12-01,25,-1.334
growth_mom,2018-01-01,25,14.033
growth_mom,2018-02-01,25,-18.783
growth_mom,2018-03-01,25,12.162
growth_mom,2018-04-01,25,2.258
growth_mom,2018-05-01,25,2.186
growth_mom,2018-06-01,25,0.214
growth_mom,2018-07-01,25,2.839
growth_mom,2018-08-01,25,-4.675
growth_mom,2018-09-01,25,-0.096
growth_mom,2018-10-01,25,1.447
growth_mom,2018-11-01,25,-2.366
growth_mom,2018-12-01,25,-1.245
growth_mom,2019-01-01,25,13.635
growth_mom,2019-02-01,25,-17.957
growth_mom,2019-03-01,25,10.488
growth_mom,2019-04-01,25,2.614
growth_mom,2019-05-01,25,2.312
growth_mom,2019-06-01,25,1.18
growth_mom,2019-07-01,25,2.371
growth_mom,2019-08-01,25,-5.289
growth_mom,2019-09-01,25,0.121
growth_mom,2019-10-01,25,-0.262
growth_mom,2019-11-01,25,-2.052
growth_mom,2019-12-01,25,0.063
growth_mom,2020-01-01,25,13.512
growth_mom,2020-02-01,25,-16.895
growth_mom,2020-03-01,25,-4.87
growth_mom,2020-04-01,25,-57.648
growth_mom,2020-05-01,25,49.131
growth_mom,2020-06-01,25,45.734
growth_mom,2020-07-01,25,7.072
growth_mom,2020-08-01,25,3.204
growth_mom,2020-09-01,25,4.751
growth_mom,2020-10-01,25,0.332
growth_mom,2020-11-01,25,-1.94
growth_mom,2020-12-01,25,0.704
growth_mom,2021-01-01,25,13.9
growth_mom,2021-02-01,25,-17.009
growth_mom,2021-03-01,25,7.609
growth_mom,2021-04-01,25,-8.867
growth_mom,2021-05-01,25,-1.291
growth_mom,2021-06-01,25,-15.192
growth_mom,2021-07-01,25,-0.433
growth_mom,2021-08-01,25,10.148
growth_mom,2021-09-01,25,18.739
growth_mom,2021-10-01,25,7.816
growth_mom,2021-11-01,25,1.912
growth_mom,2021-12-01,25,-4.419
growth_mom,2022-01-01,25,14.494
growth_mom,2022-02-01,25,-18.486
growth_mom,2022-03-01,25,4.888
growth_mom,2022-04-01,25,-9.072
growth_mom,2022-05-01,25,-0.275
growth_mom,2022-06-01,25,2.768
growth_mom,2022-07-01,25,-5.684
growth_mom,2022-08-01,25,5.291
growth_mom,2022-09-01,25,12.79
growth_mom,2022-10-01,25,3.942
growth_mom,2022-11-01,25,0.055
growth_mom,2022-12-01,25,-0.627
growth_mom,2023-01-01,25,8.877
growth_mom,2023-02-01,25,-11.885
growth_mom,2023-03-01,25,1.93
growth_mom,2023-04-01,25,-9.628
growth_mom,2023-05-01,25,6.42
growth_mom,2023-06-01,25,-2.024
growth_mom,2023-07-01,25,-5.463
growth_mom,2023-08-01,25,5.549
growth_mom,2023-09-01,25,14.68
growth_mom,2023-10-01,25,1.854
growth_mom,2023-11-01,25,2.074
growth_mom,2023-12-01,25,0.085
growth_mom,2024-01-01,25,11.009
growth_mom,2024-02-01,25,-14.632
growth_mom,2024-03-01,25,4.454
growth_mom,2024-04-01,25,-8.226
growth_mom,2024-05-01,25,0.511
growth_mom,2024-06-01,25,3.574
growth_mom,2024-07-01,25,-8.387
growth_mom,2024-08-01,25,6.727
growth_mom,2024-09-01,25,14.194
growth_mom,2024-10-01,25,-1.296
growth_mom,2024-11-01,25,0.553
growth_mom,2024-12-01,25,1.142
growth_mom,2025-01-01,25,9.79
growth_mom,2025-02-01,25,-13.365
growth_mom,2025-03-01,25,2.339
growth_mom,2025-04-01,25,-7.543
growth_mom,2025-05-01,25,-0.751
growth_mom,2025-06-01,25,2.29
growth_mom,2025-07-01,25,-6.908
growth_mom,2025-08-01,25,7.594
growth_mom,2025-09-01,25,13.791
growth_mom,2025-10-01,25,1.131
growth_mom,2025-11-01,25,-1.361
growth_mom,2025-12-01,25,3.338
growth_mom,2026-01-01,25,10.992
growth_mom,2026-02-01,25,-17.273
growth_mom,2026-03-01,25,2.725
growth_mom,2026-04-01,25,-5.956
growth_mom,2026-05-01,25,-1.963
abs,2015-01-01,26,99.801
abs,2015-02-01,26,79.014
abs,2015-03-01,26,92.593
abs,2015-04-01,26,88.332
abs,2015-05-01,26,93.59
abs,2015-06-01,26,103.911
abs,2015-07-01,26,104.523
abs,2015-08-01,26,102.935
abs,2015-09-01,26,111.27
abs,2015-10-01,26,111.447
abs,2015-11-01,26,104.782
abs,2015-12-01,26,107.802
abs,2016-01-01,26,108.311
abs,2016-02-01,26,84.6
abs,2016-03-01,26,100.257
abs,2016-04-01,26,97.611
abs,2016-05-01,26,103.051
abs,2016-06-01,26,114.202
abs,2016-07-01,26,109.527
abs,2016-08-01,26,111.602
abs,2016-09-01,26,118.824
abs,2016-10-01,26,120.517
abs,2016-11-01,26,114.199
abs,2016-12-01,26,114.389
abs,2017-01-01,26,114.865
abs,2017-02-01,26,92.114
abs,2017-03-01,26,108.138
abs,2017-04-01,26,105.6
abs,2017-05-01,26,114.206
abs,2017-06-01,26,123.34
abs,2017-07-01,26,120.323
abs,2017-08-01,26,120.522
abs,2017-09-01,26,126.241
abs,2017-10-01,26,127.327
abs,2017-11-01,26,122.63
abs,2017-12-01,26,119.282
abs,2018-01-01,26,121.867
abs,2018-02-01,26,97.663
abs,2018-03-01,26,115.01
abs,2018-04-01,26,114.259
abs,2018-05-01,26,120.327
abs,2018-06-01,26,130.362
abs,2018-07-01,26,131.362
abs,2018-08-01,26,127.305
abs,2018-09-01,26,134.538
abs,2018-10-01,26,137.479
abs,2018-11-01,26,129.782
abs,2018-12-01,26,128.787
abs,2019-01-01,26,126.172
abs,2019-02-01,26,100.572
abs,2019-03-01,26,118.239
abs,2019-04-01,26,119.084
abs,2019-05-01,26,125.312
abs,2019-06-01,26,135.477
abs,2019-07-01,26,138.47
abs,2019-08-01,26,131.118
abs,2019-09-01,26,134.725
abs,2019-10-01,26,140.102
abs,2019-11-01,26,129.992
abs,2019-12-01,26,132.608
abs,2020-01-01,26,130.43
abs,2020-02-01,26,108.463
abs,2020-03-01,26,113.624
abs,2020-04-01,26,75.936
abs,2020-05-01,26,108.438
abs,2020-06-01,26,152.121
abs,2020-07-01,26,151.866
abs,2020-08-01,26,141.803
abs,2020-09-01,26,149.259
abs,2020-10-01,26,151.723
abs,2020-11-01,26,142.456
abs,2020-12-01,26,144.264
abs,2021-01-01,26,142.175
abs,2021-02-01,26,121.845
abs,2021-03-01,26,130.606
abs,2021-04-01,26,134.257
abs,2021-05-01,26,134.903
abs,2021-06-01,26,166.169
abs,2021-07-01,26,149.418
abs,2021-08-01,26,155.935
abs,2021-09-01,26,168.028
abs,2021-10-01,26,172.001
abs,2021-11-01,26,167.967
abs,2021-12-01,26,171.701
abs,2022-01-01,26,164.971
abs,2022-02-01,26,138.622
abs,2022-03-01,26,157.375
abs,2022-04-01,26,156.53
abs,2022-05-01,26,160.338
abs,2022-06-01,26,198.411
abs,2022-07-01,26,176.86
abs,2022-08-01,26,189.497
abs,2022-09-01,26,196.103
abs,2022-10-01,26,189.737
abs,2022-11-01,26,191.652
abs,2022-12-01,26,184.674
abs,2023-01-01,26,166.259
abs,2023-02-01,26,147.561
abs,2023-03-01,26,166.863
abs,2023-04-01,26,153.699
abs,2023-05-01,26,161.065
abs,2023-06-01,26,190.377
abs,2023-07-01,26,174.076
abs,2023-08-01,26,182.314
abs,2023-09-01,26,192.394
abs,2023-10-01,26,181.539
abs,2023-11-01,26,175.115
abs,2023-12-01,26,171.31
abs,2024-01-01,26,166.962
abs,2024-02-01,26,147.979
abs,2024-03-01,26,170.281
abs,2024-04-01,26,151.477
abs,2024-05-01,26,174.669
abs,2024-06-01,26,199.714
abs,2024-07-01,26,182.797
abs,2024-08-01,26,198.174
abs,2024-09-01,26,203.792
abs,2024-10-01,26,186.738
abs,2024-11-01,26,192.919
abs,2024-12-01,26,188.602
abs,2025-01-01,26,180.21
abs,2025-02-01,26,160.38
abs,2025-03-01,26,185.628
abs,2025-04-01,26,168.306
abs,2025-05-01,26,185.18
abs,2025-06-01,26,211.536
abs,2025-07-01,26,198.326
abs,2025-08-01,26,211.494
abs,2025-09-01,26,221.713
abs,2025-10-01,26,213.34
abs,2025-11-01,26,213.485
abs,2025-12-01,26,213.509
abs,2026-01-01,26,211.235
abs,2026-02-01,26,185.537
abs,2026-03-01,26,213.141
abs,2026-04-01,26,192.84
abs,2026-05-01,26,216.668
growth_yoy,2016-01-01,26,8.527
growth_yoy,2016-02-01,26,7.07
growth_yoy,2016-03-01,26,8.277
growth_yoy,2016-04-01,26,10.506
growth_yoy,2016-05-01,26,10.109
growth_yoy,2016-06-01,26,9.904
growth_yoy,2016-07-01,26,4.787
growth_yoy,2016-08-01,26,8.419
growth_yoy,2016-09-01,26,6.79
growth_yoy,2016-10-01,26,8.139
growth_yoy,2016-11-01,26,8.988
growth_yoy,2016-12-01,26,6.11
growth_yoy,2017-01-01,26,6.051
growth_yoy,2017-02-01,26,8.881
growth_yoy,2017-03-01,26,7.861
growth_yoy,2017-04-01,26,8.184
growth_yoy,2017-05-01,26,10.824
growth_yoy,2017-06-01,26,8.001
growth_yoy,2017-07-01,26,9.857
growth_yoy,2017-08-01,26,7.992
growth_yoy,2017-09-01,26,6.241
growth_yoy,2017-10-01,26,5.651
growth_yoy,2017-11-01,26,7.382
growth_yoy,2017-12-01,26,4.277
growth_yoy,2018-01-01,26,6.096
growth_yoy,2018-02-01,26,6.025
growth_yoy,2018-03-01,26,6.354
growth_yoy,2018-04-01,26,8.2
growth_yoy,2018-05-01,26,5.36
growth_yoy,2018-06-01,26,5.693
growth_yoy,2018-07-01,26,9.175
growth_yoy,2018-08-01,26,5.629
growth_yoy,2018-09-01,26,6.573
growth_yoy,2018-10-01,26,7.973
growth_yoy,2018-11-01,26,5.832
growth_yoy,2018-12-01,26,7.969
growth_yoy,2019-01-01,26,3.533
growth_yoy,2019-02-01,26,2.978
growth_yoy,2019-03-01,26,2.808
growth_yoy,2019-04-01,26,4.223
growth_yoy,2019-05-01,26,4.142
growth_yoy,2019-06-01,26,3.924
growth_yoy,2019-07-01,26,5.411
growth_yoy,2019-08-01,26,2.994
growth_yoy,2019-09-01,26,0.14
growth_yoy,2019-10-01,26,1.908
growth_yoy,2019-11-01,26,0.162
growth_yoy,2019-12-01,26,2.967
growth_yoy,2020-01-01,26,3.374
growth_yoy,2020-02-01,26,7.847
growth_yoy,2020-03-01,26,-3.903
growth_yoy,2020-04-01,26,-36.233
growth_yoy,2020-05-01,26,-13.466
growth_yoy,2020-06-01,26,12.285
growth_yoy,2020-07-01,26,9.674
growth_yoy,2020-08-01,26,8.149
growth_yoy,2020-09-01,26,10.787
growth_yoy,2020-10-01,26,8.294
growth_yoy,2020-11-01,26,9.588
growth_yoy,2020-12-01,26,8.79
growth_yoy,2021-01-01,26,9.005
growth_yoy,2021-02-01,26,12.338
growth_yoy,2021-03-01,26,14.945
growth_yoy,2021-04-01,26,76.803
growth_yoy,2021-05-01,26,24.406
growth_yoy,2021-06-01,26,9.235
growth_yoy,2021-07-01,26,-1.612
growth_yoy,2021-08-01,26,9.966
growth_yoy,2021-09-01,26,12.575
growth_yoy,2021-10-01,26,13.365
growth_yoy,2021-11-01,26,17.908
growth_yoy,2021-12-01,26,19.018
growth_yoy,2022-01-01,26,16.034
growth_yoy,2022-02-01,26,13.769
growth_yoy,2022-03-01,26,20.497
growth_yoy,2022-04-01,26,16.589
growth_yoy,2022-05-01,26,18.854
growth_yoy,2022-06-01,26,19.403
growth_yoy,2022-07-01,26,18.366
growth_yoy,2022-08-01,26,21.523
growth_yoy,2022-09-01,26,16.709
growth_yoy,2022-10-01,26,10.311
growth_yoy,2022-11-01,26,14.101
growth_yoy,2022-12-01,26,7.556
growth_yoy,2023-01-01,26,0.781
growth_yoy,2023-02-01,26,6.449
growth_yoy,2023-03-01,26,6.029
growth_yoy,2023-04-01,26,-1.808
growth_yoy,2023-05-01,26,0.454
growth_yoy,2023-06-01,26,-4.049
growth_yoy,2023-07-01,26,-1.574
growth_yoy,2023-08-01,26,-3.791
growth_yoy,2023-09-01,26,-1.892
growth_yoy,2023-10-01,26,-4.321
growth_yoy,2023-11-01,26,-8.629
growth_yoy,2023-12-01,26,-7.237
growth_yoy,2024-01-01,26,0.423
growth_yoy,2024-02-01,26,0.283
growth_yoy,2024-03-01,26,2.048
growth_yoy,2024-04-01,26,-1.446
growth_yoy,2024-05-01,26,8.446
growth_yoy,2024-06-01,26,4.905
growth_yoy,2024-07-01,26,5.01
growth_yoy,2024-08-01,26,8.699
growth_yoy,2024-09-01,26,5.924
growth_yoy,2024-10-01,26,2.864
growth_yoy,2024-11-01,26,10.167
growth_yoy,2024-12-01,26,10.094
growth_yoy,2025-01-01,26,7.935
growth_yoy,2025-02-01,26,8.38
growth_yoy,2025-03-01,26,9.013
growth_yoy,2025-04-01,26,11.11
growth_yoy,2025-05-01,26,6.017
growth_yoy,2025-06-01,26,5.919
growth_yoy,2025-07-01,26,8.495
growth_yoy,2025-08-01,26,6.722
growth_yoy,2025-09-01,26,8.794
growth_yoy,2025-10-01,26,14.245
growth_yoy,2025-11-01,26,10.66
growth_yoy,2025-12-01,26,13.206
growth_yoy,2026-01-01,26,17.216
growth_yoy,2026-02-01,26,15.686
growth_yoy,2026-03-01,26,14.822
growth_yoy,2026-04-01,26,14.577
growth_yoy,2026-05-01,26,17.004
growth_mom,2015-02-01,26,-20.829
growth_mom,2015-03-01,26,17.185
growth_mom,2015-04-01,26,-4.602
growth_mom,2015-05-01,26,5.953
growth_mom,2015-06-01,26,11.027
growth_mom,2015-07-01,26,0.589
growth_mom,2015-08-01,26,-1.519
growth_mom,2015-09-01,26,8.097
growth_mom,2015-10-01,26,0.16
growth_mom,2015-11-01,26,-5.981
growth_mom,2015-12-01,26,2.883
growth_mom,2016-01-01,26,0.472
growth_mom,2016-02-01,26,-21.892
growth_mom,2016-03-01,26,18.507
growth_mom,2016-04-01,26,-2.639
growth_mom,2016-05-01,26,5.573
growth_mom,2016-06-01,26,10.821
growth_mom,2016-07-01,26,-4.094
growth_mom,2016-08-01,26,1.895
growth_mom,2016-09-01,26,6.471
growth_mom,2016-10-01,26,1.425
growth_mom,2016-11-01,26,-5.243
growth_mom,2016-12-01,26,0.167
growth_mom,2017-01-01,26,0.415
growth_mom,2017-02-01,26,-19.807
growth_mom,2017-03-01,26,17.397
growth_mom,2017-04-01,26,-2.347
growth_mom,2017-05-01,26,8.15
growth_mom,2017-06-01,26,7.998
growth_mom,2017-07-01,26,-2.446
growth_mom,2017-08-01,26,0.165
growth_mom,2017-09-01,26,4.745
growth_mom,2017-10-01,26,0.861
growth_mom,2017-11-01,26,-3.689
growth_mom,2017-12-01,26,-2.73
growth_mom,2018-01-01,26,2.168
growth_mom,2018-02-01,26,-19.861
growth_mom,2018-03-01,26,17.762
growth_mom,2018-04-01,26,-0.653
growth_mom,2018-05-01,26,5.311
growth_mom,2018-06-01,26,8.339
growth_mom,2018-07-01,26,0.767
growth_mom,2018-08-01,26,-3.088
growth_mom,2018-09-01,26,5.681
growth_mom,2018-10-01,26,2.186
growth_mom,2018-11-01,26,-5.599
growth_mom,2018-12-01,26,-0.767
growth_mom,2019-01-01,26,-2.03
growth_mom,2019-02-01,26,-20.29
growth_mom,2019-03-01,26,17.567
growth_mom,2019-04-01,26,0.715
growth_mom,2019-05-01,26,5.23
growth_mom,2019-06-01,26,8.112
growth_mom,2019-07-01,26,2.209
growth_mom,2019-08-01,26,-5.31
growth_mom,2019-09-01,26,2.752
growth_mom,2019-10-01,26,3.991
growth_mom,2019-11-01,26,-7.216
growth_mom,2019-12-01,26,2.012
growth_mom,2020-01-01,26,-1.642
growth_mom,2020-02-01,26,-16.842
growth_mom,2020-03-01,26,4.758
growth_mom,2020-04-01,26,-33.169
growth_mom,2020-05-01,26,42.802
growth_mom,2020-06-01,26,40.284
growth_mom,2020-07-01,26,-0.167
growth_mom,2020-08-01,26,-6.626
growth_mom,2020-09-01,26,5.258
growth_mom,2020-10-01,26,1.651
growth_mom,2020-11-01,26,-6.108
growth_mom,2020-12-01,26,1.27
growth_mom,2021-01-01,26,-1.448
growth_mom,2021-02-01,26,-14.299
growth_mom,2021-03-01,26,7.19
growth_mom,2021-04-01,26,2.796
growth_mom,2021-05-01,26,0.481
growth_mom,2021-06-01,26,23.177
growth_mom,2021-07-01,26,-10.081
growth_mom,2021-08-01,26,4.362
growth_mom,2021-09-01,26,7.755
growth_mom,2021-10-01,26,2.365
growth_mom,2021-11-01,26,-2.345
growth_mom,2021-12-01,26,2.223
growth_mom,2022-01-01,26,-3.919
growth_mom,2022-02-01,26,-15.972
growth_mom,2022-03-01,26,13.528
growth_mom,2022-04-01,26,-0.537
growth_mom,2022-05-01,26,2.433
growth_mom,2022-06-01,26,23.746
growth_mom,2022-07-01,26,-10.862
growth_mom,2022-08-01,26,7.145
growth_mom,2022-09-01,26,3.486
growth_mom,2022-10-01,26,-3.247
growth_mom,2022-11-01,26,1.01
growth_mom,2022-12-01,26,-3.641
growth_mom,2023-01-01,26,-9.972
growth_mom,2023-02-01,26,-11.246
growth_mom,2023-03-01,26,13.081
growth_mom,2023-04-01,26,-7.889
growth_mom,2023-05-01,26,4.792
growth_mom,2023-06-01,26,18.199
growth_mom,2023-07-01,26,-8.563
growth_mom,2023-08-01,26,4.732
growth_mom,2023-09-01,26,5.529
growth_mom,2023-10-01,26,-5.642
growth_mom,2023-11-01,26,-3.539
growth_mom,2023-12-01,26,-2.173
growth_mom,2024-01-01,26,-2.538
growth_mom,2024-02-01,26,-11.37
growth_mom,2024-03-01,26,15.072
growth_mom,2024-04-01,26,-11.043
growth_mom,2024-05-01,26,15.311
growth_mom,2024-06-01,26,14.339
growth_mom,2024-07-01,26,-8.471
growth_mom,2024-08-01,26,8.412
growth_mom,2024-09-01,26,2.835
growth_mom,2024-10-01,26,-8.368
growth_mom,2024-11-01,26,3.31
growth_mom,2024-12-01,26,-2.238
growth_mom,2025-01-01,26,-4.449
growth_mom,2025-02-01,26,-11.004
growth_mom,2025-03-01,26,15.743
growth_mom,2025-04-01,26,-9.332
growth_mom,2025-05-01,26,10.026
growth_mom,2025-06-01,26,14.233
growth_mom,2025-07-01,26,-6.245
growth_mom,2025-08-01,26,6.639
growth_mom,2025-09-01,26,4.832
growth_mom,2025-10-01,26,-3.777
growth_mom,2025-11-01,26,0.068
growth_mom,2025-12-01,26,0.011
growth_mom,2026-01-01,26,-1.065
growth_mom,2026-02-01,26,-12.165
growth_mom,2026-03-01,26,14.878
growth_mom,2026-04-01,26,-9.525
growth_mom,2026-05-01,26,12.356
abs,2015-01-01,27,99.135
abs,2015-02-01,27,84.616
abs,2015-03-01,27,100.028
abs,2015-04-01,27,102.343
abs,2015-05-01,27,100.49
abs,2015-06-01,27,103.27
abs,2015-07-01,27,99.0
abs,2015-08-01,27,98.331
abs,2015-09-01,27,110.005
abs,2015-10-01,27,107.345
abs,2015-11-01,27,93.267
abs,2015-12-01,27,102.17
abs,2016-01-01,27,102.32
abs,2016-02-01,27,89.518
abs,2016-03-01,27,104.01
abs,2016-04-01,27,106.596
abs,2016-05-01,27,106.095
abs,2016-06-01,27,113.366
abs,2016-07-01,27,102.743
abs,2016-08-01,27,106.176
abs,2016-09-01,27,115.775
abs,2016-10-01,27,113.12
abs,2016-11-01,27,101.022
abs,2016-12-01,27,108.876
abs,2017-01-01,27,110.705
abs,2017-02-01,27,99.146
abs,2017-03-01,27,111.729
abs,2017-04-01,27,114.991
abs,2017-05-01,27,116.895
abs,2017-06-01,27,119.655
abs,2017-07-01,27,111.952
abs,2017-08-01,27,114.0
abs,2017-09-01,27,120.366
abs,2017-10-01,27,117.274
abs,2017-11-01,27,104.653
abs,2017-12-01,27,109.112
abs,2018-01-01,27,113.327
abs,2018-02-01,27,101.448
abs,2018-03-01,27,114.573
abs,2018-04-01,27,117.656
abs,2018-05-01,27,119.373
abs,2018-06-01,27,122.731
abs,2018-07-01,27,117.685
abs,2018-08-01,27,116.312
abs,2018-09-01,27,121.483
abs,2018-10-01,27,120.652
abs,2018-11-01,27,107.237
abs,2018-12-01,27,113.997
abs,2019-01-01,27,121.372
abs,2019-02-01,27,106.443
abs,2019-03-01,27,118.903
abs,2019-04-01,27,122.54
abs,2019-05-01,27,121.358
abs,2019-06-01,27,124.613
abs,2019-07-01,27,119.39
abs,2019-08-01,27,118.328
abs,2019-09-01,27,125.018
abs,2019-10-01,27,127.22
abs,2019-11-01,27,110.551
abs,2019-12-01,27,117.716
abs,2020-01-01,27,123.194
abs,2020-02-01,27,109.641
abs,2020-03-01,27,110.044
abs,2020-04-01,27,84.58
abs,2020-05-01,27,111.832
abs,2020-06-01,27,141.172
abs,2020-07-01,27,132.573
abs,2020-08-01,27,127.101
abs,2020-09-01,27,135.042
abs,2020-10-01,27,134.075
abs,2020-11-01,27,115.28
abs,2020-12-01,27,122.401
abs,2021-01-01,27,130.857
abs,2021-02-01,27,115.986
abs,2021-03-01,27,120.118
abs,2021-04-01,27,135.19
abs,2021-05-01,27,130.541
abs,2021-06-01,27,150.208
abs,2021-07-01,27,131.372
abs,2021-08-01,27,133.102
abs,2021-09-01,27,147.468
abs,2021-10-01,27,150.39
abs,2021-11-01,27,134.235
abs,2021-12-01,27,143.66
abs,2022-01-01,27,145.062
abs,2022-02-01,27,134.66
abs,2022-03-01,27,146.985
abs,2022-04-01,27,149.829
abs,2022-05-01,27,142.181
abs,2022-06-01,27,164.782
abs,2022-07-01,27,145.635
abs,2022-08-01,27,147.17
abs,2022-09-01,27,161.468
abs,2022-10-01,27,157.212
abs,2022-11-01,27,139.338
abs,2022-12-01,27,146.38
abs,2023-01-01,27,141.055
abs,2023-02-01,27,136.978
abs,2023-03-01,27,147.3
abs,2023-04-01,27,142.076
abs,2023-05-01,27,152.964
abs,2023-06-01,27,164.245
abs,2023-07-01,27,146.592
abs,2023-08-01,27,147.8
abs,2023-09-01,27,160.956
abs,2023-10-01,27,153.344
abs,2023-11-01,27,137.871
abs,2023-12-01,27,135.295
abs,2024-01-01,27,143.079
abs,2024-02-01,27,133.966
abs,2024-03-01,27,142.852
abs,2024-04-01,27,139.658
abs,2024-05-01,27,154.528
abs,2024-06-01,27,155.598
abs,2024-07-01,27,151.189
abs,2024-08-01,27,149.623
abs,2024-09-01,27,161.993
abs,2024-10-01,27,159.874
abs,2024-11-01,27,139.398
abs,2024-12-01,27,141.539
abs,2025-01-01,27,150.32
abs,2025-02-01,27,141.138
abs,2025-03-01,27,147.042
abs,2025-04-01,27,145.169
abs,2025-05-01,27,159.142
abs,2025-06-01,27,166.634
abs,2025-07-01,27,161.544
abs,2025-08-01,27,160.673
abs,2025-09-01,27,179.924
abs,2025-10-01,27,174.721
abs,2025-11-01,27,158.826
abs,2025-12-01,27,158.816
abs,2026-01-01,27,159.481
abs,2026-02-01,27,146.097
abs,2026-03-01,27,151.467
abs,2026-04-01,27,152.778
abs,2026-05-01,27,164.75
growth_yoy,2016-01-01,27,3.212
growth_yoy,2016-02-01,27,5.794
growth_yoy,2016-03-01,27,3.981
growth_yoy,2016-04-01,27,4.155
growth_yoy,2016-05-01,27,5.577
growth_yoy,2016-06-01,27,9.776
growth_yoy,2016-07-01,27,3.781
growth_yoy,2016-08-01,27,7.979
growth_yoy,2016-09-01,27,5.245
growth_yoy,2016-10-01,27,5.38
growth_yoy,2016-11-01,27,8.314
growth_yoy,2016-12-01,27,6.564
growth_yoy,2017-01-01,27,8.195
growth_yoy,2017-02-01,27,10.755
growth_yoy,2017-03-01,27,7.421
growth_yoy,2017-04-01,27,7.876
growth_yoy,2017-05-01,27,10.18
growth_yoy,2017-06-01,27,5.548
growth_yoy,2017-07-01,27,8.963
growth_yoy,2017-08-01,27,7.369
growth_yoy,2017-09-01,27,3.966
growth_yoy,2017-10-01,27,3.672
growth_yoy,2017-11-01,27,3.594
growth_yoy,2017-12-01,27,0.216
growth_yoy,2018-01-01,27,2.369
growth_yoy,2018-02-01,27,2.323
growth_yoy,2018-03-01,27,2.545
growth_yoy,2018-04-01,27,2.318
growth_yoy,2018-05-01,27,2.12
growth_yoy,2018-06-01,27,2.571
growth_yoy,2018-07-01,27,5.122
growth_yoy,2018-08-01,27,2.028
growth_yoy,2018-09-01,27,0.928
growth_yoy,2018-10-01,27,2.88
growth_yoy,2018-11-01,27,2.469
growth_yoy,2018-12-01,27,4.477
growth_yoy,2019-01-01,27,7.099
growth_yoy,2019-02-01,27,4.923
growth_yoy,2019-03-01,27,3.779
growth_yoy,2019-04-01,27,4.151
growth_yoy,2019-05-01,27,1.663
growth_yoy,2019-06-01,27,1.534
growth_yoy,2019-07-01,27,1.448
growth_yoy,2019-08-01,27,1.733
growth_yoy,2019-09-01,27,2.91
growth_yoy,2019-10-01,27,5.444
growth_yoy,2019-11-01,27,3.091
growth_yoy,2019-12-01,27,3.263
growth_yoy,2020-01-01,27,1.502
growth_yoy,2020-02-01,27,3.004
growth_yoy,2020-03-01,27,-7.451
growth_yoy,2020-04-01,27,-30.977
growth_yoy,2020-05-01,27,-7.85
growth_yoy,2020-06-01,27,13.288
growth_yoy,2020-07-01,27,11.043
growth_yoy,2020-08-01,27,7.414
growth_yoy,2020-09-01,27,8.019
growth_yoy,2020-10-01,27,5.388
growth_yoy,2020-11-01,27,4.278
growth_yoy,2020-12-01,27,3.98
growth_yoy,2021-01-01,27,6.22
growth_yoy,2021-02-01,27,5.787
growth_yoy,2021-03-01,27,9.154
growth_yoy,2021-04-01,27,59.836
growth_yoy,2021-05-01,27,16.73
growth_yoy,2021-06-01,27,6.4
growth_yoy,2021-07-01,27,-0.906
growth_yoy,2021-08-01,27,4.722
growth_yoy,2021-09-01,27,9.201
growth_yoy,2021-10-01,27,12.168
growth_yoy,2021-11-01,27,16.443
growth_yoy,2021-12-01,27,17.368
growth_yoy,2022-01-01,27,10.856
growth_yoy,2022-02-01,27,16.101
growth_yoy,2022-03-01,27,22.367
growth_yoy,2022-04-01,27,10.829
growth_yoy,2022-05-01,27,8.917
growth_yoy,2022-06-01,27,9.703
growth_yoy,2022-07-01,27,10.857
growth_yoy,2022-08-01,27,10.569
growth_yoy,2022-09-01,27,9.494
growth_yoy,2022-10-01,27,4.537
growth_yoy,2022-11-01,27,3.801
growth_yoy,2022-12-01,27,1.893
growth_yoy,2023-01-01,27,-2.762
growth_yoy,2023-02-01,27,1.721
growth_yoy,2023-03-01,27,0.214
growth_yoy,2023-04-01,27,-5.175
growth_yoy,2023-05-01,27,7.583
growth_yoy,2023-06-01,27,-0.326
growth_yoy,2023-07-01,27,0.657
growth_yoy,2023-08-01,27,0.428
growth_yoy,2023-09-01,27,-0.318
growth_yoy,2023-10-01,27,-2.461
growth_yoy,2023-11-01,27,-1.053
growth_yoy,2023-12-01,27,-7.573
growth_yoy,2024-01-01,27,1.435
growth_yoy,2024-02-01,27,-2.198
growth_yoy,2024-03-01,27,-3.02
growth_yoy,2024-04-01,27,-1.702
growth_yoy,2024-05-01,27,1.023
growth_yoy,2024-06-01,27,-5.265
growth_yoy,2024-07-01,27,3.136
growth_yoy,2024-08-01,27,1.234
growth_yoy,2024-09-01,27,0.645
growth_yoy,2024-10-01,27,4.259
growth_yoy,2024-11-01,27,1.107
growth_yoy,2024-12-01,27,4.615
growth_yoy,2025-01-01,27,5.06
growth_yoy,2025-02-01,27,5.353
growth_yoy,2025-03-01,27,2.933
growth_yoy,2025-04-01,27,3.947
growth_yoy,2025-05-01,27,2.986
growth_yoy,2025-06-01,27,7.093
growth_yoy,2025-07-01,27,6.849
growth_yoy,2025-08-01,27,7.385
growth_yoy,2025-09-01,27,11.069
growth_yoy,2025-10-01,27,9.287
growth_yoy,2025-11-01,27,13.937
growth_yoy,2025-12-01,27,12.207
growth_yoy,2026-01-01,27,6.095
growth_yoy,2026-02-01,27,3.514
growth_yoy,2026-03-01,27,3.01
growth_yoy,2026-04-01,27,5.241
growth_yoy,2026-05-01,27,3.524
growth_mom,2015-02-01,27,-14.646
growth_mom,2015-03-01,27,18.215
growth_mom,2015-04-01,27,2.314
growth_mom,2015-05-01,27,-1.81
growth_mom,2015-06-01,27,2.766
growth_mom,2015-07-01,27,-4.135
growth_mom,2015-08-01,27,-0.676
growth_mom,2015-09-01,27,11.873
growth_mom,2015-10-01,27,-2.418
growth_mom,2015-11-01,27,-13.115
growth_mom,2015-12-01,27,9.545
growth_mom,2016-01-01,27,0.147
growth_mom,2016-02-01,27,-12.511
growth_mom,2016-03-01,27,16.189
growth_mom,2016-04-01,27,2.486
growth_mom,2016-05-01,27,-0.47
growth_mom,2016-06-01,27,6.853
growth_mom,2016-07-01,27,-9.37
growth_mom,2016-08-01,27,3.342
growth_mom,2016-09-01,27,9.04
growth_mom,2016-10-01,27,-2.292
growth_mom,2016-11-01,27,-10.696
growth_mom,2016-12-01,27,7.775
growth_mom,2017-01-01,27,1.679
growth_mom,2017-02-01,27,-10.441
growth_mom,2017-03-01,27,12.692
growth_mom,2017-04-01,27,2.919
growth_mom,2017-05-01,27,1.655
growth_mom,2017-06-01,27,2.361
growth_mom,2017-07-01,27,-6.438
growth_mom,2017-08-01,27,1.83
growth_mom,2017-09-01,27,5.584
growth_mom,2017-10-01,27,-2.569
growth_mom,2017-11-01,27,-10.762
growth_mom,2017-12-01,27,4.261
growth_mom,2018-01-01,27,3.864
growth_mom,2018-02-01,27,-10.482
growth_mom,2018-03-01,27,12.938
growth_mom,2018-04-01,27,2.691
growth_mom,2018-05-01,27,1.459
growth_mom,2018-06-01,27,2.813
growth_mom,2018-07-01,27,-4.111
growth_mom,2018-08-01,27,-1.167
growth_mom,2018-09-01,27,4.446
growth_mom,2018-10-01,27,-0.684
growth_mom,2018-11-01,27,-11.119
growth_mom,2018-12-01,27,6.304
growth_mom,2019-01-01,27,6.47
growth_mom,2019-02-01,27,-12.3
growth_mom,2019-03-01,27,11.706
growth_mom,2019-04-01,27,3.058
growth_mom,2019-05-01,27,-0.964
growth_mom,2019-06-01,27,2.682
growth_mom,2019-07-01,27,-4.192
growth_mom,2019-08-01,27,-0.889
growth_mom,2019-09-01,27,5.653
growth_mom,2019-10-01,27,1.762
growth_mom,2019-11-01,27,-13.103
growth_mom,2019-12-01,27,6.481
growth_mom,2020-01-01,27,4.654
growth_mom,2020-02-01,27,-11.002
growth_mom,2020-03-01,27,0.368
growth_mom,2020-04-01,27,-23.14
growth_mom,2020-05-01,27,32.219
growth_mom,2020-06-01,27,26.236
growth_mom,2020-07-01,27,-6.091
growth_mom,2020-08-01,27,-4.128
growth_mom,2020-09-01,27,6.248
growth_mom,2020-10-01,27,-0.716
growth_mom,2020-11-01,27,-14.018
growth_mom,2020-12-01,27,6.177
growth_mom,2021-01-01,27,6.908
growth_mom,2021-02-01,27,-11.364
growth_mom,2021-03-01,27,3.563
growth_mom,2021-04-01,27,12.547
growth_mom,2021-05-01,27,-3.438
growth_mom,2021-06-01,27,15.065
growth_mom,2021-07-01,27,-12.54
growth_mom,2021-08-01,27,1.317
growth_mom,2021-09-01,27,10.793
growth_mom,2021-10-01,27,1.981
growth_mom,2021-11-01,27,-10.742
growth_mom,2021-12-01,27,7.021
growth_mom,2022-01-01,27,0.976
growth_mom,2022-02-01,27,-7.171
growth_mom,2022-03-01,27,9.152
growth_mom,2022-04-01,27,1.935
growth_mom,2022-05-01,27,-5.105
growth_mom,2022-06-01,27,15.896
growth_mom,2022-07-01,27,-11.62
growth_mom,2022-08-01,27,1.054
growth_mom,2022-09-01,27,9.716
growth_mom,2022-10-01,27,-2.636
growth_mom,2022-11-01,27,-11.37
growth_mom,2022-12-01,27,5.054
growth_mom,2023-01-01,27,-3.637
growth_mom,2023-02-01,27,-2.891
growth_mom,2023-03-01,27,7.536
growth_mom,2023-04-01,27,-3.546
growth_mom,2023-05-01,27,7.663
growth_mom,2023-06-01,27,7.375
growth_mom,2023-07-01,27,-10.748
growth_mom,2023-08-01,27,0.824
growth_mom,2023-09-01,27,8.901
growth_mom,2023-10-01,27,-4.729
growth_mom,2023-11-01,27,-10.09
growth_mom,2023-12-01,27,-1.869
growth_mom,2024-01-01,27,5.754
growth_mom,2024-02-01,27,-6.369
growth_mom,2024-03-01,27,6.633
growth_mom,2024-04-01,27,-2.236
growth_mom,2024-05-01,27,10.648
growth_mom,2024-06-01,27,0.692
growth_mom,2024-07-01,27,-2.833
growth_mom,2024-08-01,27,-1.036
growth_mom,2024-09-01,27,8.267
growth_mom,2024-10-01,27,-1.308
growth_mom,2024-11-01,27,-12.808
growth_mom,2024-12-01,27,1.536
growth_mom,2025-01-01,27,6.204
growth_mom,2025-02-01,27,-6.108
growth_mom,2025-03-01,27,4.183
growth_mom,2025-04-01,27,-1.274
growth_mom,2025-05-01,27,9.625
growth_mom,2025-06-01,27,4.708
growth_mom,2025-07-01,27,-3.055
growth_mom,2025-08-01,27,-0.539
growth_mom,2025-09-01,27,11.981
growth_mom,2025-10-01,27,-2.891
growth_mom,2025-11-01,27,-9.097
growth_mom,2025-12-01,27,-0.006
growth_mom,2026-01-01,27,0.419
growth_mom,2026-02-01,27,-8.392
growth_mom,2026-03-01,27,3.676
growth_mom,2026-04-01,27,0.865
growth_mom,2026-05-01,27,7.836
abs,2015-01-01,28,96.445
abs,2015-02-01,28,90.205
abs,2015-03-01,28,109.132
abs,2015-04-01,28,116.499
abs,2015-05-01,28,114.148
abs,2015-06-01,28,104.421
abs,2015-07-01,28,106.146
abs,2015-08-01,28,106.663
abs,2015-09-01,28,89.978
abs,2015-10-01,28,84.467
abs,2015-11-01,28,88.166
abs,2015-12-01,28,93.73
abs,2016-01-01,28,97.605
abs,2016-02-01,28,97.219
abs,2016-03-01,28,112.762
abs,2016-04-01,28,118.293
abs,2016-05-01,28,118.686
abs,2016-06-01,28,112.255
abs,2016-07-01,28,110.41
abs,2016-08-01,28,115.636
abs,2016-09-01,28,96.407
abs,2016-10-01,28,91.513
abs,2016-11-01,28,95.889
abs,2016-12-01,28,99.471
abs,2017-01-01,28,103.429
abs,2017-02-01,28,107.053
abs,2017-03-01,28,120.098
abs,2017-04-01,28,124.581
abs,2017-05-01,28,123.761
abs,2017-06-01,28,114.356
abs,2017-07-01,28,121.426
abs,2017-08-01,28,123.666
abs,2017-09-01,28,104.33
abs,2017-10-01,28,100.07
abs,2017-11-01,28,103.324
abs,2017-12-01,28,103.793
abs,2018-01-01,28,109.984
abs,2018-02-01,28,112.569
abs,2018-03-01,28,126.63
abs,2018-04-01,28,131.794
abs,2018-05-01,28,128.863
abs,2018-06-01,28,121.988
abs,2018-07-01,28,124.842
abs,2018-08-01,28,123.737
abs,2018-09-01,28,106.915
abs,2018-10-01,28,104.619
abs,2018-11-01,28,107.383
abs,2018-12-01,28,108.812
abs,2019-01-01,28,113.123
abs,2019-02-01,28,115.04
abs,2019-03-01,28,128.324
abs,2019-04-01,28,135.758
abs,2019-05-01,28,133.093
abs,2019-06-01,28,125.084
abs,2019-07-01,28,130.831
abs,2019-08-01,28,130.115
abs,2019-09-01,28,110.795
abs,2019-10-01,28,107.792
abs,2019-11-01,28,113.806
abs,2019-12-01,28,113.377
abs,2020-01-01,28,117.463
abs,2020-02-01,28,121.623
abs,2020-03-01,28,117.414
abs,2020-04-01,28,101.623
abs,2020-05-01,28,132.51
abs,2020-06-01,28,149.669
abs,2020-07-01,28,142.933
abs,2020-08-01,28,130.298
abs,2020-09-01,28,115.247
abs,2020-10-01,28,111.985
abs,2020-11-01,28,116.541
abs,2020-12-01,28,116.368
abs,2021-01-01,28,119.684
abs,2021-02-01,28,124.498
abs,2021-03-01,28,130.15
abs,2021-04-01,28,148.838
abs,2021-05-01,28,147.427
abs,2021-06-01,28,157.53
abs,2021-07-01,28,138.015
abs,2021-08-01,28,147.298
abs,2021-09-01,28,131.18
abs,2021-10-01,28,131.619
abs,2021-11-01,28,138.268
abs,2021-12-01,28,130.451
abs,2022-01-01,28,126.973
abs,2022-02-01,28,129.859
abs,2022-03-01,28,133.72
abs,2022-04-01,28,153.588
abs,2022-05-01,28,151.181
abs,2022-06-01,28,168.409
abs,2022-07-01,28,159.834
abs,2022-08-01,28,168.856
abs,2022-09-01,28,148.1
abs,2022-10-01,28,132.131
abs,2022-11-01,28,144.15
abs,2022-12-01,28,143.854
abs,2023-01-01,28,128.635
abs,2023-02-01,28,133.117
abs,2023-03-01,28,143.461
abs,2023-04-01,28,148.882
abs,2023-05-01,28,160.577
abs,2023-06-01,28,163.288
abs,2023-07-01,28,153.547
abs,2023-08-01,28,160.824
abs,2023-09-01,28,140.841
abs,2023-10-01,28,129.794
abs,2023-11-01,28,149.163
abs,2023-12-01,28,141.531
abs,2024-01-01,28,133.869
abs,2024-02-01,28,137.012
abs,2024-03-01,28,145.668
abs,2024-04-01,28,155.85
abs,2024-05-01,28,164.53
abs,2024-06-01,28,169.768
abs,2024-07-01,28,163.591
abs,2024-08-01,28,164.14
abs,2024-09-01,28,141.46
abs,2024-10-01,28,133.339
abs,2024-11-01,28,159.616
abs,2024-12-01,28,153.258
abs,2025-01-01,28,139.191
abs,2025-02-01,28,148.507
abs,2025-03-01,28,155.017
abs,2025-04-01,28,167.469
abs,2025-05-01,28,173.85
abs,2025-06-01,28,185.478
abs,2025-07-01,28,180.304
abs,2025-08-01,28,173.002
abs,2025-09-01,28,155.033
abs,2025-10-01,28,148.469
abs,2025-11-01,28,173.947
abs,2025-12-01,28,168.983
abs,2026-01-01,28,151.566
abs,2026-02-01,28,151.981
abs,2026-03-01,28,160.866
abs,2026-04-01,28,180.337
abs,2026-05-01,28,185.587
growth_yoy,2016-01-01,28,1.203
growth_yoy,2016-02-01,28,7.776
growth_yoy,2016-03-01,28,3.326
growth_yoy,2016-04-01,28,1.54
growth_yoy,2016-05-01,28,3.975
growth_yoy,2016-06-01,28,7.503
growth_yoy,2016-07-01,28,4.017
growth_yoy,2016-08-01,28,8.413
growth_yoy,2016-09-01,28,7.146
growth_yoy,2016-10-01,28,8.341
growth_yoy,2016-11-01,28,8.76
growth_yoy,2016-12-01,28,6.125
growth_yoy,2017-01-01,28,5.967
growth_yoy,2017-02-01,28,10.115
growth_yoy,2017-03-01,28,6.506
growth_yoy,2017-04-01,28,5.316
growth_yoy,2017-05-01,28,4.276
growth_yoy,2017-06-01,28,1.871
growth_yoy,2017-07-01,28,9.977
growth_yoy,2017-08-01,28,6.944
growth_yoy,2017-09-01,28,8.217
growth_yoy,2017-10-01,28,9.351
growth_yoy,2017-11-01,28,7.754
growth_yoy,2017-12-01,28,4.345
growth_yoy,2018-01-01,28,6.337
growth_yoy,2018-02-01,28,5.152
growth_yoy,2018-03-01,28,5.438
growth_yoy,2018-04-01,28,5.79
growth_yoy,2018-05-01,28,4.122
growth_yoy,2018-06-01,28,6.674
growth_yoy,2018-07-01,28,2.813
growth_yoy,2018-08-01,28,0.057
growth_yoy,2018-09-01,28,2.478
growth_yoy,2018-10-01,28,4.545
growth_yoy,2018-11-01,28,3.928
growth_yoy,2018-12-01,28,4.836
growth_yoy,2019-01-01,28,2.855
growth_yoy,2019-02-01,28,2.195
growth_yoy,2019-03-01,28,1.338
growth_yoy,2019-04-01,28,3.007
growth_yoy,2019-05-01,28,3.283
growth_yoy,2019-06-01,28,2.538
growth_yoy,2019-07-01,28,4.797
growth_yoy,2019-08-01,28,5.155
growth_yoy,2019-09-01,28,3.629
growth_yoy,2019-10-01,28,3.033
growth_yoy,2019-11-01,28,5.982
growth_yoy,2019-12-01,28,4.195
growth_yoy,2020-01-01,28,3.836
growth_yoy,2020-02-01,28,5.723
growth_yoy,2020-03-01,28,-8.502
growth_yoy,2020-04-01,28,-25.144
growth_yoy,2020-05-01,28,-0.438
growth_yoy,2020-06-01,28,19.655
growth_yoy,2020-07-01,28,9.25
growth_yoy,2020-08-01,28,0.141
growth_yoy,2020-09-01,28,4.018
growth_yoy,2020-10-01,28,3.89
growth_yoy,2020-11-01,28,2.403
growth_yoy,2020-12-01,28,2.637
growth_yoy,2021-01-01,28,1.891
growth_yoy,2021-02-01,28,2.364
growth_yoy,2021-03-01,28,10.847
growth_yoy,2021-04-01,28,46.46
growth_yoy,2021-05-01,28,11.257
growth_yoy,2021-06-01,28,5.252
growth_yoy,2021-07-01,28,-3.441
growth_yoy,2021-08-01,28,13.047
growth_yoy,2021-09-01,28,13.825
growth_yoy,2021-10-01,28,17.533
growth_yoy,2021-11-01,28,18.643
growth_yoy,2021-12-01,28,12.102
growth_yoy,2022-01-01,28,6.09
growth_yoy,2022-02-01,28,4.306
growth_yoy,2022-03-01,28,2.743
growth_yoy,2022-04-01,28,3.191
growth_yoy,2022-05-01,28,2.546
growth_yoy,2022-06-01,28,6.906
growth_yoy,2022-07-01,28,15.809
growth_yoy,2022-08-01,28,14.635
growth_yoy,2022-09-01,28,12.899
growth_yoy,2022-10-01,28,0.389
growth_yoy,2022-11-01,28,4.255
growth_yoy,2022-12-01,28,10.274
growth_yoy,2023-01-01,28,1.308
growth_yoy,2023-02-01,28,2.509
growth_yoy,2023-03-01,28,7.285
growth_yoy,2023-04-01,28,-3.063
growth_yoy,2023-05-01,28,6.215
growth_yoy,2023-06-01,28,-3.04
growth_yoy,2023-07-01,28,-3.933
growth_yoy,2023-08-01,28,-4.757
growth_yoy,2023-09-01,28,-4.901
growth_yoy,2023-10-01,28,-1.769
growth_yoy,2023-11-01,28,3.477
growth_yoy,2023-12-01,28,-1.615
growth_yoy,2024-01-01,28,4.069
growth_yoy,2024-02-01,28,2.926
growth_yoy,2024-03-01,28,1.539
growth_yoy,2024-04-01,28,4.68
growth_yoy,2024-05-01,28,2.462
growth_yoy,2024-06-01,28,3.969
growth_yoy,2024-07-01,28,6.541
growth_yoy,2024-08-01,28,2.062
growth_yoy,2024-09-01,28,0.439
growth_yoy,2024-10-01,28,2.732
growth_yoy,2024-11-01,28,7.008
growth_yoy,2024-12-01,28,8.286
growth_yoy,2025-01-01,28,3.976
growth_yoy,2025-02-01,28,8.39
growth_yoy,2025-03-01,28,6.418
growth_yoy,2025-04-01,28,7.456
growth_yoy,2025-05-01,28,5.665
growth_yoy,2025-06-01,28,9.254
growth_yoy,2025-07-01,28,10.216
growth_yoy,2025-08-01,28,5.399
growth_yoy,2025-09-01,28,9.595
growth_yoy,2025-10-01,28,11.346
growth_yoy,2025-11-01,28,8.978
growth_yoy,2025-12-01,28,10.261
growth_yoy,2026-01-01,28,8.89
growth_yoy,2026-02-01,28,2.339
growth_yoy,2026-03-01,28,3.774
growth_yoy,2026-04-01,28,7.684
growth_yoy,2026-05-01,28,6.751
growth_mom,2015-02-01,28,-6.471
growth_mom,2015-03-01,28,20.983
growth_mom,2015-04-01,28,6.75
growth_mom,2015-05-01,28,-2.018
growth_mom,2015-06-01,28,-8.522
growth_mom,2015-07-01,28,1.652
growth_mom,2015-08-01,28,0.487
growth_mom,2015-09-01,28,-15.643
growth_mom,2015-10-01,28,-6.124
growth_mom,2015-11-01,28,4.379
growth_mom,2015-12-01,28,6.311
growth_mom,2016-01-01,28,4.134
growth_mom,2016-02-01,28,-0.396
growth_mom,2016-03-01,28,15.988
growth_mom,2016-04-01,28,4.905
growth_mom,2016-05-01,28,0.332
growth_mom,2016-06-01,28,-5.418
growth_mom,2016-07-01,28,-1.644
growth_mom,2016-08-01,28,4.733
growth_mom,2016-09-01,28,-16.629
growth_mom,2016-10-01,28,-5.077
growth_mom,2016-11-01,28,4.782
growth_mom,2016-12-01,28,3.736
growth_mom,2017-01-01,28,3.979
growth_mom,2017-02-01,28,3.504
growth_mom,2017-03-01,28,12.186
growth_mom,2017-04-01,28,3.733
growth_mom,2017-05-01,28,-0.659
growth_mom,2017-06-01,28,-7.6
growth_mom,2017-07-01,28,6.183
growth_mom,2017-08-01,28,1.845
growth_mom,2017-09-01,28,-15.636
growth_mom,2017-10-01,28,-4.083
growth_mom,2017-11-01,28,3.252
growth_mom,2017-12-01,28,0.454
growth_mom,2018-01-01,28,5.965
growth_mom,2018-02-01,28,2.351
growth_mom,2018-03-01,28,12.491
growth_mom,2018-04-01,28,4.079
growth_mom,2018-05-01,28,-2.224
growth_mom,2018-06-01,28,-5.335
growth_mom,2018-07-01,28,2.339
growth_mom,2018-08-01,28,-0.885
growth_mom,2018-09-01,28,-13.595
growth_mom,2018-10-01,28,-2.148
growth_mom,2018-11-01,28,2.642
growth_mom,2018-12-01,28,1.331
growth_mom,2019-01-01,28,3.962
growth_mom,2019-02-01,28,1.694
growth_mom,2019-03-01,28,11.547
growth_mom,2019-04-01,28,5.793
growth_mom,2019-05-01,28,-1.963
growth_mom,2019-06-01,28,-6.017
growth_mom,2019-07-01,28,4.594
growth_mom,2019-08-01,28,-0.547
growth_mom,2019-09-01,28,-14.848
growth_mom,2019-10-01,28,-2.711
growth_mom,2019-11-01,28,5.58
growth_mom,2019-12-01,28,-0.377
growth_mom,2020-01-01,28,3.604
growth_mom,2020-02-01,28,3.542
growth_mom,2020-03-01,28,-3.461
growth_mom,2020-04-01,28,-13.449
growth_mom,2020-05-01,28,30.393
growth_mom,2020-06-01,28,12.95
growth_mom,2020-07-01,28,-4.501
growth_mom,2020-08-01,28,-8.84
growth_mom,2020-09-01,28,-11.551
growth_mom,2020-10-01,28,-2.831
growth_mom,2020-11-01,28,4.069
growth_mom,2020-12-01,28,-0.149
growth_mom,2021-01-01,28,2.85
growth_mom,2021-02-01,28,4.022
growth_mom,2021-03-01,28,4.54
growth_mom,2021-04-01,28,14.358
growth_mom,2021-05-01,28,-0.948
growth_mom,2021-06-01,28,6.853
growth_mom,2021-07-01,28,-12.388
growth_mom,2021-08-01,28,6.726
growth_mom,2021-09-01,28,-10.943
growth_mom,2021-10-01,28,0.335
growth_mom,2021-11-01,28,5.051
growth_mom,2021-12-01,28,-5.653
growth_mom,2022-01-01,28,-2.666
growth_mom,2022-02-01,28,2.273
growth_mom,2022-03-01,28,2.973
growth_mom,2022-04-01,28,14.858
growth_mom,2022-05-01,28,-1.567
growth_mom,2022-06-01,28,11.396
growth_mom,2022-07-01,28,-5.092
growth_mom,2022-08-01,28,5.645
growth_mom,2022-09-01,28,-12.292
growth_mom,2022-10-01,28,-10.783
growth_mom,2022-11-01,28,9.097
growth_mom,2022-12-01,28,-0.206
growth_mom,2023-01-01,28,-10.58
growth_mom,2023-02-01,28,3.485
growth_mom,2023-03-01,28,7.77
growth_mom,2023-04-01,28,3.779
growth_mom,2023-05-01,28,7.855
growth_mom,2023-06-01,28,1.688
growth_mom,2023-07-01,28,-5.966
growth_mom,2023-08-01,28,4.739
growth_mom,2023-09-01,28,-12.425
growth_mom,2023-10-01,28,-7.844
growth_mom,2023-11-01,28,14.923
growth_mom,2023-12-01,28,-5.117
growth_mom,2024-01-01,28,-5.414
growth_mom,2024-02-01,28,2.348
growth_mom,2024-03-01,28,6.318
growth_mom,2024-04-01,28,6.989
growth_mom,2024-05-01,28,5.57
growth_mom,2024-06-01,28,3.184
growth_mom,2024-07-01,28,-3.639
growth_mom,2024-08-01,28,0.335
growth_mom,2024-09-01,28,-13.817
growth_mom,2024-10-01,28,-5.74
growth_mom,2024-11-01,28,19.707
growth_mom,2024-12-01,28,-3.984
growth_mom,2025-01-01,28,-9.178
growth_mom,2025-02-01,28,6.693
growth_mom,2025-03-01,28,4.383
growth_mom,2025-04-01,28,8.033
growth_mom,2025-05-01,28,3.81
growth_mom,2025-06-01,28,6.688
growth_mom,2025-07-01,28,-2.789
growth_mom,2025-08-01,28,-4.05
growth_mom,2025-09-01,28,-10.386
growth_mom,2025-10-01,28,-4.234
growth_mom,2025-11-01,28,17.16
growth_mom,2025-12-01,28,-2.853
growth_mom,2026-01-01,28,-10.307
growth_mom,2026-02-01,28,0.274
growth_mom,2026-03-01,28,5.846
growth_mom,2026-04-01,28,12.104
growth_mom,2026-05-01,28,2.911
abs,2015-01-01,29,106.8
abs,2015-02-01,29,98.181
abs,2015-03-01,29,105.338
abs,2015-04-01,29,110.253
abs,2015-05-01,29,98.342
abs,2015-06-01,29,103.786
abs,2015-07-01,29,91.642
abs,2015-08-01,29,99.511
abs,2015-09-01,29,92.324
abs,2015-10-01,29,102.385
abs,2015-11-01,29,94.163
abs,2015-12-01,29,97.274
abs,2016-01-01,29,104.618
abs,2016-02-01,29,95.849
abs,2016-03-01,29,98.508
abs,2016-04-01,29,94.971
abs,2016-05-01,29,88.105
abs,2016-06-01,29,101.055
abs,2016-07-01,29,85.408
abs,2016-08-01,29,93.89
abs,2016-09-01,29,89.395
abs,2016-10-01,29,99.549
abs,2016-11-01,29,93.614
abs,2016-12-01,29,98.88
abs,2017-01-01,29,119.481
abs,2017-02-01,29,111.013
abs,2017-03-01,29,108.185
abs,2017-04-01,29,97.584
abs,2017-05-01,29,93.92
abs,2017-06-01,29,93.296
abs,2017-07-01,29,89.551
abs,2017-08-01,29,98.272
abs,2017-09-01,29,92.421
abs,2017-10-01,29,99.391
abs,2017-11-01,29,97.48
abs,2017-12-01,29,98.333
abs,2018-01-01,29,121.653
abs,2018-02-01,29,103.078
abs,2018-03-01,29,115.666
abs,2018-04-01,29,107.194
abs,2018-05-01,29,99.004
abs,2018-06-01,29,99.274
abs,2018-07-01,29,107.631
abs,2018-08-01,29,106.982
abs,2018-09-01,29,94.017
abs,2018-10-01,29,110.021
abs,2018-11-01,29,106.318
abs,2018-12-01,29,107.167
abs,2019-01-01,29,129.621
abs,2019-02-01,29,110.613
abs,2019-03-01,29,123.435
abs,2019-04-01,29,117.4
abs,2019-05-01,29,108.18
abs,2019-06-01,29,107.171
abs,2019-07-01,29,115.663
abs,2019-08-01,29,115.507
abs,2019-09-01,29,101.867
abs,2019-10-01,29,115.198
abs,2019-11-01,29,110.325
abs,2019-12-01,29,112.159
abs,2020-01-01,29,129.141
abs,2020-02-01,29,116.315
abs,2020-03-01,29,112.181
abs,2020-04-01,29,35.176
abs,2020-05-01,29,65.515
abs,2020-06-01,29,128.723
abs,2020-07-01,29,129.287
abs,2020-08-01,29,128.958
abs,2020-09-01,29,115.646
abs,2020-10-01,29,124.431
abs,2020-11-01,29,126.057
abs,2020-12-01,29,132.136
abs,2021-01-01,29,130.986
abs,2021-02-01,29,124.791
abs,2021-03-01,29,149.765
abs,2021-04-01,29,151.97
abs,2021-05-01,29,128.558
abs,2021-06-01,29,55.197
abs,2021-07-01,29,57.019
abs,2021-08-01,29,69.562
abs,2021-09-01,29,95.511
abs,2021-10-01,29,130.737
abs,2021-11-01,29,130.532
abs,2021-12-01,29,129.927
abs,2022-01-01,29,137.552
abs,2022-02-01,29,137.147
abs,2022-03-01,29,148.974
abs,2022-04-01,29,159.734
abs,2022-05-01,29,147.122
abs,2022-06-01,29,154.139
abs,2022-07-01,29,131.067
abs,2022-08-01,29,144.081
abs,2022-09-01,29,129.546
abs,2022-10-01,29,123.336
abs,2022-11-01,29,142.81
abs,2022-12-01,29,145.196
abs,2023-01-01,29,154.287
abs,2023-02-01,29,150.157
abs,2023-03-01,29,163.573
abs,2023-04-01,29,134.93
abs,2023-05-01,29,170.81
abs,2023-06-01,29,153.846
abs,2023-07-01,29,146.606
abs,2023-08-01,29,149.567
abs,2023-09-01,29,132.932
abs,2023-10-01,29,136.413
abs,2023-11-01,29,143.381
abs,2023-12-01,29,141.546
abs,2024-01-01,29,172.98
abs,2024-02-01,29,154.5
abs,2024-03-01,29,147.182
abs,2024-04-01,29,162.163
abs,2024-05-01,29,188.399
abs,2024-06-01,29,137.32
abs,2024-07-01,29,152.362
abs,2024-08-01,29,161.057
abs,2024-09-01,29,113.164
abs,2024-10-01,29,131.796
abs,2024-11-01,29,127.77
abs,2024-12-01,29,131.769
abs,2025-01-01,29,143.13
abs,2025-02-01,29,140.62
abs,2025-03-01,29,131.237
abs,2025-04-01,29,155.831
abs,2025-05-01,29,169.389
abs,2025-06-01,29,141.975
abs,2025-07-01,29,153.88
abs,2025-08-01,29,152.881
abs,2025-09-01,29,118.312
abs,2025-10-01,29,127.464
abs,2025-11-01,29,129.351
abs,2025-12-01,29,134.151
abs,2026-01-01,29,147.291
abs,2026-02-01,29,125.918
abs,2026-03-01,29,118.353
abs,2026-04-01,29,176.911
abs,2026-05-01,29,151.871
growth_yoy,2016-01-01,29,-2.043
growth_yoy,2016-02-01,29,-2.376
growth_yoy,2016-03-01,29,-6.484
growth_yoy,2016-04-01,29,-13.861
growth_yoy,2016-05-01,29,-10.409
growth_yoy,2016-06-01,29,-2.632
growth_yoy,2016-07-01,29,-6.802
growth_yoy,2016-08-01,29,-5.648
growth_yoy,2016-09-01,29,-3.173
growth_yoy,2016-10-01,29,-2.77
growth_yoy,2016-11-01,29,-0.583
growth_yoy,2016-12-01,29,1.65
growth_yoy,2017-01-01,29,14.206
growth_yoy,2017-02-01,29,15.821
growth_yoy,2017-03-01,29,9.824
growth_yoy,2017-04-01,29,2.751
growth_yoy,2017-05-01,29,6.6
growth_yoy,2017-06-01,29,-7.678
growth_yoy,2017-07-01,29,4.85
growth_yoy,2017-08-01,29,4.667
growth_yoy,2017-09-01,29,3.385
growth_yoy,2017-10-01,29,-0.158
growth_yoy,2017-11-01,29,4.129
growth_yoy,2017-12-01,29,-0.553
growth_yoy,2018-01-01,29,1.818
growth_yoy,2018-02-01,29,-7.147
growth_yoy,2018-03-01,29,6.915
growth_yoy,2018-04-01,29,9.849
growth_yoy,2018-05-01,29,5.412
growth_yoy,2018-06-01,29,6.408
growth_yoy,2018-07-01,29,20.19
growth_yoy,2018-08-01,29,8.863
growth_yoy,2018-09-01,29,1.727
growth_yoy,2018-10-01,29,10.695
growth_yoy,2018-11-01,29,9.066
growth_yoy,2018-12-01,29,8.983
growth_yoy,2019-01-01,29,6.55
growth_yoy,2019-02-01,29,7.31
growth_yoy,2019-03-01,29,6.717
growth_yoy,2019-04-01,29,9.521
growth_yoy,2019-05-01,29,9.269
growth_yoy,2019-06-01,29,7.954
growth_yoy,2019-07-01,29,7.462
growth_yoy,2019-08-01,29,7.968
growth_yoy,2019-09-01,29,8.349
growth_yoy,2019-10-01,29,4.705
growth_yoy,2019-11-01,29,3.769
growth_yoy,2019-12-01,29,4.658
growth_yoy,2020-01-01,29,-0.37
growth_yoy,2020-02-01,29,5.155
growth_yoy,2020-03-01,29,-9.117
growth_yoy,2020-04-01,29,-70.037
growth_yoy,2020-05-01,29,-39.439
growth_yoy,2020-06-01,29,20.11
growth_yoy,2020-07-01,29,11.779
growth_yoy,2020-08-01,29,11.646
growth_yoy,2020-09-01,29,13.526
growth_yoy,2020-10-01,29,8.015
growth_yoy,2020-11-01,29,14.26
growth_yoy,2020-12-01,29,17.811
growth_yoy,2021-01-01,29,1.429
growth_yoy,2021-02-01,29,7.287
growth_yoy,2021-03-01,29,33.503
growth_yoy,2021-04-01,29,332.022
growth_yoy,2021-05-01,29,96.227
growth_yoy,2021-06-01,29,-57.12
growth_yoy,2021-07-01,29,-55.897
growth_yoy,2021-08-01,29,-46.059
growth_yoy,2021-09-01,29,-17.411
growth_yoy,2021-10-01,29,5.068
growth_yoy,2021-11-01,29,3.549
growth_yoy,2021-12-01,29,-1.671
growth_yoy,2022-01-01,29,5.013
growth_yoy,2022-02-01,29,9.901
growth_yoy,2022-03-01,29,-0.528
growth_yoy,2022-04-01,29,5.109
growth_yoy,2022-05-01,29,14.44
growth_yoy,2022-06-01,29,179.252
growth_yoy,2022-07-01,29,129.864
growth_yoy,2022-08-01,29,107.128
growth_yoy,2022-09-01,29,35.635
growth_yoy,2022-10-01,29,-5.661
growth_yoy,2022-11-01,29,9.407
growth_yoy,2022-12-01,29,11.752
growth_yoy,2023-01-01,29,12.166
growth_yoy,2023-02-01,29,9.486
growth_yoy,2023-03-01,29,9.799
growth_yoy,2023-04-01,29,-15.528
growth_yoy,2023-05-01,29,16.101
growth_yoy,2023-06-01,29,-0.19
growth_yoy,2023-07-01,29,11.856
growth_yoy,2023-08-01,29,3.807
growth_yoy,2023-09-01,29,2.614
growth_yoy,2023-10-01,29,10.603
growth_yoy,2023-11-01,29,0.4
growth_yoy,2023-12-01,29,-2.514
growth_yoy,2024-01-01,29,12.115
growth_yoy,2024-02-01,29,2.892
growth_yoy,2024-03-01,29,-10.02
growth_yoy,2024-04-01,29,20.183
growth_yoy,2024-05-01,29,10.297
growth_yoy,2024-06-01,29,-10.742
growth_yoy,2024-07-01,29,3.926
growth_yoy,2024-08-01,29,7.682
growth_yoy,2024-09-01,29,-14.871
growth_yoy,2024-10-01,29,-3.385
growth_yoy,2024-11-01,29,-10.888
growth_yoy,2024-12-01,29,-6.907
growth_yoy,2025-01-01,29,-17.256
growth_yoy,2025-02-01,29,-8.983
growth_yoy,2025-03-01,29,-10.833
growth_yoy,2025-04-01,29,-3.904
growth_yoy,2025-05-01,29,-10.09
growth_yoy,2025-06-01,29,3.39
growth_yoy,2025-07-01,29,0.996
growth_yoy,2025-08-01,29,-5.076
growth_yoy,2025-09-01,29,4.549
growth_yoy,2025-10-01,29,-3.287
growth_yoy,2025-11-01,29,1.237
growth_yoy,2025-12-01,29,1.807
growth_yoy,2026-01-01,29,2.907
growth_yoy,2026-02-01,29,-10.455
growth_yoy,2026-03-01,29,-9.817
growth_yoy,2026-04-01,29,13.527
growth_yoy,2026-05-01,29,-10.342
growth_mom,2015-02-01,29,-8.07
growth_mom,2015-03-01,29,7.289
growth_mom,2015-04-01,29,4.666
growth_mom,2015-05-01,29,-10.803
growth_mom,2015-06-01,29,5.536
growth_mom,2015-07-01,29,-11.702
growth_mom,2015-08-01,29,8.587
growth_mom,2015-09-01,29,-7.222
growth_mom,2015-10-01,29,10.897
growth_mom,2015-11-01,29,-8.03
growth_mom,2015-12-01,29,3.304
growth_mom,2016-01-01,29,7.55
growth_mom,2016-02-01,29,-8.383
growth_mom,2016-03-01,29,2.774
growth_mom,2016-04-01,29,-3.59
growth_mom,2016-05-01,29,-7.229
growth_mom,2016-06-01,29,14.697
growth_mom,2016-07-01,29,-15.483
growth_mom,2016-08-01,29,9.932
growth_mom,2016-09-01,29,-4.788
growth_mom,2016-10-01,29,11.358
growth_mom,2016-11-01,29,-5.961
growth_mom,2016-12-01,29,5.625
growth_mom,2017-01-01,29,20.834
growth_mom,2017-02-01,29,-7.087
growth_mom,2017-03-01,29,-2.547
growth_mom,2017-04-01,29,-9.799
growth_mom,2017-05-01,29,-3.754
growth_mom,2017-06-01,29,-0.665
growth_mom,2017-07-01,29,-4.014
growth_mom,2017-08-01,29,9.739
growth_mom,2017-09-01,29,-5.954
growth_mom,2017-10-01,29,7.542
growth_mom,2017-11-01,29,-1.923
growth_mom,2017-12-01,29,0.876
growth_mom,2018-01-01,29,23.715
growth_mom,2018-02-01,29,-15.268
growth_mom,2018-03-01,29,12.211
growth_mom,2018-04-01,29,-7.324
growth_mom,2018-05-01,29,-7.641
growth_mom,2018-06-01,29,0.273
growth_mom,2018-07-01,29,8.418
growth_mom,2018-08-01,29,-0.603
growth_mom,2018-09-01,29,-12.118
growth_mom,2018-10-01,29,17.022
growth_mom,2018-11-01,29,-3.366
growth_mom,2018-12-01,29,0.798
growth_mom,2019-01-01,29,20.953
growth_mom,2019-02-01,29,-14.664
growth_mom,2019-03-01,29,11.592
growth_mom,2019-04-01,29,-4.889
growth_mom,2019-05-01,29,-7.854
growth_mom,2019-06-01,29,-0.933
growth_mom,2019-07-01,29,7.924
growth_mom,2019-08-01,29,-0.135
growth_mom,2019-09-01,29,-11.808
growth_mom,2019-10-01,29,13.086
growth_mom,2019-11-01,29,-4.23
growth_mom,2019-12-01,29,1.662
growth_mom,2020-01-01,29,15.142
growth_mom,2020-02-01,29,-9.932
growth_mom,2020-03-01,29,-3.554
growth_mom,2020-04-01,29,-68.643
growth_mom,2020-05-01,29,86.246
growth_mom,2020-06-01,29,96.48
growth_mom,2020-07-01,29,0.438
growth_mom,2020-08-01,29,-0.254
growth_mom,2020-09-01,29,-10.323
growth_mom,2020-10-01,29,7.597
growth_mom,2020-11-01,29,1.307
growth_mom,2020-12-01,29,4.822
growth_mom,2021-01-01,29,-0.87
growth_mom,2021-02-01,29,-4.73
growth_mom,2021-03-01,29,20.013
growth_mom,2021-04-01,29,1.472
growth_mom,2021-05-01,29,-15.406
growth_mom,2021-06-01,29,-57.064
growth_mom,2021-07-01,29,3.301
growth_mom,2021-08-01,29,21.997
growth_mom,2021-09-01,29,37.304
growth_mom,2021-10-01,29,36.883
growth_mom,2021-11-01,29,-0.157
growth_mom,2021-12-01,29,-0.463
growth_mom,2022-01-01,29,5.869
growth_mom,2022-02-01,29,-0.295
growth_mom,2022-03-01,29,8.624
growth_mom,2022-04-01,29,7.222
growth_mom,2022-05-01,29,-7.896
growth_mom,2022-06-01,29,4.77
growth_mom,2022-07-01,29,-14.969
growth_mom,2022-08-01,29,9.93
growth_mom,2022-09-01,29,-10.088
growth_mom,2022-10-01,29,-4.793
growth_mom,2022-11-01,29,15.789
growth_mom,2022-12-01,29,1.671
growth_mom,2023-01-01,29,6.261
growth_mom,2023-02-01,29,-2.677
growth_mom,2023-03-01,29,8.934
growth_mom,2023-04-01,29,-17.511
growth_mom,2023-05-01,29,26.592
growth_mom,2023-06-01,29,-9.931
growth_mom,2023-07-01,29,-4.706
growth_mom,2023-08-01,29,2.02
growth_mom,2023-09-01,29,-11.122
growth_mom,2023-10-01,29,2.619
growth_mom,2023-11-01,29,5.108
growth_mom,2023-12-01,29,-1.28
growth_mom,2024-01-01,29,22.208
growth_mom,2024-02-01,29,-10.684
growth_mom,2024-03-01,29,-4.736
growth_mom,2024-04-01,29,10.178
growth_mom,2024-05-01,29,16.179
growth_mom,2024-06-01,29,-27.112
growth_mom,2024-07-01,29,10.954
growth_mom,2024-08-01,29,5.707
growth_mom,2024-09-01,29,-29.737
growth_mom,2024-10-01,29,16.464
growth_mom,2024-11-01,29,-3.054
growth_mom,2024-12-01,29,3.13
growth_mom,2025-01-01,29,8.622
growth_mom,2025-02-01,29,-1.753
growth_mom,2025-03-01,29,-6.673
growth_mom,2025-04-01,29,18.74
growth_mom,2025-05-01,29,8.7
growth_mom,2025-06-01,29,-16.184
growth_mom,2025-07-01,29,8.386
growth_mom,2025-08-01,29,-0.649
growth_mom,2025-09-01,29,-22.612
growth_mom,2025-10-01,29,7.735
growth_mom,2025-11-01,29,1.481
growth_mom,2025-12-01,29,3.711
growth_mom,2026-01-01,29,9.795
growth_mom,2026-02-01,29,-14.511
growth_mom,2026-03-01,29,-6.008
growth_mom,2026-04-01,29,49.478
growth_mom,2026-05-01,29,-14.154
abs,2015-01-01,30,100.755
abs,2015-02-01,30,94.746
abs,2015-03-01,30,107.862
abs,2015-04-01,30,88.062
abs,2015-05-01,30,106.075
abs,2015-06-01,30,103.151
abs,2015-07-01,30,84.307
abs,2015-08-01,30,108.029
abs,2015-09-01,30,106.336
abs,2015-10-01,30,94.257
abs,2015-11-01,30,101.896
abs,2015-12-01,30,104.526
abs,2016-01-01,30,105.284
abs,2016-02-01,30,96.21
abs,2016-03-01,30,111.967
abs,2016-04-01,30,87.757
abs,2016-05-01,30,92.948
abs,2016-06-01,30,97.77
abs,2016-07-01,30,76.975
abs,2016-08-01,30,111.03
abs,2016-09-01,30,106.927
abs,2016-10-01,30,86.057
abs,2016-11-01,30,93.629
abs,2016-12-01,30,99.447
abs,2017-01-01,30,99.275
abs,2017-02-01,30,86.372
abs,2017-03-01,30,112.971
abs,2017-04-01,30,92.62
abs,2017-05-01,30,97.436
abs,2017-06-01,30,97.91
abs,2017-07-01,30,82.137
abs,2017-08-01,30,126.338
abs,2017-09-01,30,118.334
abs,2017-10-01,30,90.506
abs,2017-11-01,30,101.56
abs,2017-12-01,30,103.366
abs,2018-01-01,30,102.822
abs,2018-02-01,30,88.591
abs,2018-03-01,30,116.383
abs,2018-04-01,30,94.778
abs,2018-05-01,30,100.345
abs,2018-06-01,30,100.362
abs,2018-07-01,30,90.267
abs,2018-08-01,30,132.208
abs,2018-09-01,30,116.613
abs,2018-10-01,30,97.477
abs,2018-11-01,30,109.913
abs,2018-12-01,30,106.707
abs,2019-01-01,30,108.541
abs,2019-02-01,30,96.264
abs,2019-03-01,30,120.993
abs,2019-04-01,30,98.481
abs,2019-05-01,30,104.976
abs,2019-06-01,30,106.264
abs,2019-07-01,30,94.064
abs,2019-08-01,30,135.646
abs,2019-09-01,30,126.233
abs,2019-10-01,30,100.925
abs,2019-11-01,30,114.189
abs,2019-12-01,30,109.869
abs,2020-01-01,30,112.063
abs,2020-02-01,30,100.054
abs,2020-03-01,30,103.398
abs,2020-04-01,30,29.083
abs,2020-05-01,30,63.619
abs,2020-06-01,30,103.186
abs,2020-07-01,30,89.646
abs,2020-08-01,30,117.36
abs,2020-09-01,30,112.473
abs,2020-10-01,30,93.297
abs,2020-11-01,30,111.96
abs,2020-12-01,30,106.475
abs,2021-01-01,30,108.784
abs,2021-02-01,30,99.266
abs,2021-03-01,30,105.779
abs,2021-04-01,30,90.196
abs,2021-05-01,30,82.001
abs,2021-06-01,30,80.235
abs,2021-07-01,30,68.67
abs,2021-08-01,30,105.739
abs,2021-09-01,30,114.102
abs,2021-10-01,30,95.514
abs,2021-11-01,30,115.598
abs,2021-12-01,30,109.173
abs,2022-01-01,30,110.656
abs,2022-02-01,30,102.978
abs,2022-03-01,30,108.411
abs,2022-04-01,30,96.215
abs,2022-05-01,30,89.858
abs,2022-06-01,30,92.341
abs,2022-07-01,30,83.828
abs,2022-08-01,30,112.595
abs,2022-09-01,30,122.813
abs,2022-10-01,30,107.086
abs,2022-11-01,30,118.97
abs,2022-12-01,30,112.062
abs,2023-01-01,30,111.134
abs,2023-02-01,30,108.629
abs,2023-03-01,30,110.437
abs,2023-04-01,30,96.858
abs,2023-05-01,30,96.341
abs,2023-06-01,30,98.616
abs,2023-07-01,30,87.101
abs,2023-08-01,30,115.106
abs,2023-09-01,30,125.191
abs,2023-10-01,30,108.893
abs,2023-11-01,30,121.312
abs,2023-12-01,30,111.624
abs,2024-01-01,30,116.92
abs,2024-02-01,30,113.234
abs,2024-03-01,30,113.484
abs,2024-04-01,30,100.347
abs,2024-05-01,30,102.699
abs,2024-06-01,30,102.62
abs,2024-07-01,30,91.15
abs,2024-08-01,30,117.581
abs,2024-09-01,30,127.266
abs,2024-10-01,30,109.843
abs,2024-11-01,30,122.298
abs,2024-12-01,30,112.298
abs,2025-01-01,30,113.026
abs,2025-02-01,30,110.954
abs,2025-03-01,30,112.248
abs,2025-04-01,30,99.158
abs,2025-05-01,30,102.376
abs,2025-06-01,30,102.235
abs,2025-07-01,30,91.777
abs,2025-08-01,30,119.221
abs,2025-09-01,30,131.45
abs,2025-10-01,30,114.987
abs,2025-11-01,30,126.5
abs,2025-12-01,30,117.635
abs,2026-01-01,30,118.945
abs,2026-02-01,30,115.359
abs,2026-03-01,30,115.799
abs,2026-04-01,30,103.621
abs,2026-05-01,30,104.432
growth_yoy,2016-01-01,30,4.495
growth_yoy,2016-02-01,30,1.545
growth_yoy,2016-03-01,30,3.806
growth_yoy,2016-04-01,30,-0.346
growth_yoy,2016-05-01,30,-12.375
growth_yoy,2016-06-01,30,-5.216
growth_yoy,2016-07-01,30,-8.696
growth_yoy,2016-08-01,30,2.778
growth_yoy,2016-09-01,30,0.556
growth_yoy,2016-10-01,30,-8.699
growth_yoy,2016-11-01,30,-8.113
growth_yoy,2016-12-01,30,-4.859
growth_yoy,2017-01-01,30,-5.707
growth_yoy,2017-02-01,30,-10.225
growth_yoy,2017-03-01,30,0.897
growth_yoy,2017-04-01,30,5.542
growth_yoy,2017-05-01,30,4.829
growth_yoy,2017-06-01,30,0.142
growth_yoy,2017-07-01,30,6.706
growth_yoy,2017-08-01,30,13.787
growth_yoy,2017-09-01,30,10.668
growth_yoy,2017-10-01,30,5.17
growth_yoy,2017-11-01,30,8.471
growth_yoy,2017-12-01,30,3.941
growth_yoy,2018-01-01,30,3.572
growth_yoy,2018-02-01,30,2.569
growth_yoy,2018-03-01,30,3.02
growth_yoy,2018-04-01,30,2.33
growth_yoy,2018-05-01,30,2.985
growth_yoy,2018-06-01,30,2.505
growth_yoy,2018-07-01,30,9.898
growth_yoy,2018-08-01,30,4.646
growth_yoy,2018-09-01,30,-1.455
growth_yoy,2018-10-01,30,7.702
growth_yoy,2018-11-01,30,8.225
growth_yoy,2018-12-01,30,3.233
growth_yoy,2019-01-01,30,5.563
growth_yoy,2019-02-01,30,8.661
growth_yoy,2019-03-01,30,3.961
growth_yoy,2019-04-01,30,3.906
growth_yoy,2019-05-01,30,4.615
growth_yoy,2019-06-01,30,5.88
growth_yoy,2019-07-01,30,4.206
growth_yoy,2019-08-01,30,2.6
growth_yoy,2019-09-01,30,8.25
growth_yoy,2019-10-01,30,3.538
growth_yoy,2019-11-01,30,3.89
growth_yoy,2019-12-01,30,2.963
growth_yoy,2020-01-01,30,3.244
growth_yoy,2020-02-01,30,3.937
growth_yoy,2020-03-01,30,-14.542
growth_yoy,2020-04-01,30,-70.468
growth_yoy,2020-05-01,30,-39.396
growth_yoy,2020-06-01,30,-2.896
growth_yoy,2020-07-01,30,-4.697
growth_yoy,2020-08-01,30,-13.48
growth_yoy,2020-09-01,30,-10.9
growth_yoy,2020-10-01,30,-7.558
growth_yoy,2020-11-01,30,-1.952
growth_yoy,2020-12-01,30,-3.089
growth_yoy,2021-01-01,30,-2.925
growth_yoy,2021-02-01,30,-0.788
growth_yoy,2021-03-01,30,2.303
growth_yoy,2021-04-01,30,210.13
growth_yoy,2021-05-01,30,28.892
growth_yoy,2021-06-01,30,-22.242
growth_yoy,2021-07-01,30,-23.398
growth_yoy,2021-08-01,30,-9.902
growth_yoy,2021-09-01,30,1.448
growth_yoy,2021-10-01,30,2.376
growth_yoy,2021-11-01,30,3.249
growth_yoy,2021-12-01,30,2.534
growth_yoy,2022-01-01,30,1.72
growth_yoy,2022-02-01,30,3.74
growth_yoy,2022-03-01,30,2.488
growth_yoy,2022-04-01,30,6.673
growth_yoy,2022-05-01,30,9.582
growth_yoy,2022-06-01,30,15.088
growth_yoy,2022-07-01,30,22.073
growth_yoy,2022-08-01,30,6.484
growth_yoy,2022-09-01,30,7.634
growth_yoy,2022-10-01,30,12.115
growth_yoy,2022-11-01,30,2.917
growth_yoy,2022-12-01,30,2.647
growth_yoy,2023-01-01,30,0.432
growth_yoy,2023-02-01,30,5.488
growth_yoy,2023-03-01,30,1.868
growth_yoy,2023-04-01,30,0.669
growth_yoy,2023-05-01,30,7.214
growth_yoy,2023-06-01,30,6.795
growth_yoy,2023-07-01,30,3.904
growth_yoy,2023-08-01,30,2.231
growth_yoy,2023-09-01,30,1.936
growth_yoy,2023-10-01,30,1.687
growth_yoy,2023-11-01,30,1.969
growth_yoy,2023-12-01,30,-0.391
growth_yoy,2024-01-01,30,5.206
growth_yoy,2024-02-01,30,4.24
growth_yoy,2024-03-01,30,2.76
growth_yoy,2024-04-01,30,3.602
growth_yoy,2024-05-01,30,6.599
growth_yoy,2024-06-01,30,4.061
growth_yoy,2024-07-01,30,4.649
growth_yoy,2024-08-01,30,2.15
growth_yoy,2024-09-01,30,1.658
growth_yoy,2024-10-01,30,0.872
growth_yoy,2024-11-01,30,0.813
growth_yoy,2024-12-01,30,0.604
growth_yoy,2025-01-01,30,-3.331
growth_yoy,2025-02-01,30,-2.014
growth_yoy,2025-03-01,30,-1.089
growth_yoy,2025-04-01,30,-1.185
growth_yoy,2025-05-01,30,-0.314
growth_yoy,2025-06-01,30,-0.376
growth_yoy,2025-07-01,30,0.687
growth_yoy,2025-08-01,30,1.395
growth_yoy,2025-09-01,30,3.287
growth_yoy,2025-10-01,30,4.683
growth_yoy,2025-11-01,30,3.436
growth_yoy,2025-12-01,30,4.753
growth_yoy,2026-01-01,30,5.237
growth_yoy,2026-02-01,30,3.97
growth_yoy,2026-03-01,30,3.163
growth_yoy,2026-04-01,30,4.501
growth_yoy,2026-05-01,30,2.008
growth_mom,2015-02-01,30,-5.964
growth_mom,2015-03-01,30,13.843
growth_mom,2015-04-01,30,-18.357
growth_mom,2015-05-01,30,20.455
growth_mom,2015-06-01,30,-2.757
growth_mom,2015-07-01,30,-18.268
growth_mom,2015-08-01,30,28.138
growth_mom,2015-09-01,30,-1.567
growth_mom,2015-10-01,30,-11.359
growth_mom,2015-11-01,30,8.105
growth_mom,2015-12-01,30,2.581
growth_mom,2016-01-01,30,0.725
growth_mom,2016-02-01,30,-8.619
growth_mom,2016-03-01,30,16.378
growth_mom,2016-04-01,30,-21.622
growth_mom,2016-05-01,30,5.915
growth_mom,2016-06-01,30,5.188
growth_mom,2016-07-01,30,-21.269
growth_mom,2016-08-01,30,44.241
growth_mom,2016-09-01,30,-3.695
growth_mom,2016-10-01,30,-19.518
growth_mom,2016-11-01,30,8.799
growth_mom,2016-12-01,30,6.214
growth_mom,2017-01-01,30,-0.172
growth_mom,2017-02-01,30,-12.998
growth_mom,2017-03-01,30,30.796
growth_mom,2017-04-01,30,-18.014
growth_mom,2017-05-01,30,5.2
growth_mom,2017-06-01,30,0.486
growth_mom,2017-07-01,30,-16.109
growth_mom,2017-08-01,30,53.813
growth_mom,2017-09-01,30,-6.335
growth_mom,2017-10-01,30,-23.517
growth_mom,2017-11-01,30,12.214
growth_mom,2017-12-01,30,1.778
growth_mom,2018-01-01,30,-0.526
growth_mom,2018-02-01,30,-13.84
growth_mom,2018-03-01,30,31.371
growth_mom,2018-04-01,30,-18.563
growth_mom,2018-05-01,30,5.873
growth_mom,2018-06-01,30,0.017
growth_mom,2018-07-01,30,-10.059
growth_mom,2018-08-01,30,46.463
growth_mom,2018-09-01,30,-11.796
growth_mom,2018-10-01,30,-16.41
growth_mom,2018-11-01,30,12.759
growth_mom,2018-12-01,30,-2.917
growth_mom,2019-01-01,30,1.719
growth_mom,2019-02-01,30,-11.311
growth_mom,2019-03-01,30,25.688
growth_mom,2019-04-01,30,-18.606
growth_mom,2019-05-01,30,6.595
growth_mom,2019-06-01,30,1.227
growth_mom,2019-07-01,30,-11.481
growth_mom,2019-08-01,30,44.206
growth_mom,2019-09-01,30,-6.939
growth_mom,2019-10-01,30,-20.048
growth_mom,2019-11-01,30,13.142
growth_mom,2019-12-01,30,-3.784
growth_mom,2020-01-01,30,1.997
growth_mom,2020-02-01,30,-10.716
growth_mom,2020-03-01,30,3.343
growth_mom,2020-04-01,30,-71.873
growth_mom,2020-05-01,30,118.75
growth_mom,2020-06-01,30,62.193
growth_mom,2020-07-01,30,-13.122
growth_mom,2020-08-01,30,30.916
growth_mom,2020-09-01,30,-4.164
growth_mom,2020-10-01,30,-17.049
growth_mom,2020-11-01,30,20.004
growth_mom,2020-12-01,30,-4.899
growth_mom,2021-01-01,30,2.168
growth_mom,2021-02-01,30,-8.75
growth_mom,2021-03-01,30,6.562
growth_mom,2021-04-01,30,-14.732
growth_mom,2021-05-01,30,-9.086
growth_mom,2021-06-01,30,-2.153
growth_mom,2021-07-01,30,-14.414
growth_mom,2021-08-01,30,53.981
growth_mom,2021-09-01,30,7.91
growth_mom,2021-10-01,30,-16.291
growth_mom,2021-11-01,30,21.027
growth_mom,2021-12-01,30,-5.558
growth_mom,2022-01-01,30,1.358
growth_mom,2022-02-01,30,-6.939
growth_mom,2022-03-01,30,5.276
growth_mom,2022-04-01,30,-11.25
growth_mom,2022-05-01,30,-6.607
growth_mom,2022-06-01,30,2.763
growth_mom,2022-07-01,30,-9.219
growth_mom,2022-08-01,30,34.316
growth_mom,2022-09-01,30,9.076
growth_mom,2022-10-01,30,-12.806
growth_mom,2022-11-01,30,11.098
growth_mom,2022-12-01,30,-5.806
growth_mom,2023-01-01,30,-0.828
growth_mom,2023-02-01,30,-2.255
growth_mom,2023-03-01,30,1.664
growth_mom,2023-04-01,30,-12.295
growth_mom,2023-05-01,30,-0.534
growth_mom,2023-06-01,30,2.361
growth_mom,2023-07-01,30,-11.676
growth_mom,2023-08-01,30,32.153
growth_mom,2023-09-01,30,8.761
growth_mom,2023-10-01,30,-13.019
growth_mom,2023-11-01,30,11.405
growth_mom,2023-12-01,30,-7.986
growth_mom,2024-01-01,30,4.745
growth_mom,2024-02-01,30,-3.152
growth_mom,2024-03-01,30,0.221
growth_mom,2024-04-01,30,-11.577
growth_mom,2024-05-01,30,2.344
growth_mom,2024-06-01,30,-0.076
growth_mom,2024-07-01,30,-11.177
growth_mom,2024-08-01,30,28.997
growth_mom,2024-09-01,30,8.237
growth_mom,2024-10-01,30,-13.69
growth_mom,2024-11-01,30,11.339
growth_mom,2024-12-01,30,-8.177
growth_mom,2025-01-01,30,0.648
growth_mom,2025-02-01,30,-1.833
growth_mom,2025-03-01,30,1.166
growth_mom,2025-04-01,30,-11.662
growth_mom,2025-05-01,30,3.245
growth_mom,2025-06-01,30,-0.138
growth_mom,2025-07-01,30,-10.23
growth_mom,2025-08-01,30,29.903
growth_mom,2025-09-01,30,10.257
growth_mom,2025-10-01,30,-12.524
growth_mom,2025-11-01,30,10.013
growth_mom,2025-12-01,30,-7.008
growth_mom,2026-01-01,30,1.113
growth_mom,2026-02-01,30,-3.014
growth_mom,2026-03-01,30,0.381
growth_mom,2026-04-01,30,-10.516
growth_mom,2026-05-01,30,0.782
abs,2015-01-01,32,106.084
abs,2015-02-01,32,97.818
abs,2015-03-01,32,93.654
abs,2015-04-01,32,98.741
abs,2015-05-01,32,99.376
abs,2015-06-01,32,105.431
abs,2015-07-01,32,101.36
abs,2015-08-01,32,95.439
abs,2015-09-01,32,105.159
abs,2015-10-01,32,100.466
abs,2015-11-01,32,99.292
abs,2015-12-01,32,97.18
abs,2016-01-01,32,107.169
abs,2016-02-01,32,99.056
abs,2016-03-01,32,96.983
abs,2016-04-01,32,91.376
abs,2016-05-01,32,87.745
abs,2016-06-01,32,102.405
abs,2016-07-01,32,96.054
abs,2016-08-01,32,94.976
abs,2016-09-01,32,105.471
abs,2016-10-01,32,95.061
abs,2016-11-01,32,93.245
abs,2016-12-01,32,96.313
abs,2017-01-01,32,110.639
abs,2017-02-01,32,100.742
abs,2017-03-01,32,102.966
abs,2017-04-01,32,95.99
abs,2017-05-01,32,93.758
abs,2017-06-01,32,101.34
abs,2017-07-01,32,102.555
abs,2017-08-01,32,104.353
abs,2017-09-01,32,114.092
abs,2017-10-01,32,99.644
abs,2017-11-01,32,99.686
abs,2017-12-01,32,101.48
abs,2018-01-01,32,113.999
abs,2018-02-01,32,103.622
abs,2018-03-01,32,106.024
abs,2018-04-01,32,102.307
abs,2018-05-01,32,98.708
abs,2018-06-01,32,104.989
abs,2018-07-01,32,109.753
abs,2018-08-01,32,110.841
abs,2018-09-01,32,121.783
abs,2018-10-01,32,109.011
abs,2018-11-01,32,103.776
abs,2018-12-01,32,106.301
abs,2019-01-01,32,119.764
abs,2019-02-01,32,108.271
abs,2019-03-01,32,111.648
abs,2019-04-01,32,107.452
abs,2019-05-01,32,104.253
abs,2019-06-01,32,107.889
abs,2019-07-01,32,115.828
abs,2019-08-01,32,117.294
abs,2019-09-01,32,122.207
abs,2019-10-01,32,116.222
abs,2019-11-01,32,114.932
abs,2019-12-01,32,114.273
abs,2020-01-01,32,123.757
abs,2020-02-01,32,114.343
abs,2020-03-01,32,102.993
abs,2020-04-01,32,20.716
abs,2020-05-01,32,55.991
abs,2020-06-01,32,113.01
abs,2020-07-01,32,120.786
abs,2020-08-01,32,124.865
abs,2020-09-01,32,130.818
abs,2020-10-01,32,121.982
abs,2020-11-01,32,115.724
abs,2020-12-01,32,111.591
abs,2021-01-01,32,121.497
abs,2021-02-01,32,109.516
abs,2021-03-01,32,114.29
abs,2021-04-01,32,110.409
abs,2021-05-01,32,109.47
abs,2021-06-01,32,78.934
abs,2021-07-01,32,76.332
abs,2021-08-01,32,82.591
abs,2021-09-01,32,119.237
abs,2021-10-01,32,127.971
abs,2021-11-01,32,123.162
abs,2021-12-01,32,116.432
abs,2022-01-01,32,123.501
abs,2022-02-01,32,117.072
abs,2022-03-01,32,119.052
abs,2022-04-01,32,112.934
abs,2022-05-01,32,121.247
abs,2022-06-01,32,111.3
abs,2022-07-01,32,111.95
abs,2022-08-01,32,100.167
abs,2022-09-01,32,122.878
abs,2022-10-01,32,128.506
abs,2022-11-01,32,129.811
abs,2022-12-01,32,119.634
abs,2023-01-01,32,124.718
abs,2023-02-01,32,122.895
abs,2023-03-01,32,120.08
abs,2023-04-01,32,113.482
abs,2023-05-01,32,131.596
abs,2023-06-01,32,112.337
abs,2023-07-01,32,113.178
abs,2023-08-01,32,100.685
abs,2023-09-01,32,123.769
abs,2023-10-01,32,133.17
abs,2023-11-01,32,133.41
abs,2023-12-01,32,126.877
abs,2024-01-01,32,127.072
abs,2024-02-01,32,124.626
abs,2024-03-01,32,124.691
abs,2024-04-01,32,119.392
abs,2024-05-01,32,134.871
abs,2024-06-01,32,118.935
abs,2024-07-01,32,121.093
abs,2024-08-01,32,104.113
abs,2024-09-01,32,126.162
abs,2024-10-01,32,134.17
abs,2024-11-01,32,135.757
abs,2024-12-01,32,131.477
abs,2025-01-01,32,135.394
abs,2025-02-01,32,128.809
abs,2025-03-01,32,128.503
abs,2025-04-01,32,122.795
abs,2025-05-01,32,135.97
abs,2025-06-01,32,120.255
abs,2025-07-01,32,125.442
abs,2025-08-01,32,108.414
abs,2025-09-01,32,132.404
abs,2025-10-01,32,137.879
abs,2025-11-01,32,139.973
abs,2025-12-01,32,137.337
abs,2026-01-01,32,137.824
abs,2026-02-01,32,131.964
abs,2026-03-01,32,130.408
abs,2026-04-01,32,125.993
abs,2026-05-01,32,137.722
growth_yoy,2016-01-01,32,1.023
growth_yoy,2016-02-01,32,1.266
growth_yoy,2016-03-01,32,3.554
growth_yoy,2016-04-01,32,-7.46
growth_yoy,2016-05-01,32,-11.704
growth_yoy,2016-06-01,32,-2.869
growth_yoy,2016-07-01,32,-5.235
growth_yoy,2016-08-01,32,-0.485
growth_yoy,2016-09-01,32,0.297
growth_yoy,2016-10-01,32,-5.38
growth_yoy,2016-11-01,32,-6.09
growth_yoy,2016-12-01,32,-0.892
growth_yoy,2017-01-01,32,3.238
growth_yoy,2017-02-01,32,1.703
growth_yoy,2017-03-01,32,6.17
growth_yoy,2017-04-01,32,5.049
growth_yoy,2017-05-01,32,6.853
growth_yoy,2017-06-01,32,-1.04
growth_yoy,2017-07-01,32,6.768
growth_yoy,2017-08-01,32,9.873
growth_yoy,2017-09-01,32,8.174
growth_yoy,2017-10-01,32,4.821
growth_yoy,2017-11-01,32,6.908
growth_yoy,2017-12-01,32,5.364
growth_yoy,2018-01-01,32,3.037
growth_yoy,2018-02-01,32,2.859
growth_yoy,2018-03-01,32,2.97
growth_yoy,2018-04-01,32,6.581
growth_yoy,2018-05-01,32,5.28
growth_yoy,2018-06-01,32,3.601
growth_yoy,2018-07-01,32,7.019
growth_yoy,2018-08-01,32,6.217
growth_yoy,2018-09-01,32,6.741
growth_yoy,2018-10-01,32,9.401
growth_yoy,2018-11-01,32,4.103
growth_yoy,2018-12-01,32,4.751
growth_yoy,2019-01-01,32,5.057
growth_yoy,2019-02-01,32,4.486
growth_yoy,2019-03-01,32,5.304
growth_yoy,2019-04-01,32,5.029
growth_yoy,2019-05-01,32,5.618
growth_yoy,2019-06-01,32,2.762
growth_yoy,2019-07-01,32,5.536
growth_yoy,2019-08-01,32,5.821
growth_yoy,2019-09-01,32,0.348
growth_yoy,2019-10-01,32,6.614
growth_yoy,2019-11-01,32,10.751
growth_yoy,2019-12-01,32,7.499
growth_yoy,2020-01-01,32,3.334
growth_yoy,2020-02-01,32,5.608
growth_yoy,2020-03-01,32,-7.752
growth_yoy,2020-04-01,32,-80.72
growth_yoy,2020-05-01,32,-46.294
growth_yoy,2020-06-01,32,4.746
growth_yoy,2020-07-01,32,4.28
growth_yoy,2020-08-01,32,6.455
growth_yoy,2020-09-01,32,7.046
growth_yoy,2020-10-01,32,4.956
growth_yoy,2020-11-01,32,0.688
growth_yoy,2020-12-01,32,-2.347
growth_yoy,2021-01-01,32,-1.826
growth_yoy,2021-02-01,32,-4.222
growth_yoy,2021-03-01,32,10.969
growth_yoy,2021-04-01,32,432.95
growth_yoy,2021-05-01,32,95.514
growth_yoy,2021-06-01,32,-30.153
growth_yoy,2021-07-01,32,-36.804
growth_yoy,2021-08-01,32,-33.855
growth_yoy,2021-09-01,32,-8.853
growth_yoy,2021-10-01,32,4.91
growth_yoy,2021-11-01,32,6.427
growth_yoy,2021-12-01,32,4.338
growth_yoy,2022-01-01,32,1.65
growth_yoy,2022-02-01,32,6.899
growth_yoy,2022-03-01,32,4.166
growth_yoy,2022-04-01,32,2.287
growth_yoy,2022-05-01,32,10.758
growth_yoy,2022-06-01,32,41.004
growth_yoy,2022-07-01,32,46.662
growth_yoy,2022-08-01,32,21.28
growth_yoy,2022-09-01,32,3.053
growth_yoy,2022-10-01,32,0.418
growth_yoy,2022-11-01,32,5.399
growth_yoy,2022-12-01,32,2.75
growth_yoy,2023-01-01,32,0.985
growth_yoy,2023-02-01,32,4.974
growth_yoy,2023-03-01,32,0.863
growth_yoy,2023-04-01,32,0.486
growth_yoy,2023-05-01,32,8.535
growth_yoy,2023-06-01,32,0.932
growth_yoy,2023-07-01,32,1.097
growth_yoy,2023-08-01,32,0.517
growth_yoy,2023-09-01,32,0.726
growth_yoy,2023-10-01,32,3.63
growth_yoy,2023-11-01,32,2.773
growth_yoy,2023-12-01,32,6.054
growth_yoy,2024-01-01,32,1.888
growth_yoy,2024-02-01,32,1.408
growth_yoy,2024-03-01,32,3.84
growth_yoy,2024-04-01,32,5.208
growth_yoy,2024-05-01,32,2.489
growth_yoy,2024-06-01,32,5.874
growth_yoy,2024-07-01,32,6.993
growth_yoy,2024-08-01,32,3.405
growth_yoy,2024-09-01,32,1.933
growth_yoy,2024-10-01,32,0.751
growth_yoy,2024-11-01,32,1.759
growth_yoy,2024-12-01,32,3.626
growth_yoy,2025-01-01,32,6.549
growth_yoy,2025-02-01,32,3.357
growth_yoy,2025-03-01,32,3.057
growth_yoy,2025-04-01,32,2.85
growth_yoy,2025-05-01,32,0.815
growth_yoy,2025-06-01,32,1.109
growth_yoy,2025-07-01,32,3.591
growth_yoy,2025-08-01,32,4.131
growth_yoy,2025-09-01,32,4.948
growth_yoy,2025-10-01,32,2.764
growth_yoy,2025-11-01,32,3.106
growth_yoy,2025-12-01,32,4.457
growth_yoy,2026-01-01,32,1.795
growth_yoy,2026-02-01,32,2.449
growth_yoy,2026-03-01,32,1.483
growth_yoy,2026-04-01,32,2.604
growth_yoy,2026-05-01,32,1.288
growth_mom,2015-02-01,32,-7.792
growth_mom,2015-03-01,32,-4.257
growth_mom,2015-04-01,32,5.432
growth_mom,2015-05-01,32,0.643
growth_mom,2015-06-01,32,6.093
growth_mom,2015-07-01,32,-3.861
growth_mom,2015-08-01,32,-5.841
growth_mom,2015-09-01,32,10.184
growth_mom,2015-10-01,32,-4.462
growth_mom,2015-11-01,32,-1.168
growth_mom,2015-12-01,32,-2.127
growth_mom,2016-01-01,32,10.279
growth_mom,2016-02-01,32,-7.571
growth_mom,2016-03-01,32,-2.093
growth_mom,2016-04-01,32,-5.781
growth_mom,2016-05-01,32,-3.973
growth_mom,2016-06-01,32,16.708
growth_mom,2016-07-01,32,-6.203
growth_mom,2016-08-01,32,-1.122
growth_mom,2016-09-01,32,11.05
growth_mom,2016-10-01,32,-9.87
growth_mom,2016-11-01,32,-1.911
growth_mom,2016-12-01,32,3.291
growth_mom,2017-01-01,32,14.874
growth_mom,2017-02-01,32,-8.945
growth_mom,2017-03-01,32,2.207
growth_mom,2017-04-01,32,-6.776
growth_mom,2017-05-01,32,-2.325
growth_mom,2017-06-01,32,8.087
growth_mom,2017-07-01,32,1.198
growth_mom,2017-08-01,32,1.754
growth_mom,2017-09-01,32,9.332
growth_mom,2017-10-01,32,-12.663
growth_mom,2017-11-01,32,0.042
growth_mom,2017-12-01,32,1.799
growth_mom,2018-01-01,32,12.336
growth_mom,2018-02-01,32,-9.102
growth_mom,2018-03-01,32,2.318
growth_mom,2018-04-01,32,-3.506
growth_mom,2018-05-01,32,-3.518
growth_mom,2018-06-01,32,6.364
growth_mom,2018-07-01,32,4.537
growth_mom,2018-08-01,32,0.992
growth_mom,2018-09-01,32,9.871
growth_mom,2018-10-01,32,-10.487
growth_mom,2018-11-01,32,-4.803
growth_mom,2018-12-01,32,2.433
growth_mom,2019-01-01,32,12.665
growth_mom,2019-02-01,32,-9.596
growth_mom,2019-03-01,32,3.119
growth_mom,2019-04-01,32,-3.758
growth_mom,2019-05-01,32,-2.977
growth_mom,2019-06-01,32,3.488
growth_mom,2019-07-01,32,7.359
growth_mom,2019-08-01,32,1.265
growth_mom,2019-09-01,32,4.189
growth_mom,2019-10-01,32,-4.898
growth_mom,2019-11-01,32,-1.109
growth_mom,2019-12-01,32,-0.574
growth_mom,2020-01-01,32,8.3
growth_mom,2020-02-01,32,-7.607
growth_mom,2020-03-01,32,-9.926
growth_mom,2020-04-01,32,-79.886
growth_mom,2020-05-01,32,170.271
growth_mom,2020-06-01,32,101.837
growth_mom,2020-07-01,32,6.881
growth_mom,2020-08-01,32,3.377
growth_mom,2020-09-01,32,4.767
growth_mom,2020-10-01,32,-6.754
growth_mom,2020-11-01,32,-5.131
growth_mom,2020-12-01,32,-3.571
growth_mom,2021-01-01,32,8.877
growth_mom,2021-02-01,32,-9.861
growth_mom,2021-03-01,32,4.36
growth_mom,2021-04-01,32,-3.396
growth_mom,2021-05-01,32,-0.85
growth_mom,2021-06-01,32,-27.895
growth_mom,2021-07-01,32,-3.296
growth_mom,2021-08-01,32,8.2
growth_mom,2021-09-01,32,44.37
growth_mom,2021-10-01,32,7.325
growth_mom,2021-11-01,32,-3.758
growth_mom,2021-12-01,32,-5.464
growth_mom,2022-01-01,32,6.071
growth_mom,2022-02-01,32,-5.206
growth_mom,2022-03-01,32,1.692
growth_mom,2022-04-01,32,-5.139
growth_mom,2022-05-01,32,7.361
growth_mom,2022-06-01,32,-8.204
growth_mom,2022-07-01,32,0.585
growth_mom,2022-08-01,32,-10.526
growth_mom,2022-09-01,32,22.673
growth_mom,2022-10-01,32,4.581
growth_mom,2022-11-01,32,1.015
growth_mom,2022-12-01,32,-7.84
growth_mom,2023-01-01,32,4.249
growth_mom,2023-02-01,32,-1.461
growth_mom,2023-03-01,32,-2.291
growth_mom,2023-04-01,32,-5.494
growth_mom,2023-05-01,32,15.962
growth_mom,2023-06-01,32,-14.635
growth_mom,2023-07-01,32,0.749
growth_mom,2023-08-01,32,-11.039
growth_mom,2023-09-01,32,22.928
growth_mom,2023-10-01,32,7.596
growth_mom,2023-11-01,32,0.18
growth_mom,2023-12-01,32,-4.897
growth_mom,2024-01-01,32,0.154
growth_mom,2024-02-01,32,-1.925
growth_mom,2024-03-01,32,0.052
growth_mom,2024-04-01,32,-4.249
growth_mom,2024-05-01,32,12.964
growth_mom,2024-06-01,32,-11.815
growth_mom,2024-07-01,32,1.814
growth_mom,2024-08-01,32,-14.023
growth_mom,2024-09-01,32,21.178
growth_mom,2024-10-01,32,6.348
growth_mom,2024-11-01,32,1.182
growth_mom,2024-12-01,32,-3.153
growth_mom,2025-01-01,32,2.979
growth_mom,2025-02-01,32,-4.864
growth_mom,2025-03-01,32,-0.238
growth_mom,2025-04-01,32,-4.441
growth_mom,2025-05-01,32,10.729
growth_mom,2025-06-01,32,-11.558
growth_mom,2025-07-01,32,4.313
growth_mom,2025-08-01,32,-13.574
growth_mom,2025-09-01,32,22.128
growth_mom,2025-10-01,32,4.135
growth_mom,2025-11-01,32,1.519
growth_mom,2025-12-01,32,-1.884
growth_mom,2026-01-01,32,0.355
growth_mom,2026-02-01,32,-4.252
growth_mom,2026-03-01,32,-1.179
growth_mom,2026-04-01,32,-3.386
growth_mom,2026-05-01,32,9.309
abs,2015-01-01,33,109.275
abs,2015-02-01,33,104.541
abs,2015-03-01,33,104.474
abs,2015-04-01,33,97.08
abs,2015-05-01,33,82.277
abs,2015-06-01,33,97.862
abs,2015-07-01,33,101.733
abs,2015-08-01,33,87.392
abs,2015-09-01,33,96.595
abs,2015-10-01,33,104.984
abs,2015-11-01,33,111.173
abs,2015-12-01,33,102.613
abs,2016-01-01,33,113.211
abs,2016-02-01,33,101.105
abs,2016-03-01,33,107.557
abs,2016-04-01,33,94.914
abs,2016-05-01,33,92.262
abs,2016-06-01,33,101.952
abs,2016-07-01,33,131.719
abs,2016-08-01,33,104.566
abs,2016-09-01,33,109.666
abs,2016-10-01,33,108.804
abs,2016-11-01,33,116.238
abs,2016-12-01,33,88.618
abs,2017-01-01,33,99.785
abs,2017-02-01,33,92.964
abs,2017-03-01,33,121.598
abs,2017-04-01,33,107.767
abs,2017-05-01,33,123.435
abs,2017-06-01,33,127.599
abs,2017-07-01,33,143.81
abs,2017-08-01,33,126.611
abs,2017-09-01,33,132.049
abs,2017-10-01,33,117.106
abs,2017-11-01,33,123.878
abs,2017-12-01,33,96.938
abs,2018-01-01,33,111.757
abs,2018-02-01,33,103.704
abs,2018-03-01,33,126.039
abs,2018-04-01,33,116.76
abs,2018-05-01,33,130.621
abs,2018-06-01,33,131.553
abs,2018-07-01,33,149.758
abs,2018-08-01,33,136.556
abs,2018-09-01,33,139.093
abs,2018-10-01,33,130.29
abs,2018-11-01,33,135.507
abs,2018-12-01,33,103.881
abs,2019-01-01,33,120.202
abs,2019-02-01,33,110.651
abs,2019-03-01,33,135.241
abs,2019-04-01,33,122.26
abs,2019-05-01,33,134.715
abs,2019-06-01,33,131.929
abs,2019-07-01,33,153.282
abs,2019-08-01,33,141.969
abs,2019-09-01,33,143.266
abs,2019-10-01,33,133.039
abs,2019-11-01,33,139.161
abs,2019-12-01,33,108.742
abs,2020-01-01,33,126.044
abs,2020-02-01,33,115.195
abs,2020-03-01,33,122.122
abs,2020-04-01,33,54.461
abs,2020-05-01,33,96.842
abs,2020-06-01,33,133.002
abs,2020-07-01,33,141.929
abs,2020-08-01,33,140.55
abs,2020-09-01,33,138.749
abs,2020-10-01,33,131.477
abs,2020-11-01,33,133.831
abs,2020-12-01,33,105.818
abs,2021-01-01,33,123.961
abs,2021-02-01,33,113.818
abs,2021-03-01,33,129.196
abs,2021-04-01,33,118.985
abs,2021-05-01,33,114.174
abs,2021-06-01,33,106.321
abs,2021-07-01,33,108.37
abs,2021-08-01,33,110.125
abs,2021-09-01,33,114.112
abs,2021-10-01,33,135.753
abs,2021-11-01,33,145.165
abs,2021-12-01,33,118.608
abs,2022-01-01,33,131.587
abs,2022-02-01,33,121.546
abs,2022-03-01,33,141.191
abs,2022-04-01,33,132.838
abs,2022-05-01,33,123.188
abs,2022-06-01,33,128.316
abs,2022-07-01,33,130.155
abs,2022-08-01,33,128.408
abs,2022-09-01,33,129.749
abs,2022-10-01,33,143.78
abs,2022-11-01,33,146.664
abs,2022-12-01,33,127.671
abs,2023-01-01,33,139.428
abs,2023-02-01,33,132.963
abs,2023-03-01,33,142.842
abs,2023-04-01,33,139.133
abs,2023-05-01,33,130.087
abs,2023-06-01,33,135.946
abs,2023-07-01,33,137.394
abs,2023-08-01,33,135.809
abs,2023-09-01,33,136.824
abs,2023-10-01,33,150.716
abs,2023-11-01,33,151.395
abs,2023-12-01,33,130.967
abs,2024-01-01,33,146.153
abs,2024-02-01,33,137.856
abs,2024-03-01,33,152.633
abs,2024-04-01,33,144.821
abs,2024-05-01,33,136.898
abs,2024-06-01,33,147.655
abs,2024-07-01,33,148.274
abs,2024-08-01,33,147.164
abs,2024-09-01,33,140.913
abs,2024-10-01,33,158.453
abs,2024-11-01,33,154.645
abs,2024-12-01,33,140.635
abs,2025-01-01,33,157.617
abs,2025-02-01,33,148.809
abs,2025-03-01,33,165.607
abs,2025-04-01,33,158.826
abs,2025-05-01,33,150.413
abs,2025-06-01,33,158.983
abs,2025-07-01,33,160.001
abs,2025-08-01,33,155.61
abs,2025-09-01,33,149.474
abs,2025-10-01,33,165.425
abs,2025-11-01,33,161.332
abs,2025-12-01,33,151.81
abs,2026-01-01,33,169.426
abs,2026-02-01,33,163.328
abs,2026-03-01,33,182.808
abs,2026-04-01,33,176.623
abs,2026-05-01,33,162.769
growth_yoy,2016-01-01,33,3.601
growth_yoy,2016-02-01,33,-3.287
growth_yoy,2016-03-01,33,2.951
growth_yoy,2016-04-01,33,-2.231
growth_yoy,2016-05-01,33,12.135
growth_yoy,2016-06-01,33,4.179
growth_yoy,2016-07-01,33,29.475
growth_yoy,2016-08-01,33,19.651
growth_yoy,2016-09-01,33,13.532
growth_yoy,2016-10-01,33,3.639
growth_yoy,2016-11-01,33,4.556
growth_yoy,2016-12-01,33,-13.638
growth_yoy,2017-01-01,33,-11.859
growth_yoy,2017-02-01,33,-8.051
growth_yoy,2017-03-01,33,13.054
growth_yoy,2017-04-01,33,13.541
growth_yoy,2017-05-01,33,33.787
growth_yoy,2017-06-01,33,25.157
growth_yoy,2017-07-01,33,9.18
growth_yoy,2017-08-01,33,21.083
growth_yoy,2017-09-01,33,20.41
growth_yoy,2017-10-01,33,7.63
growth_yoy,2017-11-01,33,6.573
growth_yoy,2017-12-01,33,9.388
growth_yoy,2018-01-01,33,11.998
growth_yoy,2018-02-01,33,11.552
growth_yoy,2018-03-01,33,3.652
growth_yoy,2018-04-01,33,8.345
growth_yoy,2018-05-01,33,5.822
growth_yoy,2018-06-01,33,3.099
growth_yoy,2018-07-01,33,4.136
growth_yoy,2018-08-01,33,7.854
growth_yoy,2018-09-01,33,5.334
growth_yoy,2018-10-01,33,11.258
growth_yoy,2018-11-01,33,9.387
growth_yoy,2018-12-01,33,7.163
growth_yoy,2019-01-01,33,7.556
growth_yoy,2019-02-01,33,6.699
growth_yoy,2019-03-01,33,7.301
growth_yoy,2019-04-01,33,4.71
growth_yoy,2019-05-01,33,3.134
growth_yoy,2019-06-01,33,0.285
growth_yoy,2019-07-01,33,2.353
growth_yoy,2019-08-01,33,3.965
growth_yoy,2019-09-01,33,3.0
growth_yoy,2019-10-01,33,2.111
growth_yoy,2019-11-01,33,2.697
growth_yoy,2019-12-01,33,4.68
growth_yoy,2020-01-01,33,4.86
growth_yoy,2020-02-01,33,4.107
growth_yoy,2020-03-01,33,-9.7
growth_yoy,2020-04-01,33,-55.455
growth_yoy,2020-05-01,33,-28.113
growth_yoy,2020-06-01,33,0.813
growth_yoy,2020-07-01,33,-7.407
growth_yoy,2020-08-01,33,-1.0
growth_yoy,2020-09-01,33,-3.153
growth_yoy,2020-10-01,33,-1.174
growth_yoy,2020-11-01,33,-3.83
growth_yoy,2020-12-01,33,-2.689
growth_yoy,2021-01-01,33,-1.653
growth_yoy,2021-02-01,33,-1.195
growth_yoy,2021-03-01,33,5.793
growth_yoy,2021-04-01,33,118.478
growth_yoy,2021-05-01,33,17.897
growth_yoy,2021-06-01,33,-20.061
growth_yoy,2021-07-01,33,-23.645
growth_yoy,2021-08-01,33,-21.647
growth_yoy,2021-09-01,33,-17.757
growth_yoy,2021-10-01,33,3.252
growth_yoy,2021-11-01,33,8.469
growth_yoy,2021-12-01,33,12.087
growth_yoy,2022-01-01,33,6.152
growth_yoy,2022-02-01,33,6.79
growth_yoy,2022-03-01,33,9.284
growth_yoy,2022-04-01,33,11.642
growth_yoy,2022-05-01,33,7.896
growth_yoy,2022-06-01,33,20.687
growth_yoy,2022-07-01,33,20.103
growth_yoy,2022-08-01,33,16.602
growth_yoy,2022-09-01,33,13.704
growth_yoy,2022-10-01,33,5.913
growth_yoy,2022-11-01,33,1.033
growth_yoy,2022-12-01,33,7.641
growth_yoy,2023-01-01,33,5.959
growth_yoy,2023-02-01,33,9.393
growth_yoy,2023-03-01,33,1.17
growth_yoy,2023-04-01,33,4.739
growth_yoy,2023-05-01,33,5.6
growth_yoy,2023-06-01,33,5.946
growth_yoy,2023-07-01,33,5.561
growth_yoy,2023-08-01,33,5.764
growth_yoy,2023-09-01,33,5.452
growth_yoy,2023-10-01,33,4.824
growth_yoy,2023-11-01,33,3.225
growth_yoy,2023-12-01,33,2.582
growth_yoy,2024-01-01,33,4.823
growth_yoy,2024-02-01,33,3.68
growth_yoy,2024-03-01,33,6.854
growth_yoy,2024-04-01,33,4.089
growth_yoy,2024-05-01,33,5.236
growth_yoy,2024-06-01,33,8.614
growth_yoy,2024-07-01,33,7.919
growth_yoy,2024-08-01,33,8.361
growth_yoy,2024-09-01,33,2.989
growth_yoy,2024-10-01,33,5.134
growth_yoy,2024-11-01,33,2.147
growth_yoy,2024-12-01,33,7.382
growth_yoy,2025-01-01,33,7.844
growth_yoy,2025-02-01,33,7.945
growth_yoy,2025-03-01,33,8.5
growth_yoy,2025-04-01,33,9.67
growth_yoy,2025-05-01,33,9.872
growth_yoy,2025-06-01,33,7.672
growth_yoy,2025-07-01,33,7.909
growth_yoy,2025-08-01,33,5.739
growth_yoy,2025-09-01,33,6.076
growth_yoy,2025-10-01,33,4.4
growth_yoy,2025-11-01,33,4.324
growth_yoy,2025-12-01,33,7.946
growth_yoy,2026-01-01,33,7.492
growth_yoy,2026-02-01,33,9.757
growth_yoy,2026-03-01,33,10.387
growth_yoy,2026-04-01,33,11.205
growth_yoy,2026-05-01,33,8.215
growth_mom,2015-02-01,33,-4.332
growth_mom,2015-03-01,33,-0.065
growth_mom,2015-04-01,33,-7.077
growth_mom,2015-05-01,33,-15.248
growth_mom,2015-06-01,33,18.942
growth_mom,2015-07-01,33,3.955
growth_mom,2015-08-01,33,-14.096
growth_mom,2015-09-01,33,10.53
growth_mom,2015-10-01,33,8.684
growth_mom,2015-11-01,33,5.896
growth_mom,2015-12-01,33,-7.7
growth_mom,2016-01-01,33,10.328
growth_mom,2016-02-01,33,-10.693
growth_mom,2016-03-01,33,6.382
growth_mom,2016-04-01,33,-11.755
growth_mom,2016-05-01,33,-2.794
growth_mom,2016-06-01,33,10.502
growth_mom,2016-07-01,33,29.197
growth_mom,2016-08-01,33,-20.614
growth_mom,2016-09-01,33,4.878
growth_mom,2016-10-01,33,-0.786
growth_mom,2016-11-01,33,6.832
growth_mom,2016-12-01,33,-23.761
growth_mom,2017-01-01,33,12.601
growth_mom,2017-02-01,33,-6.836
growth_mom,2017-03-01,33,30.8
growth_mom,2017-04-01,33,-11.374
growth_mom,2017-05-01,33,14.539
growth_mom,2017-06-01,33,3.374
growth_mom,2017-07-01,33,12.705
growth_mom,2017-08-01,33,-11.96
growth_mom,2017-09-01,33,4.295
growth_mom,2017-10-01,33,-11.316
growth_mom,2017-11-01,33,5.783
growth_mom,2017-12-01,33,-21.748
growth_mom,2018-01-01,33,15.288
growth_mom,2018-02-01,33,-7.206
growth_mom,2018-03-01,33,21.537
growth_mom,2018-04-01,33,-7.362
growth_mom,2018-05-01,33,11.871
growth_mom,2018-06-01,33,0.714
growth_mom,2018-07-01,33,13.838
growth_mom,2018-08-01,33,-8.816
growth_mom,2018-09-01,33,1.858
growth_mom,2018-10-01,33,-6.329
growth_mom,2018-11-01,33,4.004
growth_mom,2018-12-01,33,-23.339
growth_mom,2019-01-01,33,15.712
growth_mom,2019-02-01,33,-7.946
growth_mom,2019-03-01,33,22.223
growth_mom,2019-04-01,33,-9.598
growth_mom,2019-05-01,33,10.187
growth_mom,2019-06-01,33,-2.068
growth_mom,2019-07-01,33,16.186
growth_mom,2019-08-01,33,-7.38
growth_mom,2019-09-01,33,0.913
growth_mom,2019-10-01,33,-7.138
growth_mom,2019-11-01,33,4.602
growth_mom,2019-12-01,33,-21.859
growth_mom,2020-01-01,33,15.911
growth_mom,2020-02-01,33,-8.607
growth_mom,2020-03-01,33,6.013
growth_mom,2020-04-01,33,-55.404
growth_mom,2020-05-01,33,77.819
growth_mom,2020-06-01,33,37.339
growth_mom,2020-07-01,33,6.712
growth_mom,2020-08-01,33,-0.971
growth_mom,2020-09-01,33,-1.282
growth_mom,2020-10-01,33,-5.241
growth_mom,2020-11-01,33,1.79
growth_mom,2020-12-01,33,-20.932
growth_mom,2021-01-01,33,17.146
growth_mom,2021-02-01,33,-8.182
growth_mom,2021-03-01,33,13.511
growth_mom,2021-04-01,33,-7.903
growth_mom,2021-05-01,33,-4.044
growth_mom,2021-06-01,33,-6.878
growth_mom,2021-07-01,33,1.927
growth_mom,2021-08-01,33,1.62
growth_mom,2021-09-01,33,3.62
growth_mom,2021-10-01,33,18.965
growth_mom,2021-11-01,33,6.933
growth_mom,2021-12-01,33,-18.294
growth_mom,2022-01-01,33,10.943
growth_mom,2022-02-01,33,-7.631
growth_mom,2022-03-01,33,16.162
growth_mom,2022-04-01,33,-5.916
growth_mom,2022-05-01,33,-7.264
growth_mom,2022-06-01,33,4.162
growth_mom,2022-07-01,33,1.434
growth_mom,2022-08-01,33,-1.343
growth_mom,2022-09-01,33,1.045
growth_mom,2022-10-01,33,10.814
growth_mom,2022-11-01,33,2.006
growth_mom,2022-12-01,33,-12.95
growth_mom,2023-01-01,33,9.209
growth_mom,2023-02-01,33,-4.637
growth_mom,2023-03-01,33,7.43
growth_mom,2023-04-01,33,-2.597
growth_mom,2023-05-01,33,-6.502
growth_mom,2023-06-01,33,4.504
growth_mom,2023-07-01,33,1.065
growth_mom,2023-08-01,33,-1.153
growth_mom,2023-09-01,33,0.747
growth_mom,2023-10-01,33,10.153
growth_mom,2023-11-01,33,0.45
growth_mom,2023-12-01,33,-13.493
growth_mom,2024-01-01,33,11.595
growth_mom,2024-02-01,33,-5.677
growth_mom,2024-03-01,33,10.719
growth_mom,2024-04-01,33,-5.118
growth_mom,2024-05-01,33,-5.471
growth_mom,2024-06-01,33,7.858
growth_mom,2024-07-01,33,0.419
growth_mom,2024-08-01,33,-0.749
growth_mom,2024-09-01,33,-4.248
growth_mom,2024-10-01,33,12.447
growth_mom,2024-11-01,33,-2.403
growth_mom,2024-12-01,33,-9.059
growth_mom,2025-01-01,33,12.075
growth_mom,2025-02-01,33,-5.588
growth_mom,2025-03-01,33,11.288
growth_mom,2025-04-01,33,-4.094
growth_mom,2025-05-01,33,-5.297
growth_mom,2025-06-01,33,5.698
growth_mom,2025-07-01,33,0.64
growth_mom,2025-08-01,33,-2.744
growth_mom,2025-09-01,33,-3.943
growth_mom,2025-10-01,33,10.671
growth_mom,2025-11-01,33,-2.475
growth_mom,2025-12-01,33,-5.902
growth_mom,2026-01-01,33,11.604
growth_mom,2026-02-01,33,-3.599
growth_mom,2026-03-01,33,11.927
growth_mom,2026-04-01,33,-3.384
growth_mom,2026-05-01,33,-7.844
abs,2015-01-01,35,98.013
abs,2015-02-01,35,88.746
abs,2015-03-01,35,104.108
abs,2015-04-01,35,101.158
abs,2015-05-01,35,102.587
abs,2015-06-01,35,99.092
abs,2015-07-01,35,100.161
abs,2015-08-01,35,102.036
abs,2015-09-01,35,100.115
abs,2015-10-01,35,103.784
abs,2015-11-01,35,97.594
abs,2015-12-01,35,102.605
abs,2016-01-01,35,105.66
abs,2016-02-01,35,98.158
abs,2016-03-01,35,112.235
abs,2016-04-01,35,110.833
abs,2016-05-01,35,112.617
abs,2016-06-01,35,107.83
abs,2016-07-01,35,107.405
abs,2016-08-01,35,113.807
abs,2016-09-01,35,107.336
abs,2016-10-01,35,111.095
abs,2016-11-01,35,107.198
abs,2016-12-01,35,109.029
abs,2017-01-01,35,106.333
abs,2017-02-01,35,99.151
abs,2017-03-01,35,111.495
abs,2017-04-01,35,108.688
abs,2017-05-01,35,114.933
abs,2017-06-01,35,109.598
abs,2017-07-01,35,115.395
abs,2017-08-01,35,116.725
abs,2017-09-01,35,109.152
abs,2017-10-01,35,115.734
abs,2017-11-01,35,110.868
abs,2017-12-01,35,112.747
abs,2018-01-01,35,112.076
abs,2018-02-01,35,102.994
abs,2018-03-01,35,119.628
abs,2018-04-01,35,116.189
abs,2018-05-01,35,119.12
abs,2018-06-01,35,114.029
abs,2018-07-01,35,121.84
abs,2018-08-01,35,122.606
abs,2018-09-01,35,114.13
abs,2018-10-01,35,120.137
abs,2018-11-01,35,115.578
abs,2018-12-01,35,117.0
abs,2019-01-01,35,120.532
abs,2019-02-01,35,107.805
abs,2019-03-01,35,125.022
abs,2019-04-01,35,122.829
abs,2019-05-01,35,125.574
abs,2019-06-01,35,115.665
abs,2019-07-01,35,123.964
abs,2019-08-01,35,122.715
abs,2019-09-01,35,119.314
abs,2019-10-01,35,120.445
abs,2019-11-01,35,117.108
abs,2019-12-01,35,117.752
abs,2020-01-01,35,120.873
abs,2020-02-01,35,115.444
abs,2020-03-01,35,115.092
abs,2020-04-01,35,99.299
abs,2020-05-01,35,113.007
abs,2020-06-01,35,113.263
abs,2020-07-01,35,118.216
abs,2020-08-01,35,121.649
abs,2020-09-01,35,116.985
abs,2020-10-01,35,121.764
abs,2020-11-01,35,114.516
abs,2020-12-01,35,117.955
abs,2021-01-01,35,115.621
abs,2021-02-01,35,108.963
abs,2021-03-01,35,126.609
abs,2021-04-01,35,122.293
abs,2021-05-01,35,123.225
abs,2021-06-01,35,108.018
abs,2021-07-01,35,112.838
abs,2021-08-01,35,116.023
abs,2021-09-01,35,117.886
abs,2021-10-01,35,126.97
abs,2021-11-01,35,120.619
abs,2021-12-01,35,123.803
abs,2022-01-01,35,122.172
abs,2022-02-01,35,109.307
abs,2022-03-01,35,126.643
abs,2022-04-01,35,123.501
abs,2022-05-01,35,126.892
abs,2022-06-01,35,123.778
abs,2022-07-01,35,127.597
abs,2022-08-01,35,127.434
abs,2022-09-01,35,121.75
abs,2022-10-01,35,124.188
abs,2022-11-01,35,120.009
abs,2022-12-01,35,121.057
abs,2023-01-01,35,120.055
abs,2023-02-01,35,111.876
abs,2023-03-01,35,127.169
abs,2023-04-01,35,122.999
abs,2023-05-01,35,134.433
abs,2023-06-01,35,127.263
abs,2023-07-01,35,129.788
abs,2023-08-01,35,130.741
abs,2023-09-01,35,126.119
abs,2023-10-01,35,133.157
abs,2023-11-01,35,125.62
abs,2023-12-01,35,127.432
abs,2024-01-01,35,129.532
abs,2024-02-01,35,124.218
abs,2024-03-01,35,138.009
abs,2024-04-01,35,132.931
abs,2024-05-01,35,140.464
abs,2024-06-01,35,130.88
abs,2024-07-01,35,139.036
abs,2024-08-01,35,136.649
abs,2024-09-01,35,128.608
abs,2024-10-01,35,135.734
abs,2024-11-01,35,130.501
abs,2024-12-01,35,131.836
abs,2025-01-01,35,129.244
abs,2025-02-01,35,120.75
abs,2025-03-01,35,134.965
abs,2025-04-01,35,130.702
abs,2025-05-01,35,140.356
abs,2025-06-01,35,133.874
abs,2025-07-01,35,141.287
abs,2025-08-01,35,138.301
abs,2025-09-01,35,132.228
abs,2025-10-01,35,138.181
abs,2025-11-01,35,134.035
abs,2025-12-01,35,137.005
abs,2026-01-01,35,137.202
abs,2026-02-01,35,126.272
abs,2026-03-01,35,141.478
abs,2026-04-01,35,144.444
abs,2026-05-01,35,146.321
growth_yoy,2016-01-01,35,7.802
growth_yoy,2016-02-01,35,10.605
growth_yoy,2016-03-01,35,7.806
growth_yoy,2016-04-01,35,9.564
growth_yoy,2016-05-01,35,9.777
growth_yoy,2016-06-01,35,8.818
growth_yoy,2016-07-01,35,7.233
growth_yoy,2016-08-01,35,11.536
growth_yoy,2016-09-01,35,7.213
growth_yoy,2016-10-01,35,7.044
growth_yoy,2016-11-01,35,9.841
growth_yoy,2016-12-01,35,6.261
growth_yoy,2017-01-01,35,0.637
growth_yoy,2017-02-01,35,1.012
growth_yoy,2017-03-01,35,-0.659
growth_yoy,2017-04-01,35,-1.935
growth_yoy,2017-05-01,35,2.057
growth_yoy,2017-06-01,35,1.64
growth_yoy,2017-07-01,35,7.439
growth_yoy,2017-08-01,35,2.564
growth_yoy,2017-09-01,35,1.692
growth_yoy,2017-10-01,35,4.176
growth_yoy,2017-11-01,35,3.423
growth_yoy,2017-12-01,35,3.41
growth_yoy,2018-01-01,35,5.401
growth_yoy,2018-02-01,35,3.876
growth_yoy,2018-03-01,35,7.294
growth_yoy,2018-04-01,35,6.901
growth_yoy,2018-05-01,35,3.643
growth_yoy,2018-06-01,35,4.043
growth_yoy,2018-07-01,35,5.585
growth_yoy,2018-08-01,35,5.038
growth_yoy,2018-09-01,35,4.561
growth_yoy,2018-10-01,35,3.804
growth_yoy,2018-11-01,35,4.249
growth_yoy,2018-12-01,35,3.773
growth_yoy,2019-01-01,35,7.545
growth_yoy,2019-02-01,35,4.671
growth_yoy,2019-03-01,35,4.509
growth_yoy,2019-04-01,35,5.715
growth_yoy,2019-05-01,35,5.418
growth_yoy,2019-06-01,35,1.435
growth_yoy,2019-07-01,35,1.743
growth_yoy,2019-08-01,35,0.089
growth_yoy,2019-09-01,35,4.543
growth_yoy,2019-10-01,35,0.257
growth_yoy,2019-11-01,35,1.323
growth_yoy,2019-12-01,35,0.642
growth_yoy,2020-01-01,35,0.283
growth_yoy,2020-02-01,35,7.086
growth_yoy,2020-03-01,35,-7.943
growth_yoy,2020-04-01,35,-19.157
growth_yoy,2020-05-01,35,-10.008
growth_yoy,2020-06-01,35,-2.076
growth_yoy,2020-07-01,35,-4.636
growth_yoy,2020-08-01,35,-0.869
growth_yoy,2020-09-01,35,-1.952
growth_yoy,2020-10-01,35,1.094
growth_yoy,2020-11-01,35,-2.213
growth_yoy,2020-12-01,35,0.172
growth_yoy,2021-01-01,35,-4.345
growth_yoy,2021-02-01,35,-5.614
growth_yoy,2021-03-01,35,10.007
growth_yoy,2021-04-01,35,23.156
growth_yoy,2021-05-01,35,9.042
growth_yoy,2021-06-01,35,-4.631
growth_yoy,2021-07-01,35,-4.55
growth_yoy,2021-08-01,35,-4.625
growth_yoy,2021-09-01,35,0.77
growth_yoy,2021-10-01,35,4.276
growth_yoy,2021-11-01,35,5.329
growth_yoy,2021-12-01,35,4.958
growth_yoy,2022-01-01,35,5.667
growth_yoy,2022-02-01,35,0.316
growth_yoy,2022-03-01,35,0.027
growth_yoy,2022-04-01,35,0.988
growth_yoy,2022-05-01,35,2.976
growth_yoy,2022-06-01,35,14.591
growth_yoy,2022-07-01,35,13.08
growth_yoy,2022-08-01,35,9.835
growth_yoy,2022-09-01,35,3.278
growth_yoy,2022-10-01,35,-2.191
growth_yoy,2022-11-01,35,-0.506
growth_yoy,2022-12-01,35,-2.218
growth_yoy,2023-01-01,35,-1.733
growth_yoy,2023-02-01,35,2.35
growth_yoy,2023-03-01,35,0.415
growth_yoy,2023-04-01,35,-0.407
growth_yoy,2023-05-01,35,5.943
growth_yoy,2023-06-01,35,2.815
growth_yoy,2023-07-01,35,1.717
growth_yoy,2023-08-01,35,2.595
growth_yoy,2023-09-01,35,3.588
growth_yoy,2023-10-01,35,7.222
growth_yoy,2023-11-01,35,4.676
growth_yoy,2023-12-01,35,5.266
growth_yoy,2024-01-01,35,7.894
growth_yoy,2024-02-01,35,11.032
growth_yoy,2024-03-01,35,8.525
growth_yoy,2024-04-01,35,8.075
growth_yoy,2024-05-01,35,4.486
growth_yoy,2024-06-01,35,2.843
growth_yoy,2024-07-01,35,7.125
growth_yoy,2024-08-01,35,4.519
growth_yoy,2024-09-01,35,1.974
growth_yoy,2024-10-01,35,1.935
growth_yoy,2024-11-01,35,3.886
growth_yoy,2024-12-01,35,3.456
growth_yoy,2025-01-01,35,-0.222
growth_yoy,2025-02-01,35,-2.792
growth_yoy,2025-03-01,35,-2.206
growth_yoy,2025-04-01,35,-1.677
growth_yoy,2025-05-01,35,-0.077
growth_yoy,2025-06-01,35,2.288
growth_yoy,2025-07-01,35,1.619
growth_yoy,2025-08-01,35,1.208
growth_yoy,2025-09-01,35,2.815
growth_yoy,2025-10-01,35,1.802
growth_yoy,2025-11-01,35,2.708
growth_yoy,2025-12-01,35,3.921
growth_yoy,2026-01-01,35,6.157
growth_yoy,2026-02-01,35,4.573
growth_yoy,2026-03-01,35,4.826
growth_yoy,2026-04-01,35,10.514
growth_yoy,2026-05-01,35,4.25
growth_mom,2015-02-01,35,-9.455
growth_mom,2015-03-01,35,17.31
growth_mom,2015-04-01,35,-2.834
growth_mom,2015-05-01,35,1.413
growth_mom,2015-06-01,35,-3.407
growth_mom,2015-07-01,35,1.079
growth_mom,2015-08-01,35,1.873
growth_mom,2015-09-01,35,-1.883
growth_mom,2015-10-01,35,3.666
growth_mom,2015-11-01,35,-5.965
growth_mom,2015-12-01,35,5.135
growth_mom,2016-01-01,35,2.977
growth_mom,2016-02-01,35,-7.1
growth_mom,2016-03-01,35,14.341
growth_mom,2016-04-01,35,-1.249
growth_mom,2016-05-01,35,1.61
growth_mom,2016-06-01,35,-4.251
growth_mom,2016-07-01,35,-0.394
growth_mom,2016-08-01,35,5.961
growth_mom,2016-09-01,35,-5.686
growth_mom,2016-10-01,35,3.502
growth_mom,2016-11-01,35,-3.508
growth_mom,2016-12-01,35,1.708
growth_mom,2017-01-01,35,-2.473
growth_mom,2017-02-01,35,-6.754
growth_mom,2017-03-01,35,12.45
growth_mom,2017-04-01,35,-2.518
growth_mom,2017-05-01,35,5.746
growth_mom,2017-06-01,35,-4.642
growth_mom,2017-07-01,35,5.289
growth_mom,2017-08-01,35,1.153
growth_mom,2017-09-01,35,-6.488
growth_mom,2017-10-01,35,6.03
growth_mom,2017-11-01,35,-4.205
growth_mom,2017-12-01,35,1.695
growth_mom,2018-01-01,35,-0.595
growth_mom,2018-02-01,35,-8.103
growth_mom,2018-03-01,35,16.15
growth_mom,2018-04-01,35,-2.875
growth_mom,2018-05-01,35,2.523
growth_mom,2018-06-01,35,-4.274
growth_mom,2018-07-01,35,6.85
growth_mom,2018-08-01,35,0.629
growth_mom,2018-09-01,35,-6.914
growth_mom,2018-10-01,35,5.263
growth_mom,2018-11-01,35,-3.794
growth_mom,2018-12-01,35,1.23
growth_mom,2019-01-01,35,3.018
growth_mom,2019-02-01,35,-10.559
growth_mom,2019-03-01,35,15.97
growth_mom,2019-04-01,35,-1.754
growth_mom,2019-05-01,35,2.235
growth_mom,2019-06-01,35,-7.891
growth_mom,2019-07-01,35,7.175
growth_mom,2019-08-01,35,-1.007
growth_mom,2019-09-01,35,-2.771
growth_mom,2019-10-01,35,0.948
growth_mom,2019-11-01,35,-2.771
growth_mom,2019-12-01,35,0.55
growth_mom,2020-01-01,35,2.651
growth_mom,2020-02-01,35,-4.492
growth_mom,2020-03-01,35,-0.305
growth_mom,2020-04-01,35,-13.722
growth_mom,2020-05-01,35,13.805
growth_mom,2020-06-01,35,0.227
growth_mom,2020-07-01,35,4.373
growth_mom,2020-08-01,35,2.904
growth_mom,2020-09-01,35,-3.834
growth_mom,2020-10-01,35,4.085
growth_mom,2020-11-01,35,-5.952
growth_mom,2020-12-01,35,3.002
growth_mom,2021-01-01,35,-1.979
growth_mom,2021-02-01,35,-5.758
growth_mom,2021-03-01,35,16.195
growth_mom,2021-04-01,35,-3.409
growth_mom,2021-05-01,35,0.763
growth_mom,2021-06-01,35,-12.341
growth_mom,2021-07-01,35,4.462
growth_mom,2021-08-01,35,2.823
growth_mom,2021-09-01,35,1.605
growth_mom,2021-10-01,35,7.706
growth_mom,2021-11-01,35,-5.002
growth_mom,2021-12-01,35,2.64
growth_mom,2022-01-01,35,-1.317
growth_mom,2022-02-01,35,-10.53
growth_mom,2022-03-01,35,15.86
growth_mom,2022-04-01,35,-2.481
growth_mom,2022-05-01,35,2.746
growth_mom,2022-06-01,35,-2.454
growth_mom,2022-07-01,35,3.085
growth_mom,2022-08-01,35,-0.128
growth_mom,2022-09-01,35,-4.46
growth_mom,2022-10-01,35,2.003
growth_mom,2022-11-01,35,-3.366
growth_mom,2022-12-01,35,0.873
growth_mom,2023-01-01,35,-0.828
growth_mom,2023-02-01,35,-6.813
growth_mom,2023-03-01,35,13.67
growth_mom,2023-04-01,35,-3.279
growth_mom,2023-05-01,35,9.296
growth_mom,2023-06-01,35,-5.334
growth_mom,2023-07-01,35,1.985
growth_mom,2023-08-01,35,0.734
growth_mom,2023-09-01,35,-3.536
growth_mom,2023-10-01,35,5.581
growth_mom,2023-11-01,35,-5.661
growth_mom,2023-12-01,35,1.443
growth_mom,2024-01-01,35,1.648
growth_mom,2024-02-01,35,-4.103
growth_mom,2024-03-01,35,11.103
growth_mom,2024-04-01,35,-3.68
growth_mom,2024-05-01,35,5.667
growth_mom,2024-06-01,35,-6.823
growth_mom,2024-07-01,35,6.232
growth_mom,2024-08-01,35,-1.717
growth_mom,2024-09-01,35,-5.885
growth_mom,2024-10-01,35,5.541
growth_mom,2024-11-01,35,-3.855
growth_mom,2024-12-01,35,1.023
growth_mom,2025-01-01,35,-1.966
growth_mom,2025-02-01,35,-6.572
growth_mom,2025-03-01,35,11.772
growth_mom,2025-04-01,35,-3.158
growth_mom,2025-05-01,35,7.386
growth_mom,2025-06-01,35,-4.618
growth_mom,2025-07-01,35,5.537
growth_mom,2025-08-01,35,-2.114
growth_mom,2025-09-01,35,-4.391
growth_mom,2025-10-01,35,4.502
growth_mom,2025-11-01,35,-3.0
growth_mom,2025-12-01,35,2.216
growth_mom,2026-01-01,35,0.143
growth_mom,2026-02-01,35,-7.966
growth_mom,2026-03-01,35,12.043
growth_mom,2026-04-01,35,2.096
growth_mom,2026-05-01,35,1.3
